environment_key,environment,agent,target_type,target_definition,aggregation_level,bin_index,bin_low,bin_high,n_rows,n_seeds,mean_support_score,observed_target_rate,observed_rate_ci_low,observed_rate_ci_high,bootstrap_available_seed_count,calibration_gap_descriptive,source_file
application_goal_shift,support-final-application-goal-shift,exact_count_gate,episode_success,evaluation episode success indicator,evaluation_episode_clustered_by_seed,0,0.0,0.1,9600,30,0.0,0.06510416666666666,0.0575,0.07385937499999996,30,0.06510416666666666,results/reviewer1_remaining/support_final/execution/application_goal_shift/raw.csv.gz
application_goal_shift,support-final-application-goal-shift,frozen_embedding_s1,episode_success,evaluation episode success indicator,evaluation_episode_clustered_by_seed,0,0.0,0.1,2018,30,0.007940368341939612,0.06059498744262011,0.04611355495115432,0.07522811536638208,30,0.0526546191006805,results/reviewer1_remaining/support_final/execution/application_goal_shift/raw.csv.gz
application_goal_shift,support-final-application-goal-shift,frozen_embedding_s1,episode_success,evaluation episode success indicator,evaluation_episode_clustered_by_seed,1,0.1,0.2,565,22,0.14521963741356858,0.05102204237842534,0.024152748477881455,0.08728767796919391,22,0.09419759503514324,results/reviewer1_remaining/support_final/execution/application_goal_shift/raw.csv.gz
application_goal_shift,support-final-application-goal-shift,frozen_embedding_s1,episode_success,evaluation episode success indicator,evaluation_episode_clustered_by_seed,2,0.2,0.30000000000000004,548,25,0.25271852558384417,0.07409050579050579,0.030457578440078438,0.12969667388167383,25,0.17862801979333837,results/reviewer1_remaining/support_final/execution/application_goal_shift/raw.csv.gz
application_goal_shift,support-final-application-goal-shift,frozen_embedding_s1,episode_success,evaluation episode success indicator,evaluation_episode_clustered_by_seed,3,0.30000000000000004,0.4,1030,28,0.3452649893768341,0.09969670782417174,0.055996090983695825,0.15178656453764017,28,0.24556828155266236,results/reviewer1_remaining/support_final/execution/application_goal_shift/raw.csv.gz
application_goal_shift,support-final-application-goal-shift,frozen_embedding_s1,episode_success,evaluation episode success indicator,evaluation_episode_clustered_by_seed,4,0.4,0.5,548,20,0.4472011633030207,0.03151496119396961,0.01423328891168157,0.0508886588983522,20,0.41568620210905105,results/reviewer1_remaining/support_final/execution/application_goal_shift/raw.csv.gz
application_goal_shift,support-final-application-goal-shift,frozen_embedding_s1,episode_success,evaluation episode success indicator,evaluation_episode_clustered_by_seed,5,0.5,0.6000000000000001,47,3,0.5088447480412956,0.33015873015873015,0.0,0.8000000000000002,3,0.1786860178825655,results/reviewer1_remaining/support_final/execution/application_goal_shift/raw.csv.gz
application_goal_shift,support-final-application-goal-shift,frozen_embedding_s1,episode_success,evaluation episode success indicator,evaluation_episode_clustered_by_seed,6,0.6000000000000001,0.7000000000000001,2,2,0.675887325613479,0.5,0.0,1.0,2,0.17588732561347897,results/reviewer1_remaining/support_final/execution/application_goal_shift/raw.csv.gz
application_goal_shift,support-final-application-goal-shift,frozen_embedding_s1,episode_success,evaluation episode success indicator,evaluation_episode_clustered_by_seed,7,0.7000000000000001,0.8,4842,30,0.7369754935705484,0.4733274388597656,0.43818899714967807,0.5084291693122983,30,0.2636480547107828,results/reviewer1_remaining/support_final/execution/application_goal_shift/raw.csv.gz
application_goal_shift,support-final-application-goal-shift,gaussian_affinity_executed,episode_success,evaluation episode success indicator,evaluation_episode_clustered_by_seed,0,0.0,0.1,1671,30,0.025266963385132936,0.07498034044713092,0.05527229950761825,0.0958621612552468,30,0.049713377061997986,results/reviewer1_remaining/support_final/execution/application_goal_shift/raw.csv.gz
application_goal_shift,support-final-application-goal-shift,gaussian_affinity_executed,episode_success,evaluation episode success indicator,evaluation_episode_clustered_by_seed,1,0.1,0.2,2045,30,0.15899165466002135,0.07143457582011968,0.05347661187810744,0.0917831785545721,30,0.08755707883990167,results/reviewer1_remaining/support_final/execution/application_goal_shift/raw.csv.gz
application_goal_shift,support-final-application-goal-shift,gaussian_affinity_executed,episode_success,evaluation episode success indicator,evaluation_episode_clustered_by_seed,2,0.2,0.30000000000000004,11,7,0.24813390642919061,0.19047619047619047,0.0,0.4761904761904762,7,0.05765771595300015,results/reviewer1_remaining/support_final/execution/application_goal_shift/raw.csv.gz
application_goal_shift,support-final-application-goal-shift,gaussian_affinity_executed,episode_success,evaluation episode success indicator,evaluation_episode_clustered_by_seed,3,0.30000000000000004,0.4,6,5,0.3582383361250638,0.0,0.0,0.0,5,0.3582383361250638,results/reviewer1_remaining/support_final/execution/application_goal_shift/raw.csv.gz
application_goal_shift,support-final-application-goal-shift,gaussian_affinity_executed,episode_success,evaluation episode success indicator,evaluation_episode_clustered_by_seed,4,0.4,0.5,6,6,0.45159903435592713,0.0,0.0,0.0,6,0.45159903435592713,results/reviewer1_remaining/support_final/execution/application_goal_shift/raw.csv.gz
application_goal_shift,support-final-application-goal-shift,gaussian_affinity_executed,episode_success,evaluation episode success indicator,evaluation_episode_clustered_by_seed,5,0.5,0.6000000000000001,27,18,0.5621212292128321,0.1388888888888889,0.0,0.3055555555555556,18,0.42323234032394325,results/reviewer1_remaining/support_final/execution/application_goal_shift/raw.csv.gz
application_goal_shift,support-final-application-goal-shift,gaussian_affinity_executed,episode_success,evaluation episode success indicator,evaluation_episode_clustered_by_seed,6,0.6000000000000001,0.7000000000000001,5834,30,0.6888198815288937,0.4320953015125796,0.40841964720679563,0.4546252367861973,30,0.25672458001631415,results/reviewer1_remaining/support_final/execution/application_goal_shift/raw.csv.gz
application_goal_shift,support-final-application-goal-shift,gaussian_density_s3,episode_success,evaluation episode success indicator,evaluation_episode_clustered_by_seed,0,0.0,0.1,50,18,0.04929248533064541,0.14259259259259258,0.018518518518518517,0.30925925925925923,18,0.09330010726194717,results/reviewer1_remaining/support_final/execution/application_goal_shift/raw.csv.gz
application_goal_shift,support-final-application-goal-shift,gaussian_density_s3,episode_success,evaluation episode success indicator,evaluation_episode_clustered_by_seed,1,0.1,0.2,88,29,0.15529815484102097,0.05459770114942528,0.008620689655172414,0.11494252873563217,29,0.10070045369159569,results/reviewer1_remaining/support_final/execution/application_goal_shift/raw.csv.gz
application_goal_shift,support-final-application-goal-shift,gaussian_density_s3,episode_success,evaluation episode success indicator,evaluation_episode_clustered_by_seed,2,0.2,0.30000000000000004,1010,30,0.2733447806611814,0.09286210967672635,0.07311121144823142,0.1146017092813846,30,0.18048267098445503,results/reviewer1_remaining/support_final/execution/application_goal_shift/raw.csv.gz
application_goal_shift,support-final-application-goal-shift,gaussian_density_s3,episode_success,evaluation episode success indicator,evaluation_episode_clustered_by_seed,3,0.30000000000000004,0.4,575,30,0.3164331301109357,0.00101010101010101,0.0,0.0030303030303030303,30,0.3154230291008347,results/reviewer1_remaining/support_final/execution/application_goal_shift/raw.csv.gz
application_goal_shift,support-final-application-goal-shift,gaussian_density_s3,episode_success,evaluation episode success indicator,evaluation_episode_clustered_by_seed,4,0.4,0.5,38,19,0.46410335926366375,0.07894736842105263,0.0,0.21052631578947367,19,0.3851559908426111,results/reviewer1_remaining/support_final/execution/application_goal_shift/raw.csv.gz
application_goal_shift,support-final-application-goal-shift,gaussian_density_s3,episode_success,evaluation episode success indicator,evaluation_episode_clustered_by_seed,5,0.5,0.6000000000000001,91,26,0.5626509145642503,0.07948717948717948,0.03012820512820513,0.13525641025641025,26,0.48316373507707083,results/reviewer1_remaining/support_final/execution/application_goal_shift/raw.csv.gz
application_goal_shift,support-final-application-goal-shift,gaussian_density_s3,episode_success,evaluation episode success indicator,evaluation_episode_clustered_by_seed,6,0.6000000000000001,0.7000000000000001,1387,30,0.6688458846361127,0.032065874647814054,0.022403761205425015,0.042997138392715996,30,0.6367800099882986,results/reviewer1_remaining/support_final/execution/application_goal_shift/raw.csv.gz
application_goal_shift,support-final-application-goal-shift,gaussian_density_s3,episode_success,evaluation episode success indicator,evaluation_episode_clustered_by_seed,7,0.7000000000000001,0.8,6209,30,0.752911702138201,0.08812989898299897,0.06805694963724025,0.11043142763816684,30,0.6647818031552021,results/reviewer1_remaining/support_final/execution/application_goal_shift/raw.csv.gz
application_goal_shift,support-final-application-goal-shift,gaussian_density_s3,episode_success,evaluation episode success indicator,evaluation_episode_clustered_by_seed,8,0.8,0.9,152,26,0.8020952622582591,0.008241758241758242,0.0,0.021978021978021976,26,0.7938535040165009,results/reviewer1_remaining/support_final/execution/application_goal_shift/raw.csv.gz
application_goal_shift,support-final-application-goal-shift,mahalanobis_s1,episode_success,evaluation episode success indicator,evaluation_episode_clustered_by_seed,0,0.0,0.1,3757,30,0.00029318180067322596,0.09357682130030488,0.08164407004032646,0.1059699506069188,30,0.09328363949963166,results/reviewer1_remaining/support_final/execution/application_goal_shift/raw.csv.gz
application_goal_shift,support-final-application-goal-shift,mahalanobis_s1,episode_success,evaluation episode success indicator,evaluation_episode_clustered_by_seed,1,0.1,0.2,9,8,0.1582432111419233,0.125,0.0,0.375,8,0.0332432111419233,results/reviewer1_remaining/support_final/execution/application_goal_shift/raw.csv.gz
application_goal_shift,support-final-application-goal-shift,mahalanobis_s1,episode_success,evaluation episode success indicator,evaluation_episode_clustered_by_seed,2,0.2,0.30000000000000004,18,11,0.2514185152125532,0.09090909090909091,0.0,0.2727272727272727,11,0.1605094243034623,results/reviewer1_remaining/support_final/execution/application_goal_shift/raw.csv.gz
application_goal_shift,support-final-application-goal-shift,mahalanobis_s1,episode_success,evaluation episode success indicator,evaluation_episode_clustered_by_seed,3,0.30000000000000004,0.4,32,22,0.3442870871295849,0.16969696969696968,0.053030303030303025,0.3060606060606061,22,0.1745901174326152,results/reviewer1_remaining/support_final/execution/application_goal_shift/raw.csv.gz
application_goal_shift,support-final-application-goal-shift,mahalanobis_s1,episode_success,evaluation episode success indicator,evaluation_episode_clustered_by_seed,4,0.4,0.5,23,13,0.4624249322075453,0.0641025641025641,0.0,0.15384615384615385,13,0.39832236810498123,results/reviewer1_remaining/support_final/execution/application_goal_shift/raw.csv.gz
application_goal_shift,support-final-application-goal-shift,mahalanobis_s1,episode_success,evaluation episode success indicator,evaluation_episode_clustered_by_seed,5,0.5,0.6000000000000001,179,26,0.579352982149297,0.13121711621711624,0.06453925241425242,0.21001789876789875,26,0.44813586593218074,results/reviewer1_remaining/support_final/execution/application_goal_shift/raw.csv.gz
application_goal_shift,support-final-application-goal-shift,mahalanobis_s1,episode_success,evaluation episode success indicator,evaluation_episode_clustered_by_seed,6,0.6000000000000001,0.7000000000000001,5582,30,0.6233108709914885,0.5232589123162757,0.4880823800548587,0.5574502783585016,30,0.10005195867521277,results/reviewer1_remaining/support_final/execution/application_goal_shift/raw.csv.gz
application_goal_shift,support-final-application-goal-shift,raw_normalized_s1,episode_success,evaluation episode success indicator,evaluation_episode_clustered_by_seed,0,0.0,0.1,1665,30,0.030936791166095143,0.06146334970090752,0.0472852249292307,0.07755858224455568,30,0.030526558534812377,results/reviewer1_remaining/support_final/execution/application_goal_shift/raw.csv.gz
application_goal_shift,support-final-application-goal-shift,raw_normalized_s1,episode_success,evaluation episode success indicator,evaluation_episode_clustered_by_seed,1,0.1,0.2,2044,30,0.1892871086617411,0.06145355759419505,0.044596898344951154,0.08017886858748147,30,0.12783355106754604,results/reviewer1_remaining/support_final/execution/application_goal_shift/raw.csv.gz
application_goal_shift,support-final-application-goal-shift,raw_normalized_s1,episode_success,evaluation episode success indicator,evaluation_episode_clustered_by_seed,2,0.2,0.30000000000000004,11,8,0.24513192125891783,0.0625,0.0,0.1875,8,0.18263192125891783,results/reviewer1_remaining/support_final/execution/application_goal_shift/raw.csv.gz
application_goal_shift,support-final-application-goal-shift,raw_normalized_s1,episode_success,evaluation episode success indicator,evaluation_episode_clustered_by_seed,3,0.30000000000000004,0.4,9,7,0.3443556896620156,0.0,0.0,0.0,7,0.3443556896620156,results/reviewer1_remaining/support_final/execution/application_goal_shift/raw.csv.gz
application_goal_shift,support-final-application-goal-shift,raw_normalized_s1,episode_success,evaluation episode success indicator,evaluation_episode_clustered_by_seed,4,0.4,0.5,8,7,0.4586568606037549,0.14285714285714285,0.0,0.42857142857142855,7,0.31579971774661203,results/reviewer1_remaining/support_final/execution/application_goal_shift/raw.csv.gz
application_goal_shift,support-final-application-goal-shift,raw_normalized_s1,episode_success,evaluation episode success indicator,evaluation_episode_clustered_by_seed,5,0.5,0.6000000000000001,11,9,0.5550466853379836,0.05555555555555555,0.0,0.16666666666666666,9,0.49949112978242804,results/reviewer1_remaining/support_final/execution/application_goal_shift/raw.csv.gz
application_goal_shift,support-final-application-goal-shift,raw_normalized_s1,episode_success,evaluation episode success indicator,evaluation_episode_clustered_by_seed,6,0.6000000000000001,0.7000000000000001,50,22,0.6645744139056413,0.08712121212121211,0.0,0.19318181818181818,22,0.5774532017844292,results/reviewer1_remaining/support_final/execution/application_goal_shift/raw.csv.gz
application_goal_shift,support-final-application-goal-shift,raw_normalized_s1,episode_success,evaluation episode success indicator,evaluation_episode_clustered_by_seed,7,0.7000000000000001,0.8,5802,30,0.7341998762093387,0.45514201397221943,0.42231619499546447,0.4882711080904734,30,0.27905786223711926,results/reviewer1_remaining/support_final/execution/application_goal_shift/raw.csv.gz
application_goal_shift,support-final-application-goal-shift,tolerance_knn_executed,episode_success,evaluation episode success indicator,evaluation_episode_clustered_by_seed,0,0.0,0.1,3746,30,5.307248366511569e-05,0.08459419164010819,0.0719465566135871,0.0976391318572295,30,0.08454111915644308,results/reviewer1_remaining/support_final/execution/application_goal_shift/raw.csv.gz
application_goal_shift,support-final-application-goal-shift,tolerance_knn_executed,episode_success,evaluation episode success indicator,evaluation_episode_clustered_by_seed,1,0.1,0.2,7,6,0.1360260770975056,0.0,0.0,0.0,6,0.1360260770975056,results/reviewer1_remaining/support_final/execution/application_goal_shift/raw.csv.gz
application_goal_shift,support-final-application-goal-shift,tolerance_knn_executed,episode_success,evaluation episode success indicator,evaluation_episode_clustered_by_seed,2,0.2,0.30000000000000004,8,6,0.23482142857142854,0.0,0.0,0.0,6,0.23482142857142854,results/reviewer1_remaining/support_final/execution/application_goal_shift/raw.csv.gz
application_goal_shift,support-final-application-goal-shift,tolerance_knn_executed,episode_success,evaluation episode success indicator,evaluation_episode_clustered_by_seed,3,0.30000000000000004,0.4,15,9,0.34882098765432096,0.05555555555555555,0.0,0.16666666666666666,9,0.29326543209876543,results/reviewer1_remaining/support_final/execution/application_goal_shift/raw.csv.gz
application_goal_shift,support-final-application-goal-shift,tolerance_knn_executed,episode_success,evaluation episode success indicator,evaluation_episode_clustered_by_seed,4,0.4,0.5,17,10,0.46187649758698646,0.2,0.05,0.4,10,0.26187649758698645,results/reviewer1_remaining/support_final/execution/application_goal_shift/raw.csv.gz
application_goal_shift,support-final-application-goal-shift,tolerance_knn_executed,episode_success,evaluation episode success indicator,evaluation_episode_clustered_by_seed,5,0.5,0.6000000000000001,25,16,0.5374637535696518,0.13020833333333331,0.020833333333333332,0.28125,16,0.4072554202363185,results/reviewer1_remaining/support_final/execution/application_goal_shift/raw.csv.gz
application_goal_shift,support-final-application-goal-shift,tolerance_knn_executed,episode_success,evaluation episode success indicator,evaluation_episode_clustered_by_seed,6,0.6000000000000001,0.7000000000000001,347,30,0.6779633640905001,0.16993134044604635,0.12715667720079485,0.21092267128296538,30,0.5080320236444538,results/reviewer1_remaining/support_final/execution/application_goal_shift/raw.csv.gz
application_goal_shift,support-final-application-goal-shift,tolerance_knn_executed,episode_success,evaluation episode success indicator,evaluation_episode_clustered_by_seed,7,0.7000000000000001,0.8,5435,30,0.7139104255342114,0.4512766177430146,0.42905203939342085,0.4721502856422511,30,0.26263380779119677,results/reviewer1_remaining/support_final/execution/application_goal_shift/raw.csv.gz
independent_observation_shift,support-final-observation-shift,exact_count_gate,episode_success,evaluation episode success indicator,evaluation_episode_clustered_by_seed,0,0.0,0.1,3000,30,0.0,0.19233333333333333,0.1726666666666667,0.21300000000000002,30,0.19233333333333333,results/reviewer1_remaining/support_final/execution/independent_observation_shift/raw.csv.gz
independent_observation_shift,support-final-observation-shift,exact_count_gate,memory_action_correctness_rate,mean correct memory-branch action rate within the episode,evaluation_episode_clustered_by_seed,0,0.0,0.1,2970,30,0.0,0.23059784661765048,0.2071983789269379,0.25407593412828716,30,0.23059784661765048,results/reviewer1_remaining/support_final/execution/independent_observation_shift/raw.csv.gz
independent_observation_shift,support-final-observation-shift,frozen_embedding_s1,episode_success,evaluation episode success indicator,evaluation_episode_clustered_by_seed,6,0.6000000000000001,0.7000000000000001,95,24,0.6882704931876081,0.20089285714285712,0.10763888888888888,0.31547619047619047,24,0.48737763604475104,results/reviewer1_remaining/support_final/execution/independent_observation_shift/raw.csv.gz
independent_observation_shift,support-final-observation-shift,frozen_embedding_s1,episode_success,evaluation episode success indicator,evaluation_episode_clustered_by_seed,7,0.7000000000000001,0.8,2905,30,0.7305191270671318,0.3174222755953256,0.29517423798457804,0.3433610334925262,30,0.41309685147180625,results/reviewer1_remaining/support_final/execution/independent_observation_shift/raw.csv.gz
independent_observation_shift,support-final-observation-shift,frozen_embedding_s1,memory_action_correctness_rate,mean correct memory-branch action rate within the episode,evaluation_episode_clustered_by_seed,6,0.6000000000000001,0.7000000000000001,94,24,0.6882240750880094,0.14608160804008166,0.08628510302712944,0.20778264012054826,24,0.5421424670479278,results/reviewer1_remaining/support_final/execution/independent_observation_shift/raw.csv.gz
independent_observation_shift,support-final-observation-shift,frozen_embedding_s1,memory_action_correctness_rate,mean correct memory-branch action rate within the episode,evaluation_episode_clustered_by_seed,7,0.7000000000000001,0.8,2869,30,0.7305044932784341,0.280157627223839,0.2667209663911927,0.2937466401659907,30,0.4503468660545951,results/reviewer1_remaining/support_final/execution/independent_observation_shift/raw.csv.gz
independent_observation_shift,support-final-observation-shift,gaussian_affinity_executed,episode_success,evaluation episode success indicator,evaluation_episode_clustered_by_seed,5,0.5,0.6000000000000001,12,7,0.5789371546062001,0.0,0.0,0.0,7,0.5789371546062001,results/reviewer1_remaining/support_final/execution/independent_observation_shift/raw.csv.gz
independent_observation_shift,support-final-observation-shift,gaussian_affinity_executed,episode_success,evaluation episode success indicator,evaluation_episode_clustered_by_seed,6,0.6000000000000001,0.7000000000000001,2951,30,0.6787059640038783,0.3151334232268462,0.29264486986617927,0.33976149830745683,30,0.3635725407770321,results/reviewer1_remaining/support_final/execution/independent_observation_shift/raw.csv.gz
independent_observation_shift,support-final-observation-shift,gaussian_affinity_executed,episode_success,evaluation episode success indicator,evaluation_episode_clustered_by_seed,7,0.7000000000000001,0.8,37,18,0.7010710749083184,0.2074074074074074,0.07222222222222223,0.37037037037037035,18,0.49366366750091106,results/reviewer1_remaining/support_final/execution/independent_observation_shift/raw.csv.gz
independent_observation_shift,support-final-observation-shift,gaussian_affinity_executed,memory_action_correctness_rate,mean correct memory-branch action rate within the episode,evaluation_episode_clustered_by_seed,5,0.5,0.6000000000000001,12,7,0.5789371546062001,0.31619260819538864,0.07936507936507937,0.5660498652468903,7,0.26274454641081146,results/reviewer1_remaining/support_final/execution/independent_observation_shift/raw.csv.gz
independent_observation_shift,support-final-observation-shift,gaussian_affinity_executed,memory_action_correctness_rate,mean correct memory-branch action rate within the episode,evaluation_episode_clustered_by_seed,6,0.6000000000000001,0.7000000000000001,2923,30,0.6786560892223094,0.2822143680861709,0.26679847223894226,0.2963038387480338,30,0.39644172113613846,results/reviewer1_remaining/support_final/execution/independent_observation_shift/raw.csv.gz
independent_observation_shift,support-final-observation-shift,gaussian_affinity_executed,memory_action_correctness_rate,mean correct memory-branch action rate within the episode,evaluation_episode_clustered_by_seed,7,0.7000000000000001,0.8,37,18,0.7010710749083184,0.4200261505579118,0.23798059727754034,0.6116355562457987,18,0.2810449243504066,results/reviewer1_remaining/support_final/execution/independent_observation_shift/raw.csv.gz
independent_observation_shift,support-final-observation-shift,gaussian_density_s3,episode_success,evaluation episode success indicator,evaluation_episode_clustered_by_seed,8,0.8,0.9,2,2,0.8865995860073336,0.5,0.0,1.0,2,0.3865995860073336,results/reviewer1_remaining/support_final/execution/independent_observation_shift/raw.csv.gz
independent_observation_shift,support-final-observation-shift,gaussian_density_s3,episode_success,evaluation episode success indicator,evaluation_episode_clustered_by_seed,9,0.9,1.0,2998,30,0.9641037132682532,0.19441077441077442,0.17818484848484845,0.20936641414141413,30,0.7696929388574787,results/reviewer1_remaining/support_final/execution/independent_observation_shift/raw.csv.gz
independent_observation_shift,support-final-observation-shift,gaussian_density_s3,memory_action_correctness_rate,mean correct memory-branch action rate within the episode,evaluation_episode_clustered_by_seed,8,0.8,0.9,2,2,0.8865995860073336,0.5,0.0,1.0,2,0.3865995860073336,results/reviewer1_remaining/support_final/execution/independent_observation_shift/raw.csv.gz
independent_observation_shift,support-final-observation-shift,gaussian_density_s3,memory_action_correctness_rate,mean correct memory-branch action rate within the episode,evaluation_episode_clustered_by_seed,9,0.9,1.0,2954,30,0.9641409184379611,0.1800399650746541,0.17102199158237824,0.18900419025053133,30,0.784100953363307,results/reviewer1_remaining/support_final/execution/independent_observation_shift/raw.csv.gz
independent_observation_shift,support-final-observation-shift,mahalanobis_s1,episode_success,evaluation episode success indicator,evaluation_episode_clustered_by_seed,0,0.0,0.1,29,16,0.07129868486092829,0.13541666666666669,0.020833333333333332,0.2916666666666667,16,0.0641179818057384,results/reviewer1_remaining/support_final/execution/independent_observation_shift/raw.csv.gz
independent_observation_shift,support-final-observation-shift,mahalanobis_s1,episode_success,evaluation episode success indicator,evaluation_episode_clustered_by_seed,1,0.1,0.2,116,29,0.1541005427075009,0.1532840722495895,0.07724343185550081,0.24041461412151052,29,0.0008164704579113891,results/reviewer1_remaining/support_final/execution/independent_observation_shift/raw.csv.gz
independent_observation_shift,support-final-observation-shift,mahalanobis_s1,episode_success,evaluation episode success indicator,evaluation_episode_clustered_by_seed,2,0.2,0.30000000000000004,189,30,0.2540768025161006,0.2831818181818182,0.1995368867243867,0.3799805194805194,30,0.029105015665717604,results/reviewer1_remaining/support_final/execution/independent_observation_shift/raw.csv.gz
independent_observation_shift,support-final-observation-shift,mahalanobis_s1,episode_success,evaluation episode success indicator,evaluation_episode_clustered_by_seed,3,0.30000000000000004,0.4,258,30,0.35339616940241075,0.2986837236837237,0.2416820864320864,0.3624514027639027,30,0.05471244571868705,results/reviewer1_remaining/support_final/execution/independent_observation_shift/raw.csv.gz
independent_observation_shift,support-final-observation-shift,mahalanobis_s1,episode_success,evaluation episode success indicator,evaluation_episode_clustered_by_seed,4,0.4,0.5,608,30,0.45608158094352713,0.3368542120904709,0.29383704830217205,0.3842996521729236,30,0.11922736885305624,results/reviewer1_remaining/support_final/execution/independent_observation_shift/raw.csv.gz
independent_observation_shift,support-final-observation-shift,mahalanobis_s1,episode_success,evaluation episode success indicator,evaluation_episode_clustered_by_seed,5,0.5,0.6000000000000001,1388,30,0.5516046480443547,0.33183691837557594,0.2983790926209632,0.3710556609982979,30,0.21976772966877878,results/reviewer1_remaining/support_final/execution/independent_observation_shift/raw.csv.gz
independent_observation_shift,support-final-observation-shift,mahalanobis_s1,episode_success,evaluation episode success indicator,evaluation_episode_clustered_by_seed,6,0.6000000000000001,0.7000000000000001,411,30,0.6317937608378698,0.3150231579565946,0.26872944974415564,0.3594386214633892,30,0.3167706028812752,results/reviewer1_remaining/support_final/execution/independent_observation_shift/raw.csv.gz
independent_observation_shift,support-final-observation-shift,mahalanobis_s1,episode_success,evaluation episode success indicator,evaluation_episode_clustered_by_seed,7,0.7000000000000001,0.8,1,1,0.7056436580033144,0.0,,,1,0.7056436580033144,results/reviewer1_remaining/support_final/execution/independent_observation_shift/raw.csv.gz
independent_observation_shift,support-final-observation-shift,mahalanobis_s1,memory_action_correctness_rate,mean correct memory-branch action rate within the episode,evaluation_episode_clustered_by_seed,0,0.0,0.1,29,16,0.07129868486092829,0.31414545961417584,0.1364750165541425,0.5010845112103377,16,0.24284677475324756,results/reviewer1_remaining/support_final/execution/independent_observation_shift/raw.csv.gz
independent_observation_shift,support-final-observation-shift,mahalanobis_s1,memory_action_correctness_rate,mean correct memory-branch action rate within the episode,evaluation_episode_clustered_by_seed,1,0.1,0.2,116,29,0.1541005427075009,0.2098882333522739,0.12139821672320274,0.30291203699858943,29,0.055787690644773014,results/reviewer1_remaining/support_final/execution/independent_observation_shift/raw.csv.gz
independent_observation_shift,support-final-observation-shift,mahalanobis_s1,memory_action_correctness_rate,mean correct memory-branch action rate within the episode,evaluation_episode_clustered_by_seed,2,0.2,0.30000000000000004,186,30,0.2534791871320693,0.2889879361444471,0.22850244513293275,0.35693030208804255,30,0.03550874901237783,results/reviewer1_remaining/support_final/execution/independent_observation_shift/raw.csv.gz
independent_observation_shift,support-final-observation-shift,mahalanobis_s1,memory_action_correctness_rate,mean correct memory-branch action rate within the episode,evaluation_episode_clustered_by_seed,3,0.30000000000000004,0.4,257,30,0.3533967995361794,0.22944781715334434,0.18439961883568032,0.27815056025730855,30,0.12394898238283508,results/reviewer1_remaining/support_final/execution/independent_observation_shift/raw.csv.gz
independent_observation_shift,support-final-observation-shift,mahalanobis_s1,memory_action_correctness_rate,mean correct memory-branch action rate within the episode,evaluation_episode_clustered_by_seed,4,0.4,0.5,601,30,0.45604520302525253,0.2849079270684696,0.24902713728176123,0.32386091233029185,30,0.1711372759567829,results/reviewer1_remaining/support_final/execution/independent_observation_shift/raw.csv.gz
independent_observation_shift,support-final-observation-shift,mahalanobis_s1,memory_action_correctness_rate,mean correct memory-branch action rate within the episode,evaluation_episode_clustered_by_seed,5,0.5,0.6000000000000001,1367,30,0.5515595849173319,0.334341673433604,0.3069409559256834,0.36173262633019065,30,0.21721791148372793,results/reviewer1_remaining/support_final/execution/independent_observation_shift/raw.csv.gz
independent_observation_shift,support-final-observation-shift,mahalanobis_s1,memory_action_correctness_rate,mean correct memory-branch action rate within the episode,evaluation_episode_clustered_by_seed,6,0.6000000000000001,0.7000000000000001,407,30,0.6317938824494933,0.37219317679674213,0.32844799726298624,0.4200463201133214,30,0.2596007056527512,results/reviewer1_remaining/support_final/execution/independent_observation_shift/raw.csv.gz
independent_observation_shift,support-final-observation-shift,mahalanobis_s1,memory_action_correctness_rate,mean correct memory-branch action rate within the episode,evaluation_episode_clustered_by_seed,7,0.7000000000000001,0.8,1,1,0.7056436580033144,0.0,,,1,0.7056436580033144,results/reviewer1_remaining/support_final/execution/independent_observation_shift/raw.csv.gz
independent_observation_shift,support-final-observation-shift,raw_normalized_s1,episode_success,evaluation episode success indicator,evaluation_episode_clustered_by_seed,5,0.5,0.6000000000000001,1,1,0.5857907455250861,1.0,,,1,0.41420925447491386,results/reviewer1_remaining/support_final/execution/independent_observation_shift/raw.csv.gz
independent_observation_shift,support-final-observation-shift,raw_normalized_s1,episode_success,evaluation episode success indicator,evaluation_episode_clustered_by_seed,6,0.6000000000000001,0.7000000000000001,211,30,0.6853104836311149,0.2314727810316045,0.16536747022041137,0.3064662556941969,30,0.4538377025995104,results/reviewer1_remaining/support_final/execution/independent_observation_shift/raw.csv.gz
independent_observation_shift,support-final-observation-shift,raw_normalized_s1,episode_success,evaluation episode success indicator,evaluation_episode_clustered_by_seed,7,0.7000000000000001,0.8,2788,30,0.7269889504051471,0.33560641674907526,0.30922030055756217,0.36452513808515996,30,0.39138253365607184,results/reviewer1_remaining/support_final/execution/independent_observation_shift/raw.csv.gz
independent_observation_shift,support-final-observation-shift,raw_normalized_s1,memory_action_correctness_rate,mean correct memory-branch action rate within the episode,evaluation_episode_clustered_by_seed,5,0.5,0.6000000000000001,1,1,0.5857907455250861,0.0625,,,1,0.5232907455250861,results/reviewer1_remaining/support_final/execution/independent_observation_shift/raw.csv.gz
independent_observation_shift,support-final-observation-shift,raw_normalized_s1,memory_action_correctness_rate,mean correct memory-branch action rate within the episode,evaluation_episode_clustered_by_seed,6,0.6000000000000001,0.7000000000000001,207,30,0.6854637757760829,0.1894400873601709,0.1414039592746217,0.2360954139973504,30,0.49602368841591193,results/reviewer1_remaining/support_final/execution/independent_observation_shift/raw.csv.gz
independent_observation_shift,support-final-observation-shift,raw_normalized_s1,memory_action_correctness_rate,mean correct memory-branch action rate within the episode,evaluation_episode_clustered_by_seed,7,0.7000000000000001,0.8,2758,30,0.7270017102590295,0.29118863155535757,0.2723246471156593,0.3111255412292756,30,0.4358130787036719,results/reviewer1_remaining/support_final/execution/independent_observation_shift/raw.csv.gz
independent_observation_shift,support-final-observation-shift,tolerance_knn_executed,episode_success,evaluation episode success indicator,evaluation_episode_clustered_by_seed,0,0.0,0.1,89,26,0.020069306261821657,0.1376068376068376,0.061955128205128204,0.2329113247863247,26,0.11753753134501593,results/reviewer1_remaining/support_final/execution/independent_observation_shift/raw.csv.gz
independent_observation_shift,support-final-observation-shift,tolerance_knn_executed,episode_success,evaluation episode success indicator,evaluation_episode_clustered_by_seed,1,0.1,0.2,33,20,0.1571934105720684,0.2958333333333333,0.125,0.4833333333333333,20,0.13863992276126488,results/reviewer1_remaining/support_final/execution/independent_observation_shift/raw.csv.gz
independent_observation_shift,support-final-observation-shift,tolerance_knn_executed,episode_success,evaluation episode success indicator,evaluation_episode_clustered_by_seed,2,0.2,0.30000000000000004,47,23,0.2514061783815676,0.3115942028985507,0.16666666666666666,0.4710144927536231,23,0.06018802451698313,results/reviewer1_remaining/support_final/execution/independent_observation_shift/raw.csv.gz
independent_observation_shift,support-final-observation-shift,tolerance_knn_executed,episode_success,evaluation episode success indicator,evaluation_episode_clustered_by_seed,3,0.30000000000000004,0.4,88,27,0.34876026309569585,0.24382716049382716,0.15555555555555553,0.33271604938271593,27,0.1049331026018687,results/reviewer1_remaining/support_final/execution/independent_observation_shift/raw.csv.gz
independent_observation_shift,support-final-observation-shift,tolerance_knn_executed,episode_success,evaluation episode success indicator,evaluation_episode_clustered_by_seed,4,0.4,0.5,99,30,0.4557534111223025,0.23,0.14776388888888892,0.3233333333333333,30,0.2257534111223025,results/reviewer1_remaining/support_final/execution/independent_observation_shift/raw.csv.gz
independent_observation_shift,support-final-observation-shift,tolerance_knn_executed,episode_success,evaluation episode success indicator,evaluation_episode_clustered_by_seed,5,0.5,0.6000000000000001,226,30,0.5562653339371345,0.3146626984126984,0.25107556216931215,0.3840949074074074,30,0.24160263552443612,results/reviewer1_remaining/support_final/execution/independent_observation_shift/raw.csv.gz
independent_observation_shift,support-final-observation-shift,tolerance_knn_executed,episode_success,evaluation episode success indicator,evaluation_episode_clustered_by_seed,6,0.6000000000000001,0.7000000000000001,684,30,0.6593007141836253,0.3217448741713254,0.2813646920033028,0.359142724272328,30,0.33755584001229993,results/reviewer1_remaining/support_final/execution/independent_observation_shift/raw.csv.gz
independent_observation_shift,support-final-observation-shift,tolerance_knn_executed,episode_success,evaluation episode success indicator,evaluation_episode_clustered_by_seed,7,0.7000000000000001,0.8,1734,30,0.7133176185401577,0.3289674594964451,0.2878180144812818,0.37053127028400906,30,0.3843501590437126,results/reviewer1_remaining/support_final/execution/independent_observation_shift/raw.csv.gz
independent_observation_shift,support-final-observation-shift,tolerance_knn_executed,memory_action_correctness_rate,mean correct memory-branch action rate within the episode,evaluation_episode_clustered_by_seed,0,0.0,0.1,85,26,0.020817665772181894,0.26675193679549314,0.1684534563906374,0.36732611574251733,26,0.24593427102331125,results/reviewer1_remaining/support_final/execution/independent_observation_shift/raw.csv.gz
independent_observation_shift,support-final-observation-shift,tolerance_knn_executed,memory_action_correctness_rate,mean correct memory-branch action rate within the episode,evaluation_episode_clustered_by_seed,1,0.1,0.2,33,20,0.1571934105720684,0.08035857758360837,0.026266864016626652,0.14796881366200504,20,0.07683483298846003,results/reviewer1_remaining/support_final/execution/independent_observation_shift/raw.csv.gz
independent_observation_shift,support-final-observation-shift,tolerance_knn_executed,memory_action_correctness_rate,mean correct memory-branch action rate within the episode,evaluation_episode_clustered_by_seed,2,0.2,0.30000000000000004,47,23,0.2514061783815676,0.16197848568250608,0.10336560563752645,0.2228988148985173,23,0.0894276926990615,results/reviewer1_remaining/support_final/execution/independent_observation_shift/raw.csv.gz
independent_observation_shift,support-final-observation-shift,tolerance_knn_executed,memory_action_correctness_rate,mean correct memory-branch action rate within the episode,evaluation_episode_clustered_by_seed,3,0.30000000000000004,0.4,87,27,0.3488178523266808,0.19055387493989492,0.12619116140020875,0.26255450433468097,27,0.15826397738678585,results/reviewer1_remaining/support_final/execution/independent_observation_shift/raw.csv.gz
independent_observation_shift,support-final-observation-shift,tolerance_knn_executed,memory_action_correctness_rate,mean correct memory-branch action rate within the episode,evaluation_episode_clustered_by_seed,4,0.4,0.5,98,30,0.45612036769838044,0.18894958099728562,0.11611317556174247,0.2655838396657671,30,0.26717078670109484,results/reviewer1_remaining/support_final/execution/independent_observation_shift/raw.csv.gz
independent_observation_shift,support-final-observation-shift,tolerance_knn_executed,memory_action_correctness_rate,mean correct memory-branch action rate within the episode,evaluation_episode_clustered_by_seed,5,0.5,0.6000000000000001,225,30,0.5564987354212996,0.2543148694167963,0.20829987011440443,0.30042887549613645,30,0.30218386600450325,results/reviewer1_remaining/support_final/execution/independent_observation_shift/raw.csv.gz
independent_observation_shift,support-final-observation-shift,tolerance_knn_executed,memory_action_correctness_rate,mean correct memory-branch action rate within the episode,evaluation_episode_clustered_by_seed,6,0.6000000000000001,0.7000000000000001,679,30,0.6593769607639802,0.2634802551752217,0.23079763185511828,0.29760797273534906,30,0.3958967055887585,results/reviewer1_remaining/support_final/execution/independent_observation_shift/raw.csv.gz
independent_observation_shift,support-final-observation-shift,tolerance_knn_executed,memory_action_correctness_rate,mean correct memory-branch action rate within the episode,evaluation_episode_clustered_by_seed,7,0.7000000000000001,0.8,1716,30,0.71330746368968,0.30264860479409583,0.28617903547141504,0.3186685009406382,30,0.4106588588955842,results/reviewer1_remaining/support_final/execution/independent_observation_shift/raw.csv.gz
independent_transition_dynamics_shift,support-final-transition-dynamics-shift,exact_count_gate,episode_success,evaluation episode success indicator,evaluation_episode_clustered_by_seed,0,0.0,0.1,3000,30,0.0,0.36866666666666664,0.34766666666666673,0.38833333333333336,30,0.36866666666666664,results/reviewer1_remaining/support_final/execution/independent_transition_dynamics_shift/raw.csv.gz
independent_transition_dynamics_shift,support-final-transition-dynamics-shift,exact_count_gate,memory_action_correctness_rate,mean correct memory-branch action rate within the episode,evaluation_episode_clustered_by_seed,0,0.0,0.1,2994,30,0.0,0.24864867993269232,0.22634385278563232,0.2725032600309942,30,0.24864867993269232,results/reviewer1_remaining/support_final/execution/independent_transition_dynamics_shift/raw.csv.gz
independent_transition_dynamics_shift,support-final-transition-dynamics-shift,frozen_embedding_s1,episode_success,evaluation episode success indicator,evaluation_episode_clustered_by_seed,5,0.5,0.6000000000000001,1,1,0.599206464733437,0.0,,,1,0.599206464733437,results/reviewer1_remaining/support_final/execution/independent_transition_dynamics_shift/raw.csv.gz
independent_transition_dynamics_shift,support-final-transition-dynamics-shift,frozen_embedding_s1,episode_success,evaluation episode success indicator,evaluation_episode_clustered_by_seed,6,0.6000000000000001,0.7000000000000001,103,22,0.68589845956904,0.3416666666666667,0.23203463203463207,0.4556277056277056,22,0.3442317929023734,results/reviewer1_remaining/support_final/execution/independent_transition_dynamics_shift/raw.csv.gz
independent_transition_dynamics_shift,support-final-transition-dynamics-shift,frozen_embedding_s1,episode_success,evaluation episode success indicator,evaluation_episode_clustered_by_seed,7,0.7000000000000001,0.8,2896,30,0.7293819036196537,0.4862893585656832,0.455926943302345,0.5171185228041092,30,0.2430925450539705,results/reviewer1_remaining/support_final/execution/independent_transition_dynamics_shift/raw.csv.gz
independent_transition_dynamics_shift,support-final-transition-dynamics-shift,frozen_embedding_s1,memory_action_correctness_rate,mean correct memory-branch action rate within the episode,evaluation_episode_clustered_by_seed,5,0.5,0.6000000000000001,1,1,0.599206464733437,0.0,,,1,0.599206464733437,results/reviewer1_remaining/support_final/execution/independent_transition_dynamics_shift/raw.csv.gz
independent_transition_dynamics_shift,support-final-transition-dynamics-shift,frozen_embedding_s1,memory_action_correctness_rate,mean correct memory-branch action rate within the episode,evaluation_episode_clustered_by_seed,6,0.6000000000000001,0.7000000000000001,103,22,0.68589845956904,0.2906457506498158,0.18595637211624422,0.4081909004922341,22,0.39525270891922426,results/reviewer1_remaining/support_final/execution/independent_transition_dynamics_shift/raw.csv.gz
independent_transition_dynamics_shift,support-final-transition-dynamics-shift,frozen_embedding_s1,memory_action_correctness_rate,mean correct memory-branch action rate within the episode,evaluation_episode_clustered_by_seed,7,0.7000000000000001,0.8,2895,30,0.729390300432612,0.3190156783136249,0.30398026930034994,0.33466285128910983,30,0.4103746221189871,results/reviewer1_remaining/support_final/execution/independent_transition_dynamics_shift/raw.csv.gz
independent_transition_dynamics_shift,support-final-transition-dynamics-shift,gaussian_affinity_executed,episode_success,evaluation episode success indicator,evaluation_episode_clustered_by_seed,5,0.5,0.6000000000000001,33,16,0.5797955345388945,0.40208333333333335,0.225,0.5958333333333333,16,0.1777122012055612,results/reviewer1_remaining/support_final/execution/independent_transition_dynamics_shift/raw.csv.gz
independent_transition_dynamics_shift,support-final-transition-dynamics-shift,gaussian_affinity_executed,episode_success,evaluation episode success indicator,evaluation_episode_clustered_by_seed,6,0.6000000000000001,0.7000000000000001,2967,30,0.6748708672318442,0.4984137811018673,0.464947884926125,0.5325828984270228,30,0.1764570861299769,results/reviewer1_remaining/support_final/execution/independent_transition_dynamics_shift/raw.csv.gz
independent_transition_dynamics_shift,support-final-transition-dynamics-shift,gaussian_affinity_executed,memory_action_correctness_rate,mean correct memory-branch action rate within the episode,evaluation_episode_clustered_by_seed,5,0.5,0.6000000000000001,33,16,0.5797955345388945,0.24036881821943845,0.14901030159273693,0.3334839950294586,16,0.3394267163194561,results/reviewer1_remaining/support_final/execution/independent_transition_dynamics_shift/raw.csv.gz
independent_transition_dynamics_shift,support-final-transition-dynamics-shift,gaussian_affinity_executed,memory_action_correctness_rate,mean correct memory-branch action rate within the episode,evaluation_episode_clustered_by_seed,6,0.6000000000000001,0.7000000000000001,2966,30,0.6748783231073269,0.3248585859080006,0.31278393938417176,0.33680177092726715,30,0.3500197371993263,results/reviewer1_remaining/support_final/execution/independent_transition_dynamics_shift/raw.csv.gz
independent_transition_dynamics_shift,support-final-transition-dynamics-shift,gaussian_density_s3,episode_success,evaluation episode success indicator,evaluation_episode_clustered_by_seed,8,0.8,0.9,13,6,0.8857855274741344,0.5416666666666666,0.20833333333333334,0.8333333333333334,6,0.3441188608074678,results/reviewer1_remaining/support_final/execution/independent_transition_dynamics_shift/raw.csv.gz
independent_transition_dynamics_shift,support-final-transition-dynamics-shift,gaussian_density_s3,episode_success,evaluation episode success indicator,evaluation_episode_clustered_by_seed,9,0.9,1.0,2987,30,0.9554158615643059,0.35428650450079024,0.33234444100872673,0.37867096818525386,30,0.6011293570635157,results/reviewer1_remaining/support_final/execution/independent_transition_dynamics_shift/raw.csv.gz
independent_transition_dynamics_shift,support-final-transition-dynamics-shift,gaussian_density_s3,memory_action_correctness_rate,mean correct memory-branch action rate within the episode,evaluation_episode_clustered_by_seed,8,0.8,0.9,13,6,0.8857855274741344,0.29149002250374884,0.16442240104692288,0.39007609552164,6,0.5942955049703855,results/reviewer1_remaining/support_final/execution/independent_transition_dynamics_shift/raw.csv.gz
independent_transition_dynamics_shift,support-final-transition-dynamics-shift,gaussian_density_s3,memory_action_correctness_rate,mean correct memory-branch action rate within the episode,evaluation_episode_clustered_by_seed,9,0.9,1.0,2985,30,0.9554177751115636,0.1977124977705223,0.1902443110386146,0.20562520053355698,30,0.7577052773410413,results/reviewer1_remaining/support_final/execution/independent_transition_dynamics_shift/raw.csv.gz
independent_transition_dynamics_shift,support-final-transition-dynamics-shift,mahalanobis_s1,episode_success,evaluation episode success indicator,evaluation_episode_clustered_by_seed,0,0.0,0.1,36,20,0.05146996485815888,0.275,0.125,0.45,20,0.22353003514184114,results/reviewer1_remaining/support_final/execution/independent_transition_dynamics_shift/raw.csv.gz
independent_transition_dynamics_shift,support-final-transition-dynamics-shift,mahalanobis_s1,episode_success,evaluation episode success indicator,evaluation_episode_clustered_by_seed,1,0.1,0.2,102,27,0.15974610893352398,0.2902263374485597,0.19485339506172838,0.3950668724279835,27,0.1304802285150357,results/reviewer1_remaining/support_final/execution/independent_transition_dynamics_shift/raw.csv.gz
independent_transition_dynamics_shift,support-final-transition-dynamics-shift,mahalanobis_s1,episode_success,evaluation episode success indicator,evaluation_episode_clustered_by_seed,2,0.2,0.30000000000000004,168,30,0.25267623482547713,0.4879834054834056,0.4053501984126984,0.5716756854256854,30,0.23530717065792844,results/reviewer1_remaining/support_final/execution/independent_transition_dynamics_shift/raw.csv.gz
independent_transition_dynamics_shift,support-final-transition-dynamics-shift,mahalanobis_s1,episode_success,evaluation episode success indicator,evaluation_episode_clustered_by_seed,3,0.30000000000000004,0.4,534,30,0.35926210747717596,0.42858788180655194,0.37973224451261534,0.4734815587953534,30,0.06932577432937598,results/reviewer1_remaining/support_final/execution/independent_transition_dynamics_shift/raw.csv.gz
independent_transition_dynamics_shift,support-final-transition-dynamics-shift,mahalanobis_s1,episode_success,evaluation episode success indicator,evaluation_episode_clustered_by_seed,4,0.4,0.5,722,30,0.44891971569200617,0.4965529942440154,0.45046013237017796,0.5389600373646418,30,0.04763327855200922,results/reviewer1_remaining/support_final/execution/independent_transition_dynamics_shift/raw.csv.gz
independent_transition_dynamics_shift,support-final-transition-dynamics-shift,mahalanobis_s1,episode_success,evaluation episode success indicator,evaluation_episode_clustered_by_seed,5,0.5,0.6000000000000001,609,30,0.5545677435608981,0.5110687043812409,0.45507117710303535,0.5670014251905786,30,0.04349903917965725,results/reviewer1_remaining/support_final/execution/independent_transition_dynamics_shift/raw.csv.gz
independent_transition_dynamics_shift,support-final-transition-dynamics-shift,mahalanobis_s1,episode_success,evaluation episode success indicator,evaluation_episode_clustered_by_seed,6,0.6000000000000001,0.7000000000000001,829,30,0.6197493246335567,0.46552200733699167,0.4251650986326646,0.5053025644319571,30,0.15422731729656503,results/reviewer1_remaining/support_final/execution/independent_transition_dynamics_shift/raw.csv.gz
independent_transition_dynamics_shift,support-final-transition-dynamics-shift,mahalanobis_s1,memory_action_correctness_rate,mean correct memory-branch action rate within the episode,evaluation_episode_clustered_by_seed,0,0.0,0.1,35,20,0.050373561445218866,0.23728205328250435,0.12128375337516192,0.3704763857136684,20,0.18690849183728547,results/reviewer1_remaining/support_final/execution/independent_transition_dynamics_shift/raw.csv.gz
independent_transition_dynamics_shift,support-final-transition-dynamics-shift,mahalanobis_s1,memory_action_correctness_rate,mean correct memory-branch action rate within the episode,evaluation_episode_clustered_by_seed,1,0.1,0.2,102,27,0.15974610893352398,0.1466327361668129,0.10623524151272622,0.18905726575225307,27,0.013113372766711068,results/reviewer1_remaining/support_final/execution/independent_transition_dynamics_shift/raw.csv.gz
independent_transition_dynamics_shift,support-final-transition-dynamics-shift,mahalanobis_s1,memory_action_correctness_rate,mean correct memory-branch action rate within the episode,evaluation_episode_clustered_by_seed,2,0.2,0.30000000000000004,168,30,0.25267623482547713,0.27311907763387405,0.2220950182399424,0.31999996527717445,30,0.02044284280839692,results/reviewer1_remaining/support_final/execution/independent_transition_dynamics_shift/raw.csv.gz
independent_transition_dynamics_shift,support-final-transition-dynamics-shift,mahalanobis_s1,memory_action_correctness_rate,mean correct memory-branch action rate within the episode,evaluation_episode_clustered_by_seed,3,0.30000000000000004,0.4,534,30,0.35926210747717596,0.3049321713273127,0.28141092577569543,0.3285941106480501,30,0.054329936149863256,results/reviewer1_remaining/support_final/execution/independent_transition_dynamics_shift/raw.csv.gz
independent_transition_dynamics_shift,support-final-transition-dynamics-shift,mahalanobis_s1,memory_action_correctness_rate,mean correct memory-branch action rate within the episode,evaluation_episode_clustered_by_seed,4,0.4,0.5,722,30,0.44891971569200617,0.33542713176961175,0.3125260179526687,0.35890367300542186,30,0.11349258392239442,results/reviewer1_remaining/support_final/execution/independent_transition_dynamics_shift/raw.csv.gz
independent_transition_dynamics_shift,support-final-transition-dynamics-shift,mahalanobis_s1,memory_action_correctness_rate,mean correct memory-branch action rate within the episode,evaluation_episode_clustered_by_seed,5,0.5,0.6000000000000001,609,30,0.5545677435608981,0.3356546361470278,0.31389879293188294,0.3571902519226404,30,0.21891310741387032,results/reviewer1_remaining/support_final/execution/independent_transition_dynamics_shift/raw.csv.gz
independent_transition_dynamics_shift,support-final-transition-dynamics-shift,mahalanobis_s1,memory_action_correctness_rate,mean correct memory-branch action rate within the episode,evaluation_episode_clustered_by_seed,6,0.6000000000000001,0.7000000000000001,828,30,0.6197456486829148,0.38666192426452306,0.36027609011889644,0.4139531378459156,30,0.23308372441839176,results/reviewer1_remaining/support_final/execution/independent_transition_dynamics_shift/raw.csv.gz
independent_transition_dynamics_shift,support-final-transition-dynamics-shift,raw_normalized_s1,episode_success,evaluation episode success indicator,evaluation_episode_clustered_by_seed,5,0.5,0.6000000000000001,1,1,0.5941629983894346,0.0,,,1,0.5941629983894346,results/reviewer1_remaining/support_final/execution/independent_transition_dynamics_shift/raw.csv.gz
independent_transition_dynamics_shift,support-final-transition-dynamics-shift,raw_normalized_s1,episode_success,evaluation episode success indicator,evaluation_episode_clustered_by_seed,6,0.6000000000000001,0.7000000000000001,242,30,0.6810524584682843,0.44698893698893705,0.3600011724386724,0.5437507816257816,30,0.23406352147934728,results/reviewer1_remaining/support_final/execution/independent_transition_dynamics_shift/raw.csv.gz
independent_transition_dynamics_shift,support-final-transition-dynamics-shift,raw_normalized_s1,episode_success,evaluation episode success indicator,evaluation_episode_clustered_by_seed,7,0.7000000000000001,0.8,2757,30,0.7235147048650536,0.49450588094169834,0.45503518243287183,0.533481875116581,30,0.2290088239233553,results/reviewer1_remaining/support_final/execution/independent_transition_dynamics_shift/raw.csv.gz
independent_transition_dynamics_shift,support-final-transition-dynamics-shift,raw_normalized_s1,memory_action_correctness_rate,mean correct memory-branch action rate within the episode,evaluation_episode_clustered_by_seed,5,0.5,0.6000000000000001,1,1,0.5941629983894346,0.0,,,1,0.5941629983894346,results/reviewer1_remaining/support_final/execution/independent_transition_dynamics_shift/raw.csv.gz
independent_transition_dynamics_shift,support-final-transition-dynamics-shift,raw_normalized_s1,memory_action_correctness_rate,mean correct memory-branch action rate within the episode,evaluation_episode_clustered_by_seed,6,0.6000000000000001,0.7000000000000001,242,30,0.6810524584682843,0.2693149386697128,0.22840159575411828,0.3111934792403185,30,0.41173751979857154,results/reviewer1_remaining/support_final/execution/independent_transition_dynamics_shift/raw.csv.gz
independent_transition_dynamics_shift,support-final-transition-dynamics-shift,raw_normalized_s1,memory_action_correctness_rate,mean correct memory-branch action rate within the episode,evaluation_episode_clustered_by_seed,7,0.7000000000000001,0.8,2756,30,0.7235113596578814,0.3290386600688167,0.3134512139296275,0.3430464663036227,30,0.39447269958906467,results/reviewer1_remaining/support_final/execution/independent_transition_dynamics_shift/raw.csv.gz
independent_transition_dynamics_shift,support-final-transition-dynamics-shift,tolerance_knn_executed,episode_success,evaluation episode success indicator,evaluation_episode_clustered_by_seed,0,0.0,0.1,28,17,0.03859671500179016,0.17647058823529413,0.0,0.35294117647058826,17,0.13787387323350397,results/reviewer1_remaining/support_final/execution/independent_transition_dynamics_shift/raw.csv.gz
independent_transition_dynamics_shift,support-final-transition-dynamics-shift,tolerance_knn_executed,episode_success,evaluation episode success indicator,evaluation_episode_clustered_by_seed,1,0.1,0.2,15,11,0.15138357946350872,0.5454545454545454,0.2727272727272727,0.8181818181818182,11,0.3940709659910367,results/reviewer1_remaining/support_final/execution/independent_transition_dynamics_shift/raw.csv.gz
independent_transition_dynamics_shift,support-final-transition-dynamics-shift,tolerance_knn_executed,episode_success,evaluation episode success indicator,evaluation_episode_clustered_by_seed,2,0.2,0.30000000000000004,18,12,0.25675424456094187,0.4583333333333333,0.20833333333333334,0.7093749999999943,12,0.20157908877239145,results/reviewer1_remaining/support_final/execution/independent_transition_dynamics_shift/raw.csv.gz
independent_transition_dynamics_shift,support-final-transition-dynamics-shift,tolerance_knn_executed,episode_success,evaluation episode success indicator,evaluation_episode_clustered_by_seed,3,0.30000000000000004,0.4,58,21,0.35004339439870574,0.4928571428571428,0.33331349206349203,0.666706349206349,21,0.14281374845843708,results/reviewer1_remaining/support_final/execution/independent_transition_dynamics_shift/raw.csv.gz
independent_transition_dynamics_shift,support-final-transition-dynamics-shift,tolerance_knn_executed,episode_success,evaluation episode success indicator,evaluation_episode_clustered_by_seed,4,0.4,0.5,73,30,0.459087481420023,0.5072222222222221,0.3744305555555556,0.6366666666666666,30,0.04813474080219915,results/reviewer1_remaining/support_final/execution/independent_transition_dynamics_shift/raw.csv.gz
independent_transition_dynamics_shift,support-final-transition-dynamics-shift,tolerance_knn_executed,episode_success,evaluation episode success indicator,evaluation_episode_clustered_by_seed,5,0.5,0.6000000000000001,131,30,0.5523739900390221,0.5523015873015873,0.44547420634920637,0.6607202380952382,30,7.240273743480685e-05,results/reviewer1_remaining/support_final/execution/independent_transition_dynamics_shift/raw.csv.gz
independent_transition_dynamics_shift,support-final-transition-dynamics-shift,tolerance_knn_executed,episode_success,evaluation episode success indicator,evaluation_episode_clustered_by_seed,6,0.6000000000000001,0.7000000000000001,601,30,0.6643057314901863,0.4455161933510568,0.39556290117111564,0.4931528548500035,30,0.21878953813912955,results/reviewer1_remaining/support_final/execution/independent_transition_dynamics_shift/raw.csv.gz
independent_transition_dynamics_shift,support-final-transition-dynamics-shift,tolerance_knn_executed,episode_success,evaluation episode success indicator,evaluation_episode_clustered_by_seed,7,0.7000000000000001,0.8,2076,30,0.713268953566471,0.5263018271996563,0.4838994560147994,0.5616983144603415,30,0.18696712636681467,results/reviewer1_remaining/support_final/execution/independent_transition_dynamics_shift/raw.csv.gz
independent_transition_dynamics_shift,support-final-transition-dynamics-shift,tolerance_knn_executed,memory_action_correctness_rate,mean correct memory-branch action rate within the episode,evaluation_episode_clustered_by_seed,0,0.0,0.1,28,17,0.03859671500179016,0.29128288863742496,0.1334081930342901,0.4643095968221411,17,0.2526861736356348,results/reviewer1_remaining/support_final/execution/independent_transition_dynamics_shift/raw.csv.gz
independent_transition_dynamics_shift,support-final-transition-dynamics-shift,tolerance_knn_executed,memory_action_correctness_rate,mean correct memory-branch action rate within the episode,evaluation_episode_clustered_by_seed,1,0.1,0.2,15,11,0.15138357946350872,0.28367202890326154,0.15955964867238495,0.4057035427666533,11,0.13228844943975282,results/reviewer1_remaining/support_final/execution/independent_transition_dynamics_shift/raw.csv.gz
independent_transition_dynamics_shift,support-final-transition-dynamics-shift,tolerance_knn_executed,memory_action_correctness_rate,mean correct memory-branch action rate within the episode,evaluation_episode_clustered_by_seed,2,0.2,0.30000000000000004,18,12,0.25675424456094187,0.24665909816113232,0.1376109761583485,0.3867829878565828,12,0.010095146399809546,results/reviewer1_remaining/support_final/execution/independent_transition_dynamics_shift/raw.csv.gz
independent_transition_dynamics_shift,support-final-transition-dynamics-shift,tolerance_knn_executed,memory_action_correctness_rate,mean correct memory-branch action rate within the episode,evaluation_episode_clustered_by_seed,3,0.30000000000000004,0.4,58,21,0.35004339439870574,0.327214471659314,0.23661255198123768,0.43352254195115036,21,0.022828922739391744,results/reviewer1_remaining/support_final/execution/independent_transition_dynamics_shift/raw.csv.gz
independent_transition_dynamics_shift,support-final-transition-dynamics-shift,tolerance_knn_executed,memory_action_correctness_rate,mean correct memory-branch action rate within the episode,evaluation_episode_clustered_by_seed,4,0.4,0.5,73,30,0.459087481420023,0.2514811197947258,0.18450218580868,0.33323949538517944,30,0.20760636162529716,results/reviewer1_remaining/support_final/execution/independent_transition_dynamics_shift/raw.csv.gz
independent_transition_dynamics_shift,support-final-transition-dynamics-shift,tolerance_knn_executed,memory_action_correctness_rate,mean correct memory-branch action rate within the episode,evaluation_episode_clustered_by_seed,5,0.5,0.6000000000000001,131,30,0.5523739900390221,0.26457026817061396,0.21822607380189657,0.31276052394907883,30,0.28780372186840814,results/reviewer1_remaining/support_final/execution/independent_transition_dynamics_shift/raw.csv.gz
independent_transition_dynamics_shift,support-final-transition-dynamics-shift,tolerance_knn_executed,memory_action_correctness_rate,mean correct memory-branch action rate within the episode,evaluation_episode_clustered_by_seed,6,0.6000000000000001,0.7000000000000001,601,30,0.6643057314901863,0.2750715382569471,0.2468985567881018,0.3042171747672817,30,0.38923419323323927,results/reviewer1_remaining/support_final/execution/independent_transition_dynamics_shift/raw.csv.gz
independent_transition_dynamics_shift,support-final-transition-dynamics-shift,tolerance_knn_executed,memory_action_correctness_rate,mean correct memory-branch action rate within the episode,evaluation_episode_clustered_by_seed,7,0.7000000000000001,0.8,2076,30,0.713268953566471,0.3514911868133262,0.3364316229035313,0.36489732581167167,30,0.3617777667531448,results/reviewer1_remaining/support_final/execution/independent_transition_dynamics_shift/raw.csv.gz
