environment_key,environment,agent,target_type,target_definition,score_definition,aggregation_level,n_rows,n_seeds,n_positive,n_negative,auroc,auroc_ci_low,auroc_ci_high,auroc_available_seed_count,pr_auc,pr_auc_ci_low,pr_auc_ci_high,pr_auc_available_seed_count,availability,source_file
application_goal_shift,support-final-application-goal-shift,exact_count_gate,episode_failure,1 when the evaluation episode failed; 0 on success,1 - episode mean support score,mean_of_seed_level_discrimination_metrics,9600,30,8975,625,0.5,0.5,0.5,30,0.9389711317116489,0.9288711490344131,0.9485847660692254,30,available,results/reviewer1_remaining/support_final/execution/application_goal_shift/raw.csv.gz
application_goal_shift,support-final-application-goal-shift,exact_count_gate,episode_memory_majority_correct,1 when >0.5 of decisions with a unique analytic optimal action use the correct memory-branch greedy action; 0 when <0.5; ties excluded,episode mean support score,mean_of_seed_level_discrimination_metrics,0,0,0,0,,,,0,,,,0,not_available_no_analytic_optimal_action,results/reviewer1_remaining/support_final/execution/application_goal_shift/raw.csv.gz
application_goal_shift,support-final-application-goal-shift,frozen_embedding_s1,episode_failure,1 when the evaluation episode failed; 0 on success,1 - episode mean support score,mean_of_seed_level_discrimination_metrics,9600,30,6981,2619,0.7725867266163031,0.7474889415303109,0.7952365307031362,30,0.8950923824504952,0.8821361364144179,0.9065966840384971,30,available,results/reviewer1_remaining/support_final/execution/application_goal_shift/raw.csv.gz
application_goal_shift,support-final-application-goal-shift,frozen_embedding_s1,episode_memory_majority_correct,1 when >0.5 of decisions with a unique analytic optimal action use the correct memory-branch greedy action; 0 when <0.5; ties excluded,episode mean support score,mean_of_seed_level_discrimination_metrics,0,0,0,0,,,,0,,,,0,not_available_no_analytic_optimal_action,results/reviewer1_remaining/support_final/execution/application_goal_shift/raw.csv.gz
application_goal_shift,support-final-application-goal-shift,gaussian_affinity_executed,episode_failure,1 when the evaluation episode failed; 0 on success,1 - episode mean support score,mean_of_seed_level_discrimination_metrics,9600,30,6800,2800,0.7645046676524928,0.747207334093758,0.7806386338380856,30,0.8929984250690716,0.8807631877704319,0.9036872286808366,30,available,results/reviewer1_remaining/support_final/execution/application_goal_shift/raw.csv.gz
application_goal_shift,support-final-application-goal-shift,gaussian_affinity_executed,episode_memory_majority_correct,1 when >0.5 of decisions with a unique analytic optimal action use the correct memory-branch greedy action; 0 when <0.5; ties excluded,episode mean support score,mean_of_seed_level_discrimination_metrics,0,0,0,0,,,,0,,,,0,not_available_no_analytic_optimal_action,results/reviewer1_remaining/support_final/execution/application_goal_shift/raw.csv.gz
application_goal_shift,support-final-application-goal-shift,gaussian_density_s3,episode_failure,1 when the evaluation episode failed; 0 on success,1 - episode mean support score,mean_of_seed_level_discrimination_metrics,9600,30,8899,701,0.4617462424423377,0.4146071956270127,0.5068041710022805,30,0.9305425419257355,0.9214414006951304,0.9391876893599612,30,available,results/reviewer1_remaining/support_final/execution/application_goal_shift/raw.csv.gz
application_goal_shift,support-final-application-goal-shift,gaussian_density_s3,episode_memory_majority_correct,1 when >0.5 of decisions with a unique analytic optimal action use the correct memory-branch greedy action; 0 when <0.5; ties excluded,episode mean support score,mean_of_seed_level_discrimination_metrics,0,0,0,0,,,,0,,,,0,not_available_no_analytic_optimal_action,results/reviewer1_remaining/support_final/execution/application_goal_shift/raw.csv.gz
application_goal_shift,support-final-application-goal-shift,mahalanobis_s1,episode_failure,1 when the evaluation episode failed; 0 on success,1 - episode mean support score,mean_of_seed_level_discrimination_metrics,9600,30,6284,3316,0.81411912294311,0.796731916437591,0.8300587371235367,30,0.8841726493183002,0.8699172312453628,0.8963512625778661,30,available,results/reviewer1_remaining/support_final/execution/application_goal_shift/raw.csv.gz
application_goal_shift,support-final-application-goal-shift,mahalanobis_s1,episode_memory_majority_correct,1 when >0.5 of decisions with a unique analytic optimal action use the correct memory-branch greedy action; 0 when <0.5; ties excluded,episode mean support score,mean_of_seed_level_discrimination_metrics,0,0,0,0,,,,0,,,,0,not_available_no_analytic_optimal_action,results/reviewer1_remaining/support_final/execution/application_goal_shift/raw.csv.gz
application_goal_shift,support-final-application-goal-shift,raw_normalized_s1,episode_failure,1 when the evaluation episode failed; 0 on success,1 - episode mean support score,mean_of_seed_level_discrimination_metrics,9600,30,6719,2881,0.5344090315871705,0.5149418404420159,0.5530645047890898,30,0.8159312154325897,0.8076531397870382,0.8238504015035214,30,available,results/reviewer1_remaining/support_final/execution/application_goal_shift/raw.csv.gz
application_goal_shift,support-final-application-goal-shift,raw_normalized_s1,episode_memory_majority_correct,1 when >0.5 of decisions with a unique analytic optimal action use the correct memory-branch greedy action; 0 when <0.5; ties excluded,episode mean support score,mean_of_seed_level_discrimination_metrics,0,0,0,0,,,,0,,,,0,not_available_no_analytic_optimal_action,results/reviewer1_remaining/support_final/execution/application_goal_shift/raw.csv.gz
application_goal_shift,support-final-application-goal-shift,tolerance_knn_executed,episode_failure,1 when the evaluation episode failed; 0 on success,1 - episode mean support score,mean_of_seed_level_discrimination_metrics,9600,30,6760,2840,0.8800398317454149,0.8670216635648391,0.8927133053935087,30,0.9157967966233362,0.9054720801889278,0.9259124827459067,30,available,results/reviewer1_remaining/support_final/execution/application_goal_shift/raw.csv.gz
application_goal_shift,support-final-application-goal-shift,tolerance_knn_executed,episode_memory_majority_correct,1 when >0.5 of decisions with a unique analytic optimal action use the correct memory-branch greedy action; 0 when <0.5; ties excluded,episode mean support score,mean_of_seed_level_discrimination_metrics,0,0,0,0,,,,0,,,,0,not_available_no_analytic_optimal_action,results/reviewer1_remaining/support_final/execution/application_goal_shift/raw.csv.gz
independent_observation_shift,support-final-observation-shift,exact_count_gate,episode_failure,1 when the evaluation episode failed; 0 on success,1 - episode mean support score,mean_of_seed_level_discrimination_metrics,3000,30,2423,577,0.5,0.5,0.5,30,0.8204565196289437,0.7910035145465585,0.8493884269902825,30,available,results/reviewer1_remaining/support_final/execution/independent_observation_shift/raw.csv.gz
independent_observation_shift,support-final-observation-shift,exact_count_gate,episode_memory_majority_correct,1 when >0.5 of decisions with a unique analytic optimal action use the correct memory-branch greedy action; 0 when <0.5; ties excluded,episode mean support score,mean_of_seed_level_discrimination_metrics,2946,30,648,2298,0.5,0.5,0.5,30,0.2879495884996336,0.23411568972555394,0.34325925453285894,30,available,results/reviewer1_remaining/support_final/execution/independent_observation_shift/raw.csv.gz
independent_observation_shift,support-final-observation-shift,frozen_embedding_s1,episode_failure,1 when the evaluation episode failed; 0 on success,1 - episode mean support score,mean_of_seed_level_discrimination_metrics,3000,30,2059,941,0.51939658880027,0.49306879982658974,0.5449403785111012,30,0.7214416433472653,0.6975452043198294,0.7431997157012245,30,available,results/reviewer1_remaining/support_final/execution/independent_observation_shift/raw.csv.gz
independent_observation_shift,support-final-observation-shift,frozen_embedding_s1,episode_memory_majority_correct,1 when >0.5 of decisions with a unique analytic optimal action use the correct memory-branch greedy action; 0 when <0.5; ties excluded,episode mean support score,mean_of_seed_level_discrimination_metrics,2910,30,703,2207,0.5373280904553212,0.5148814425857269,0.5596837781960874,30,0.2964703395621974,0.2737585268732964,0.3195922880795153,30,available,results/reviewer1_remaining/support_final/execution/independent_observation_shift/raw.csv.gz
independent_observation_shift,support-final-observation-shift,gaussian_affinity_executed,episode_failure,1 when the evaluation episode failed; 0 on success,1 - episode mean support score,mean_of_seed_level_discrimination_metrics,3000,30,2061,939,0.5084481421595838,0.47844263914906415,0.5385627746412388,30,0.7268945127883019,0.7030880761319518,0.7501584200309149,30,available,results/reviewer1_remaining/support_final/execution/independent_observation_shift/raw.csv.gz
independent_observation_shift,support-final-observation-shift,gaussian_affinity_executed,episode_memory_majority_correct,1 when >0.5 of decisions with a unique analytic optimal action use the correct memory-branch greedy action; 0 when <0.5; ties excluded,episode mean support score,mean_of_seed_level_discrimination_metrics,2896,30,737,2159,0.5581198425776311,0.5285292453000499,0.5863808912392221,30,0.33569518903760787,0.3095294356734943,0.36169630647396833,30,available,results/reviewer1_remaining/support_final/execution/independent_observation_shift/raw.csv.gz
independent_observation_shift,support-final-observation-shift,gaussian_density_s3,episode_failure,1 when the evaluation episode failed; 0 on success,1 - episode mean support score,mean_of_seed_level_discrimination_metrics,3000,30,2416,584,0.4626816120598981,0.4216860118431486,0.504644960869232,30,0.7931387070838547,0.7744519526111359,0.8130706056077349,30,available,results/reviewer1_remaining/support_final/execution/independent_observation_shift/raw.csv.gz
independent_observation_shift,support-final-observation-shift,gaussian_density_s3,episode_memory_majority_correct,1 when >0.5 of decisions with a unique analytic optimal action use the correct memory-branch greedy action; 0 when <0.5; ties excluded,episode mean support score,mean_of_seed_level_discrimination_metrics,2904,30,370,2534,0.4724012763163984,0.44352835092680387,0.502387164883851,30,0.14908087432571315,0.1324790088348006,0.1665704747008204,30,available,results/reviewer1_remaining/support_final/execution/independent_observation_shift/raw.csv.gz
independent_observation_shift,support-final-observation-shift,mahalanobis_s1,episode_failure,1 when the evaluation episode failed; 0 on success,1 - episode mean support score,mean_of_seed_level_discrimination_metrics,3000,30,2039,961,0.510356989426118,0.48256273049215165,0.536549585927318,30,0.7175915102542676,0.6915387806762577,0.7434416581842096,30,available,results/reviewer1_remaining/support_final/execution/independent_observation_shift/raw.csv.gz
independent_observation_shift,support-final-observation-shift,mahalanobis_s1,episode_memory_majority_correct,1 when >0.5 of decisions with a unique analytic optimal action use the correct memory-branch greedy action; 0 when <0.5; ties excluded,episode mean support score,mean_of_seed_level_discrimination_metrics,2892,30,823,2069,0.5668825849355623,0.538165904068739,0.5950005836060203,30,0.36255165700531417,0.3303328307127231,0.39618380539565734,30,available,results/reviewer1_remaining/support_final/execution/independent_observation_shift/raw.csv.gz
independent_observation_shift,support-final-observation-shift,raw_normalized_s1,episode_failure,1 when the evaluation episode failed; 0 on success,1 - episode mean support score,mean_of_seed_level_discrimination_metrics,3000,30,2017,983,0.5227601914767229,0.5010322450313651,0.5438698142245428,30,0.7183605822198366,0.6928486927518986,0.7432093614026798,30,available,results/reviewer1_remaining/support_final/execution/independent_observation_shift/raw.csv.gz
independent_observation_shift,support-final-observation-shift,raw_normalized_s1,episode_memory_majority_correct,1 when >0.5 of decisions with a unique analytic optimal action use the correct memory-branch greedy action; 0 when <0.5; ties excluded,episode mean support score,mean_of_seed_level_discrimination_metrics,2891,30,739,2152,0.5661267747598635,0.5441385033159424,0.5902756253237462,30,0.31747497036081174,0.28851773078967263,0.34771303077947846,30,available,results/reviewer1_remaining/support_final/execution/independent_observation_shift/raw.csv.gz
independent_observation_shift,support-final-observation-shift,tolerance_knn_executed,episode_failure,1 when the evaluation episode failed; 0 on success,1 - episode mean support score,mean_of_seed_level_discrimination_metrics,3000,30,2047,953,0.5402357894634864,0.5157642221615998,0.5660141922390268,30,0.7326945600539344,0.7073969921708961,0.7580089828862008,30,available,results/reviewer1_remaining/support_final/execution/independent_observation_shift/raw.csv.gz
independent_observation_shift,support-final-observation-shift,tolerance_knn_executed,episode_memory_majority_correct,1 when >0.5 of decisions with a unique analytic optimal action use the correct memory-branch greedy action; 0 when <0.5; ties excluded,episode mean support score,mean_of_seed_level_discrimination_metrics,2910,30,753,2157,0.547255656876519,0.5211003863067097,0.5727751618966668,30,0.3157634873007459,0.2935290350182072,0.3401202987128089,30,available,results/reviewer1_remaining/support_final/execution/independent_observation_shift/raw.csv.gz
independent_transition_dynamics_shift,support-final-transition-dynamics-shift,exact_count_gate,episode_failure,1 when the evaluation episode failed; 0 on success,1 - episode mean support score,mean_of_seed_level_discrimination_metrics,3000,30,1894,1106,0.5,0.5,0.5,30,0.6532135964755686,0.6298168186785964,0.6780301709430195,30,available,results/reviewer1_remaining/support_final/execution/independent_transition_dynamics_shift/raw.csv.gz
independent_transition_dynamics_shift,support-final-transition-dynamics-shift,exact_count_gate,episode_memory_majority_correct,1 when >0.5 of decisions with a unique analytic optimal action use the correct memory-branch greedy action; 0 when <0.5; ties excluded,episode mean support score,mean_of_seed_level_discrimination_metrics,2973,30,661,2312,0.5,0.5,0.5,30,0.2726558172779758,0.23502254234029263,0.31344883765932857,30,available,results/reviewer1_remaining/support_final/execution/independent_transition_dynamics_shift/raw.csv.gz
independent_transition_dynamics_shift,support-final-transition-dynamics-shift,frozen_embedding_s1,episode_failure,1 when the evaluation episode failed; 0 on success,1 - episode mean support score,mean_of_seed_level_discrimination_metrics,3000,30,1554,1446,0.5209774554879487,0.49858622147855197,0.5413878329807412,30,0.5676530799362474,0.5335768776369562,0.6005139365760146,30,available,results/reviewer1_remaining/support_final/execution/independent_transition_dynamics_shift/raw.csv.gz
independent_transition_dynamics_shift,support-final-transition-dynamics-shift,frozen_embedding_s1,episode_memory_majority_correct,1 when >0.5 of decisions with a unique analytic optimal action use the correct memory-branch greedy action; 0 when <0.5; ties excluded,episode mean support score,mean_of_seed_level_discrimination_metrics,2929,30,798,2131,0.5766957890542256,0.5517075012047403,0.5995028001749395,30,0.36922074863127136,0.3415400819858092,0.3990643887164957,30,available,results/reviewer1_remaining/support_final/execution/independent_transition_dynamics_shift/raw.csv.gz
independent_transition_dynamics_shift,support-final-transition-dynamics-shift,gaussian_affinity_executed,episode_failure,1 when the evaluation episode failed; 0 on success,1 - episode mean support score,mean_of_seed_level_discrimination_metrics,3000,30,1508,1492,0.4993827948486108,0.46915164794424224,0.5288123228390146,30,0.5359659608350037,0.5031118391301782,0.5684751046031261,30,available,results/reviewer1_remaining/support_final/execution/independent_transition_dynamics_shift/raw.csv.gz
independent_transition_dynamics_shift,support-final-transition-dynamics-shift,gaussian_affinity_executed,episode_memory_majority_correct,1 when >0.5 of decisions with a unique analytic optimal action use the correct memory-branch greedy action; 0 when <0.5; ties excluded,episode mean support score,mean_of_seed_level_discrimination_metrics,2938,30,804,2134,0.5586679687891555,0.5417642538589064,0.5774444211518137,30,0.348221096626009,0.3255167686066533,0.3715048190744882,30,available,results/reviewer1_remaining/support_final/execution/independent_transition_dynamics_shift/raw.csv.gz
independent_transition_dynamics_shift,support-final-transition-dynamics-shift,gaussian_density_s3,episode_failure,1 when the evaluation episode failed; 0 on success,1 - episode mean support score,mean_of_seed_level_discrimination_metrics,3000,30,1935,1065,0.4545604624594236,0.42976019331250853,0.4770822905342384,30,0.6233929627945057,0.5931061277019304,0.6531623270808633,30,available,results/reviewer1_remaining/support_final/execution/independent_transition_dynamics_shift/raw.csv.gz
independent_transition_dynamics_shift,support-final-transition-dynamics-shift,gaussian_density_s3,episode_memory_majority_correct,1 when >0.5 of decisions with a unique analytic optimal action use the correct memory-branch greedy action; 0 when <0.5; ties excluded,episode mean support score,mean_of_seed_level_discrimination_metrics,2952,30,324,2628,0.48304979746506355,0.44239651226864496,0.5219861268660273,30,0.15623848082877512,0.13213365450280895,0.1808310626439949,30,available,results/reviewer1_remaining/support_final/execution/independent_transition_dynamics_shift/raw.csv.gz
independent_transition_dynamics_shift,support-final-transition-dynamics-shift,mahalanobis_s1,episode_failure,1 when the evaluation episode failed; 0 on success,1 - episode mean support score,mean_of_seed_level_discrimination_metrics,3000,30,1582,1418,0.520453813352459,0.493848807702013,0.5450362693891204,30,0.5757251129396846,0.5523678885041651,0.5987424501073456,30,available,results/reviewer1_remaining/support_final/execution/independent_transition_dynamics_shift/raw.csv.gz
independent_transition_dynamics_shift,support-final-transition-dynamics-shift,mahalanobis_s1,episode_memory_majority_correct,1 when >0.5 of decisions with a unique analytic optimal action use the correct memory-branch greedy action; 0 when <0.5; ties excluded,episode mean support score,mean_of_seed_level_discrimination_metrics,2919,30,823,2096,0.5589944968130837,0.5347331276232489,0.5852969011595113,30,0.3639841359665785,0.3335184450621642,0.3945922479884374,30,available,results/reviewer1_remaining/support_final/execution/independent_transition_dynamics_shift/raw.csv.gz
independent_transition_dynamics_shift,support-final-transition-dynamics-shift,raw_normalized_s1,episode_failure,1 when the evaluation episode failed; 0 on success,1 - episode mean support score,mean_of_seed_level_discrimination_metrics,3000,30,1530,1470,0.5087257427782618,0.48578476182205405,0.5329241525826459,30,0.5525050100610713,0.5098049785132966,0.5956517134551634,30,available,results/reviewer1_remaining/support_final/execution/independent_transition_dynamics_shift/raw.csv.gz
independent_transition_dynamics_shift,support-final-transition-dynamics-shift,raw_normalized_s1,episode_memory_majority_correct,1 when >0.5 of decisions with a unique analytic optimal action use the correct memory-branch greedy action; 0 when <0.5; ties excluded,episode mean support score,mean_of_seed_level_discrimination_metrics,2928,30,797,2131,0.5504712633790244,0.5293641654763286,0.5717207525172895,30,0.35018181715817004,0.3223717322432055,0.3790126439874006,30,available,results/reviewer1_remaining/support_final/execution/independent_transition_dynamics_shift/raw.csv.gz
independent_transition_dynamics_shift,support-final-transition-dynamics-shift,tolerance_knn_executed,episode_failure,1 when the evaluation episode failed; 0 on success,1 - episode mean support score,mean_of_seed_level_discrimination_metrics,3000,30,1489,1511,0.5551158946573171,0.5262785917943997,0.5818839855994077,30,0.563358055531612,0.5204962355578466,0.6033298039463381,30,available,results/reviewer1_remaining/support_final/execution/independent_transition_dynamics_shift/raw.csv.gz
independent_transition_dynamics_shift,support-final-transition-dynamics-shift,tolerance_knn_executed,episode_memory_majority_correct,1 when >0.5 of decisions with a unique analytic optimal action use the correct memory-branch greedy action; 0 when <0.5; ties excluded,episode mean support score,mean_of_seed_level_discrimination_metrics,2933,30,811,2122,0.5805627684598342,0.5564794458014182,0.6033854806106621,30,0.3433749018323711,0.3175946472104941,0.36769435661659017,30,available,results/reviewer1_remaining/support_final/execution/independent_transition_dynamics_shift/raw.csv.gz
