result_family,environment,agent,aggregation_level,source_file,source_column,n_episode_rows,n_finite_returns,nonfinite_returns_dropped,n_seeds,final_checkpoint_min,final_checkpoint_max,mean_return,minimum_return,return_quantile_0_05,worst_decile_mean_return,cvar_0_10_return,cvar_0_10_tail_count,cvar_0_05_return,cvar_0_05_tail_count,cvar_0_05_available,cvar_0_05_reason
adaptive_gate_compact_validation,CliffWalking-adaptive,count_gated_tau_20,episode,results/adaptive_gate_compact_validation/raw.csv.gz,return,900,900,0,30,10000,10000,-13,-13,-13,-13,-13,90,-13,45,True,
adaptive_gate_compact_validation,CliffWalking-adaptive,fuzzy_support_adaptive,episode,results/adaptive_gate_compact_validation/raw.csv.gz,return,900,900,0,30,10000,10000,-13,-13,-13,-13,-13,90,-13,45,True,
adaptive_gate_compact_validation,CliffWalking-adaptive,support_abstain_tau_20,episode,results/adaptive_gate_compact_validation/raw.csv.gz,return,900,900,0,30,10000,10000,-13.0388888889,-18,-13,-13.3888888889,-13.3888888889,90,-13.7777777778,45,True,
adaptive_gate_compact_validation,CliffWalking-adaptive,tabular,episode,results/adaptive_gate_compact_validation/raw.csv.gz,return,900,900,0,30,10000,10000,-13,-13,-13,-13,-13,90,-13,45,True,
adaptive_gate_compact_validation,CliffWalking-adaptive,validated_dqn,episode,results/adaptive_gate_compact_validation/raw.csv.gz,return,900,900,0,30,10000,10000,-500,-500,-500,-500,-500,90,-500,45,True,
adaptive_gate_compact_validation,FourRooms-9-support-shift-adaptive,count_gated_tau_20,episode,results/adaptive_gate_compact_validation/raw.csv.gz,return,900,900,0,30,12000,12000,-2.09176666667,-3.16,-3.09,-3.09688888889,-3.09688888889,90,-3.11488888889,45,True,
adaptive_gate_compact_validation,FourRooms-9-support-shift-adaptive,fuzzy_support_adaptive,episode,results/adaptive_gate_compact_validation/raw.csv.gz,return,900,900,0,30,12000,12000,-2.19026666667,-3.16,-3.1,-3.10122222222,-3.10122222222,90,-3.11622222222,45,True,
adaptive_gate_compact_validation,FourRooms-9-support-shift-adaptive,support_abstain_tau_20,episode,results/adaptive_gate_compact_validation/raw.csv.gz,return,900,900,0,30,12000,12000,-1.05321111111,-2.18,-2.08,-2.08211111111,-2.08211111111,90,-2.108,45,True,
adaptive_gate_compact_validation,FourRooms-9-support-shift-adaptive,tabular,episode,results/adaptive_gate_compact_validation/raw.csv.gz,return,900,900,0,30,12000,12000,-1.04543333333,-2.19,-2.09,-2.09144444444,-2.09144444444,90,-2.11822222222,45,True,
adaptive_gate_compact_validation,FourRooms-9-support-shift-adaptive,validated_dqn,episode,results/adaptive_gate_compact_validation/raw.csv.gz,return,900,900,0,30,12000,12000,-2.13163333333,-3.17,-3.09,-3.09622222222,-3.09622222222,90,-3.11444444444,45,True,
adaptive_gate_compact_validation,FrozenLake-4x4-slippery-adaptive,count_gated_tau_20,episode,results/adaptive_gate_compact_validation/raw.csv.gz,return,900,900,0,30,10000,10000,0.666666666667,0,0,0,0,90,0,45,True,
adaptive_gate_compact_validation,FrozenLake-4x4-slippery-adaptive,fuzzy_support_adaptive,episode,results/adaptive_gate_compact_validation/raw.csv.gz,return,900,900,0,30,10000,10000,0.653333333333,0,0,0,0,90,0,45,True,
adaptive_gate_compact_validation,FrozenLake-4x4-slippery-adaptive,support_abstain_tau_20,episode,results/adaptive_gate_compact_validation/raw.csv.gz,return,900,900,0,30,10000,10000,0.665555555556,0,0,0,0,90,0,45,True,
adaptive_gate_compact_validation,FrozenLake-4x4-slippery-adaptive,tabular,episode,results/adaptive_gate_compact_validation/raw.csv.gz,return,900,900,0,30,10000,10000,0.645555555556,0,0,0,0,90,0,45,True,
adaptive_gate_compact_validation,FrozenLake-4x4-slippery-adaptive,validated_dqn,episode,results/adaptive_gate_compact_validation/raw.csv.gz,return,900,900,0,30,10000,10000,0.247777777778,0,0,0,0,90,0,45,True,
application_navigation_case_study,ApplicationNavigation-deployment-goal-shift,count_gated_tau_20,episode,results/application_navigation_case_study/raw.csv.gz,return,900,900,0,30,12000,12000,-4.54175555556,-29.77,-28.39,-28.5801111111,-28.5801111111,90,-28.9744444444,45,True,
application_navigation_case_study,ApplicationNavigation-deployment-goal-shift,fixed_hybrid,episode,results/application_navigation_case_study/raw.csv.gz,return,900,900,0,30,12000,12000,-4.99525555556,-29.77,-28.16,-28.3247777778,-28.3247777778,90,-28.7584444444,45,True,
application_navigation_case_study,ApplicationNavigation-deployment-goal-shift,fuzzy_support_adaptive,episode,results/application_navigation_case_study/raw.csv.gz,return,900,900,0,30,12000,12000,-5.54234444444,-29.54,-28.39,-28.4942222222,-28.4942222222,90,-28.8502222222,45,True,
application_navigation_case_study,ApplicationNavigation-deployment-goal-shift,support_abstain_tau_20,episode,results/application_navigation_case_study/raw.csv.gz,return,900,900,0,30,12000,12000,1.23342222222,-9.76,-3.5515,-4.16055555556,-4.16055555556,90,-5.11333333333,45,True,
application_navigation_case_study,ApplicationNavigation-deployment-goal-shift,tabular,episode,results/application_navigation_case_study/raw.csv.gz,return,900,900,0,30,12000,12000,1.2795,-11.03,-9.0935,-9.18744444444,-9.18744444444,90,-9.74911111111,45,True,
application_navigation_case_study,ApplicationNavigation-deployment-goal-shift,validated_dqn,episode,results/application_navigation_case_study/raw.csv.gz,return,900,900,0,30,12000,12000,-3.60431111111,-29.31,-10.0065,-14.8436666667,-14.8436666667,90,-22.4711111111,45,True,
application_risk_variants,ApplicationNavigation-risk-adjusted-fallbacks,support_hold_penalized,episode,results/application_risk_variants/raw.csv.gz,return,900,900,0,30,12000,12000,-0.320433333333,-15.66,-9.232,-9.81255555556,-9.81255555556,90,-10.7651111111,45,True,
application_risk_variants,ApplicationNavigation-risk-adjusted-fallbacks,support_no_hold,episode,results/application_risk_variants/raw.csv.gz,return,900,900,0,30,12000,12000,0.865888888889,-26.6,-10.452,-10.9352222222,-10.9352222222,90,-11.7415555556,45,True,
application_risk_variants,ApplicationNavigation-risk-adjusted-fallbacks,support_shortest_path,episode,results/application_risk_variants/raw.csv.gz,return,900,900,0,30,12000,12000,0.604911111111,-29.54,-28.49,-28.5274444444,-28.5274444444,90,-28.9153333333,45,True,
application_risk_variants,ApplicationNavigation-risk-adjusted-fallbacks,support_verified_safe,episode,results/application_risk_variants/raw.csv.gz,return,900,900,0,30,12000,12000,3.84487777778,-6.99,-2.96,-3.11133333333,-3.11133333333,90,-3.38488888889,45,True,
approx_support/feature_distance_support,ApplicationNavigation-deployment-goal-shift,feature_distance_support_gate,episode,results/approx_support/feature_distance_support/raw.csv.gz,return,900,900,0,30,12000,12000,-2.89595555556,-29.77,-26.3355,-24.1115555556,-24.1115555556,90,-28.0286666667,45,True,
approx_support/knn_support,ApplicationNavigation-deployment-goal-shift,knn_support_gate,episode,results/approx_support/knn_support/raw.csv.gz,return,900,900,0,30,12000,12000,-3.49624444444,-29.54,-28.39,-27.8362222222,-27.8362222222,90,-28.8491111111,45,True,
approximate_support_baseline_validation,ApplicationNavigation-deployment-goal-shift,approx_count_gated_k5,episode,results/approximate_support_baseline_validation/raw.csv,return,9,9,0,3,600,600,-7.51666666667,-19.54,-19.264,-19.54,-19.54,1,,1,False,fewer than two observations fall in the alpha=0.05 empirical tail
approximate_support_baseline_validation,ApplicationNavigation-deployment-goal-shift,count_gated_tau_20,episode,results/approximate_support_baseline_validation/raw.csv,return,9,9,0,3,600,600,-7.51666666667,-19.54,-19.264,-19.54,-19.54,1,,1,False,fewer than two observations fall in the alpha=0.05 empirical tail
approximate_support_baseline_validation,ApplicationNavigation-deployment-goal-shift,support_abstain_tau_20,episode,results/approximate_support_baseline_validation/raw.csv,return,9,9,0,3,600,600,-1.76666666667,-2.48,-2.312,-2.48,-2.48,1,,1,False,fewer than two observations fall in the alpha=0.05 empirical tail
approximate_support_baseline_validation,ApplicationNavigation-deployment-goal-shift,tabular,episode,results/approximate_support_baseline_validation/raw.csv,return,9,9,0,3,600,600,-1.96888888889,-8.96,-7.584,-8.96,-8.96,1,,1,False,fewer than two observations fall in the alpha=0.05 empirical tail
confirmatory_extended_compact,CliffWalking-v1,count_gated_tau_20,episode,results/confirmatory_extended_compact/raw.csv.gz,return,900,900,0,30,10000,10000,-29.2333333333,-500,-13,-175.333333333,-175.333333333,90,-337.666666667,45,True,
confirmatory_extended_compact,CliffWalking-v1,fixed_hybrid,episode,results/confirmatory_extended_compact/raw.csv.gz,return,900,900,0,30,10000,10000,-192.433333333,-500,-500,-500,-500,90,-500,45,True,
confirmatory_extended_compact,CliffWalking-v1,random,episode,results/confirmatory_extended_compact/raw.csv.gz,return,900,900,0,30,10000,10000,-5005.05666667,-9014,-6935,-7026.3,-7026.3,90,-7328.8,45,True,
confirmatory_extended_compact,CliffWalking-v1,reliability_gated,episode,results/confirmatory_extended_compact/raw.csv.gz,return,900,900,0,30,10000,10000,-175.6,-500,-500,-500,-500,90,-500,45,True,
confirmatory_extended_compact,CliffWalking-v1,support_abstain_tau_20,episode,results/confirmatory_extended_compact/raw.csv.gz,return,900,900,0,30,10000,10000,-13.2,-17,-15,-15,-15,90,-16.3333333333,45,True,
confirmatory_extended_compact,CliffWalking-v1,tabular,episode,results/confirmatory_extended_compact/raw.csv.gz,return,900,900,0,30,10000,10000,-13,-13,-13,-13,-13,90,-13,45,True,
confirmatory_extended_compact,CliffWalking-v1,validated_dqn,episode,results/confirmatory_extended_compact/raw.csv.gz,return,900,900,0,30,10000,10000,-500,-500,-500,-500,-500,90,-500,45,True,
confirmatory_extended_compact,FourRooms-11-slip-unseen-goals,count_gated_tau_20,episode,results/confirmatory_extended_compact/raw.csv.gz,return,900,900,0,30,16000,16000,-3.17228888889,-4.33,-4.24,-4.24933333333,-4.24933333333,90,-4.26755555556,45,True,
confirmatory_extended_compact,FourRooms-11-slip-unseen-goals,fixed_hybrid,episode,results/confirmatory_extended_compact/raw.csv.gz,return,900,900,0,30,16000,16000,-3.0441,-4.31,-4.24,-4.24288888889,-4.24288888889,90,-4.262,45,True,
confirmatory_extended_compact,FourRooms-11-slip-unseen-goals,random,episode,results/confirmatory_extended_compact/raw.csv.gz,return,900,900,0,30,16000,16000,-1.6936,-2.93,-2.75,-2.76366666667,-2.76366666667,90,-2.79777777778,45,True,
confirmatory_extended_compact,FourRooms-11-slip-unseen-goals,reliability_gated,episode,results/confirmatory_extended_compact/raw.csv.gz,return,900,900,0,30,16000,16000,-3.0269,-4.31,-4.24,-4.24244444444,-4.24244444444,90,-4.26266666667,45,True,
confirmatory_extended_compact,FourRooms-11-slip-unseen-goals,support_abstain_tau_20,episode,results/confirmatory_extended_compact/raw.csv.gz,return,900,900,0,30,16000,16000,-1.68511111111,-2.87,-2.76,-2.76688888889,-2.76688888889,90,-2.79622222222,45,True,
confirmatory_extended_compact,FourRooms-11-slip-unseen-goals,tabular,episode,results/confirmatory_extended_compact/raw.csv.gz,return,900,900,0,30,16000,16000,-1.65867777778,-2.83,-2.74,-2.74644444444,-2.74644444444,90,-2.77533333333,45,True,
confirmatory_extended_compact,FourRooms-11-slip-unseen-goals,validated_dqn,episode,results/confirmatory_extended_compact/raw.csv.gz,return,900,900,0,30,16000,16000,-3.10976666667,-4.32,-4.24,-4.25144444444,-4.25144444444,90,-4.27222222222,45,True,
confirmatory_extended_compact,FourRooms-7-unseen-goals,count_gated_tau_20,episode,results/confirmatory_extended_compact/raw.csv.gz,return,900,900,0,30,8000,8000,-1.60935555556,-2,-2,-2,-2,90,-2,45,True,
confirmatory_extended_compact,FourRooms-7-unseen-goals,fixed_hybrid,episode,results/confirmatory_extended_compact/raw.csv.gz,return,900,900,0,30,8000,8000,-1.67681111111,-2,-2,-2,-2,90,-2,45,True,
confirmatory_extended_compact,FourRooms-7-unseen-goals,random,episode,results/confirmatory_extended_compact/raw.csv.gz,return,900,900,0,30,8000,8000,-0.507722222222,-1.5,-1.38,-1.38477777778,-1.38477777778,90,-1.40533333333,45,True,
confirmatory_extended_compact,FourRooms-7-unseen-goals,reliability_gated,episode,results/confirmatory_extended_compact/raw.csv.gz,return,900,900,0,30,8000,8000,-1.61974444444,-2,-2,-2,-2,90,-2,45,True,
confirmatory_extended_compact,FourRooms-7-unseen-goals,support_abstain_tau_20,episode,results/confirmatory_extended_compact/raw.csv.gz,return,900,900,0,30,8000,8000,-0.509411111111,-1.48,-1.38,-1.38344444444,-1.38344444444,90,-1.40155555556,45,True,
confirmatory_extended_compact,FourRooms-7-unseen-goals,tabular,episode,results/confirmatory_extended_compact/raw.csv.gz,return,900,900,0,30,8000,8000,-0.508444444444,-1.45,-1.38,-1.38666666667,-1.38666666667,90,-1.40422222222,45,True,
confirmatory_extended_compact,FourRooms-7-unseen-goals,validated_dqn,episode,results/confirmatory_extended_compact/raw.csv.gz,return,900,900,0,30,8000,8000,-1.57733333333,-2,-2,-2,-2,90,-2,45,True,
confirmatory_extended_compact,FourRooms-9-slip-unseen-goals,count_gated_tau_20,episode,results/confirmatory_extended_compact/raw.csv.gz,return,900,900,0,30,12000,12000,-2.07556666667,-3.18,-3.0905,-3.09733333333,-3.09733333333,90,-3.11288888889,45,True,
confirmatory_extended_compact,FourRooms-9-slip-unseen-goals,fixed_hybrid,episode,results/confirmatory_extended_compact/raw.csv.gz,return,900,900,0,30,12000,12000,-2.12696666667,-3.19,-3.09,-3.09666666667,-3.09666666667,90,-3.11222222222,45,True,
confirmatory_extended_compact,FourRooms-9-slip-unseen-goals,random,episode,results/confirmatory_extended_compact/raw.csv.gz,return,900,900,0,30,12000,12000,-1.08887777778,-2.19,-2.07,-2.083,-2.083,90,-2.10844444444,45,True,
confirmatory_extended_compact,FourRooms-9-slip-unseen-goals,reliability_gated,episode,results/confirmatory_extended_compact/raw.csv.gz,return,900,900,0,30,12000,12000,-2.15166666667,-3.18,-3.09,-3.09466666667,-3.09466666667,90,-3.10977777778,45,True,
confirmatory_extended_compact,FourRooms-9-slip-unseen-goals,support_abstain_tau_20,episode,results/confirmatory_extended_compact/raw.csv.gz,return,900,900,0,30,12000,12000,-0.9865,-2.21,-2.07,-2.08166666667,-2.08166666667,90,-2.10888888889,45,True,
confirmatory_extended_compact,FourRooms-9-slip-unseen-goals,tabular,episode,results/confirmatory_extended_compact/raw.csv.gz,return,900,900,0,30,12000,12000,-1.05141111111,-2.2,-2.07,-2.08033333333,-2.08033333333,90,-2.108,45,True,
confirmatory_extended_compact,FourRooms-9-slip-unseen-goals,validated_dqn,episode,results/confirmatory_extended_compact/raw.csv.gz,return,900,900,0,30,12000,12000,-2.14476666667,-3.18,-3.09,-3.09233333333,-3.09233333333,90,-3.10844444444,45,True,
confirmatory_extended_compact,FrozenLake-4x4-slippery,count_gated_tau_20,episode,results/confirmatory_extended_compact/raw.csv.gz,return,900,900,0,30,10000,10000,0.631111111111,0,0,0,0,90,0,45,True,
confirmatory_extended_compact,FrozenLake-4x4-slippery,fixed_hybrid,episode,results/confirmatory_extended_compact/raw.csv.gz,return,900,900,0,30,10000,10000,0.652222222222,0,0,0,0,90,0,45,True,
confirmatory_extended_compact,FrozenLake-4x4-slippery,random,episode,results/confirmatory_extended_compact/raw.csv.gz,return,900,900,0,30,10000,10000,0.0233333333333,0,0,0,0,90,0,45,True,
confirmatory_extended_compact,FrozenLake-4x4-slippery,reliability_gated,episode,results/confirmatory_extended_compact/raw.csv.gz,return,900,900,0,30,10000,10000,0.524444444444,0,0,0,0,90,0,45,True,
confirmatory_extended_compact,FrozenLake-4x4-slippery,support_abstain_tau_20,episode,results/confirmatory_extended_compact/raw.csv.gz,return,900,900,0,30,10000,10000,0.631111111111,0,0,0,0,90,0,45,True,
confirmatory_extended_compact,FrozenLake-4x4-slippery,tabular,episode,results/confirmatory_extended_compact/raw.csv.gz,return,900,900,0,30,10000,10000,0.655555555556,0,0,0,0,90,0,45,True,
confirmatory_extended_compact,FrozenLake-4x4-slippery,validated_dqn,episode,results/confirmatory_extended_compact/raw.csv.gz,return,900,900,0,30,10000,10000,0.343333333333,0,0,0,0,90,0,45,True,
confirmatory_extended_compact,FrozenLake-8x8-slippery,count_gated_tau_20,episode,results/confirmatory_extended_compact/raw.csv.gz,return,900,900,0,30,20000,20000,0.126666666667,0,0,0,0,90,0,45,True,
confirmatory_extended_compact,FrozenLake-8x8-slippery,fixed_hybrid,episode,results/confirmatory_extended_compact/raw.csv.gz,return,900,900,0,30,20000,20000,0.131111111111,0,0,0,0,90,0,45,True,
confirmatory_extended_compact,FrozenLake-8x8-slippery,random,episode,results/confirmatory_extended_compact/raw.csv.gz,return,900,900,0,30,20000,20000,0.00222222222222,0,0,0,0,90,0,45,True,
confirmatory_extended_compact,FrozenLake-8x8-slippery,reliability_gated,episode,results/confirmatory_extended_compact/raw.csv.gz,return,900,900,0,30,20000,20000,0.122222222222,0,0,0,0,90,0,45,True,
confirmatory_extended_compact,FrozenLake-8x8-slippery,support_abstain_tau_20,episode,results/confirmatory_extended_compact/raw.csv.gz,return,900,900,0,30,20000,20000,0.131111111111,0,0,0,0,90,0,45,True,
confirmatory_extended_compact,FrozenLake-8x8-slippery,tabular,episode,results/confirmatory_extended_compact/raw.csv.gz,return,900,900,0,30,20000,20000,0.03,0,0,0,0,90,0,45,True,
confirmatory_extended_compact,FrozenLake-8x8-slippery,validated_dqn,episode,results/confirmatory_extended_compact/raw.csv.gz,return,900,900,0,30,20000,20000,0.0788888888889,0,0,0,0,90,0,45,True,
confirmatory_extended_compact,Taxi-v3-compatible,count_gated_tau_20,episode,results/confirmatory_extended_compact/raw.csv.gz,return,900,900,0,30,20000,20000,-200,-200,-200,-200,-200,90,-200,45,True,
confirmatory_extended_compact,Taxi-v3-compatible,fixed_hybrid,episode,results/confirmatory_extended_compact/raw.csv.gz,return,900,900,0,30,20000,20000,-200,-200,-200,-200,-200,90,-200,45,True,
confirmatory_extended_compact,Taxi-v3-compatible,random,episode,results/confirmatory_extended_compact/raw.csv.gz,return,900,900,0,30,20000,20000,-772.276666667,-965,-893,-898.1,-898.1,90,-916,45,True,
confirmatory_extended_compact,Taxi-v3-compatible,reliability_gated,episode,results/confirmatory_extended_compact/raw.csv.gz,return,900,900,0,30,20000,20000,-291.4,-2000,-1937.45,-1114,-1114,90,-1989.4,45,True,
confirmatory_extended_compact,Taxi-v3-compatible,support_abstain_tau_20,episode,results/confirmatory_extended_compact/raw.csv.gz,return,900,900,0,30,20000,20000,-200,-200,-200,-200,-200,90,-200,45,True,
confirmatory_extended_compact,Taxi-v3-compatible,tabular,episode,results/confirmatory_extended_compact/raw.csv.gz,return,900,900,0,30,20000,20000,-218.64,-2000,-200,-386.4,-386.4,90,-572.8,45,True,
confirmatory_extended_compact,Taxi-v3-compatible,validated_dqn,episode,results/confirmatory_extended_compact/raw.csv.gz,return,900,900,0,30,20000,20000,-200,-200,-200,-200,-200,90,-200,45,True,
cost_support_metrics,ApplicationNavigation-cost-support,count_gated_tau_20,episode,results/cost_support_metrics/raw.csv.gz,return,300,300,0,10,12000,12000,-5.1052,-29.77,-28.85,-28.8016666667,-28.8016666667,30,-29.1413333333,15,True,
cost_support_metrics,ApplicationNavigation-cost-support,fuzzy_support_adaptive,episode,results/cost_support_metrics/raw.csv.gz,return,300,300,0,10,12000,12000,-4.0387,-29.54,-28.7075,-28.7353333333,-28.7353333333,30,-29.034,15,True,
cost_support_metrics,ApplicationNavigation-cost-support,support_abstain_tau_20,episode,results/cost_support_metrics/raw.csv.gz,return,300,300,0,10,12000,12000,0.5426,-8.32,-4.0005,-4.57633333333,-4.57633333333,30,-5.64,15,True,
cost_support_metrics,ApplicationNavigation-cost-support,tabular,episode,results/cost_support_metrics/raw.csv.gz,return,300,300,0,10,12000,12000,0.863866666667,-10.97,-8.8535,-9.09866666667,-9.09866666667,30,-9.53466666667,15,True,
cost_support_metrics,ApplicationNavigation-cost-support,validated_dqn,episode,results/cost_support_metrics/raw.csv.gz,return,300,300,0,10,12000,12000,-4.8303,-29.54,-27.7875,-25.0796666667,-25.0796666667,30,-28.7426666667,15,True,
cost_support_metrics,FourRooms-9-cost-support,count_gated_tau_20,episode,results/cost_support_metrics/raw.csv.gz,return,300,300,0,10,12000,12000,-1.9976,-3.15,-3.1,-3.10433333333,-3.10433333333,30,-3.12066666667,15,True,
cost_support_metrics,FourRooms-9-cost-support,fuzzy_support_adaptive,episode,results/cost_support_metrics/raw.csv.gz,return,300,300,0,10,12000,12000,-2.12243333333,-3.14,-3.1,-3.09933333333,-3.09933333333,30,-3.11333333333,15,True,
cost_support_metrics,FourRooms-9-cost-support,support_abstain_tau_20,episode,results/cost_support_metrics/raw.csv.gz,return,300,300,0,10,12000,12000,-1.0653,-2.2,-2.07,-2.077,-2.077,30,-2.104,15,True,
cost_support_metrics,FourRooms-9-cost-support,tabular,episode,results/cost_support_metrics/raw.csv.gz,return,300,300,0,10,12000,12000,-1.05956666667,-2.17,-2.06,-2.06833333333,-2.06833333333,30,-2.09666666667,15,True,
cost_support_metrics,FourRooms-9-cost-support,validated_dqn,episode,results/cost_support_metrics/raw.csv.gz,return,300,300,0,10,12000,12000,-2.0198,-3.15,-3.1,-3.10166666667,-3.10166666667,30,-3.11933333333,15,True,
dqn_strong_validation,CliffWalking-v1,original_selected_dqn,episode,results/dqn_strong_validation/raw.csv.gz,return,900,900,0,30,10000,10000,-500,-500,-500,-500,-500,90,-500,45,True,
dqn_strong_validation,CliffWalking-v1,validated_dqn,episode,results/dqn_strong_validation/raw.csv.gz,return,900,900,0,30,10000,10000,-500,-500,-500,-500,-500,90,-500,45,True,
dqn_strong_validation,FourRooms-11-slip-unseen-goals,original_selected_dqn,episode,results/dqn_strong_validation/raw.csv.gz,return,900,900,0,30,16000,16000,-3.28382222222,-4.32,-4.24,-4.24422222222,-4.24422222222,90,-4.26488888889,45,True,
dqn_strong_validation,FourRooms-11-slip-unseen-goals,validated_dqn,episode,results/dqn_strong_validation/raw.csv.gz,return,900,900,0,30,16000,16000,-3.02742222222,-4.31,-4.24,-4.24688888889,-4.24688888889,90,-4.27,45,True,
dqn_strong_validation,FourRooms-7-unseen-goals,original_selected_dqn,episode,results/dqn_strong_validation/raw.csv.gz,return,900,900,0,30,8000,8000,-1.63075555556,-2,-2,-2,-2,90,-2,45,True,
dqn_strong_validation,FourRooms-7-unseen-goals,validated_dqn,episode,results/dqn_strong_validation/raw.csv.gz,return,900,900,0,30,8000,8000,-1.64515555556,-2,-2,-2,-2,90,-2,45,True,
dqn_strong_validation,FourRooms-9-slip-unseen-goals,original_selected_dqn,episode,results/dqn_strong_validation/raw.csv.gz,return,900,900,0,30,12000,12000,-2.21803333333,-3.15,-3.09,-3.09944444444,-3.09944444444,90,-3.114,45,True,
dqn_strong_validation,FourRooms-9-slip-unseen-goals,validated_dqn,episode,results/dqn_strong_validation/raw.csv.gz,return,900,900,0,30,12000,12000,-2.14613333333,-3.15,-3.1,-3.10477777778,-3.10477777778,90,-3.118,45,True,
dqn_strong_validation,FrozenLake-4x4-slippery,original_selected_dqn,episode,results/dqn_strong_validation/raw.csv.gz,return,900,900,0,30,10000,10000,0.193333333333,0,0,0,0,90,0,45,True,
dqn_strong_validation,FrozenLake-4x4-slippery,validated_dqn,episode,results/dqn_strong_validation/raw.csv.gz,return,900,900,0,30,10000,10000,0.358888888889,0,0,0,0,90,0,45,True,
dqn_strong_validation,FrozenLake-8x8-slippery,original_selected_dqn,episode,results/dqn_strong_validation/raw.csv.gz,return,900,900,0,30,20000,20000,0.00888888888889,0,0,0,0,90,0,45,True,
dqn_strong_validation,FrozenLake-8x8-slippery,validated_dqn,episode,results/dqn_strong_validation/raw.csv.gz,return,900,900,0,30,20000,20000,0.0355555555556,0,0,0,0,90,0,45,True,
dqn_strong_validation,MiniGrid-Empty-5x5-validation,original_selected_dqn,episode,results/dqn_strong_validation/raw.csv.gz,return,300,300,0,10,20000,20000,0,0,0,0,0,30,0,15,True,
dqn_strong_validation,MiniGrid-Empty-5x5-validation,validated_dqn,episode,results/dqn_strong_validation/raw.csv.gz,return,300,300,0,10,20000,20000,0,0,0,0,0,30,0,15,True,
dqn_strong_validation,Taxi-v3-compatible,original_selected_dqn,episode,results/dqn_strong_validation/raw.csv.gz,return,900,900,0,30,20000,20000,-200,-200,-200,-200,-200,90,-200,45,True,
dqn_strong_validation,Taxi-v3-compatible,validated_dqn,episode,results/dqn_strong_validation/raw.csv.gz,return,900,900,0,30,20000,20000,-200,-200,-200,-200,-200,90,-200,45,True,
dqn_tuning_development,CliffWalking-v1,double_dqn_lr3e4_h128,episode,results/dqn_tuning_development/raw.csv.gz,return,100,100,0,5,10000,10000,-500,-500,-500,-500,-500,10,-500,5,True,
dqn_tuning_development,CliffWalking-v1,vanilla_dqn_buffer100k,episode,results/dqn_tuning_development/raw.csv.gz,return,100,100,0,5,10000,10000,-500,-500,-500,-500,-500,10,-500,5,True,
dqn_tuning_development,CliffWalking-v1,vanilla_dqn_h128,episode,results/dqn_tuning_development/raw.csv.gz,return,100,100,0,5,10000,10000,-500,-500,-500,-500,-500,10,-500,5,True,
dqn_tuning_development,CliffWalking-v1,vanilla_dqn_h64,episode,results/dqn_tuning_development/raw.csv.gz,return,100,100,0,5,10000,10000,-500,-500,-500,-500,-500,10,-500,5,True,
dqn_tuning_development,CliffWalking-v1,vanilla_dqn_lr3e4_h128,episode,results/dqn_tuning_development/raw.csv.gz,return,100,100,0,5,10000,10000,-500,-500,-500,-500,-500,10,-500,5,True,
dqn_tuning_development,CliffWalking-v1,vanilla_dqn_target1000,episode,results/dqn_tuning_development/raw.csv.gz,return,100,100,0,5,10000,10000,-500,-500,-500,-500,-500,10,-500,5,True,
dqn_tuning_development,CliffWalking-v1,vanilla_dqn_target250,episode,results/dqn_tuning_development/raw.csv.gz,return,100,100,0,5,10000,10000,-500,-500,-500,-500,-500,10,-500,5,True,
dqn_tuning_development,FourRooms-11-slip-unseen-goals,double_dqn_lr3e4_h128,episode,results/dqn_tuning_development/raw.csv.gz,return,100,100,0,5,16000,16000,-2.9056,-4.3,-4.2305,-4.239,-4.239,10,-4.268,5,True,
dqn_tuning_development,FourRooms-11-slip-unseen-goals,vanilla_dqn_buffer100k,episode,results/dqn_tuning_development/raw.csv.gz,return,100,100,0,5,16000,16000,-3.4595,-4.29,-4.2705,-4.269,-4.269,10,-4.282,5,True,
dqn_tuning_development,FourRooms-11-slip-unseen-goals,vanilla_dqn_h128,episode,results/dqn_tuning_development/raw.csv.gz,return,100,100,0,5,16000,16000,-3.3241,-4.29,-4.251,-4.26,-4.26,10,-4.282,5,True,
dqn_tuning_development,FourRooms-11-slip-unseen-goals,vanilla_dqn_h64,episode,results/dqn_tuning_development/raw.csv.gz,return,100,100,0,5,16000,16000,-3.1309,-4.29,-4.25,-4.256,-4.256,10,-4.274,5,True,
dqn_tuning_development,FourRooms-11-slip-unseen-goals,vanilla_dqn_lr3e4_h128,episode,results/dqn_tuning_development/raw.csv.gz,return,100,100,0,5,16000,16000,-2.992,-4.29,-4.2105,-4.228,-4.228,10,-4.25,5,True,
dqn_tuning_development,FourRooms-11-slip-unseen-goals,vanilla_dqn_target1000,episode,results/dqn_tuning_development/raw.csv.gz,return,100,100,0,5,16000,16000,-2.975,-4.29,-4.2405,-4.246,-4.246,10,-4.272,5,True,
dqn_tuning_development,FourRooms-11-slip-unseen-goals,vanilla_dqn_target250,episode,results/dqn_tuning_development/raw.csv.gz,return,100,100,0,5,16000,16000,-2.7632,-4.28,-4.2105,-4.228,-4.228,10,-4.258,5,True,
dqn_tuning_development,FourRooms-7-unseen-goals,double_dqn_lr3e4_h128,episode,results/dqn_tuning_development/raw.csv.gz,return,100,100,0,5,8000,8000,-1.688,-2,-2,-2,-2,10,-2,5,True,
dqn_tuning_development,FourRooms-7-unseen-goals,vanilla_dqn_buffer100k,episode,results/dqn_tuning_development/raw.csv.gz,return,100,100,0,5,8000,8000,-1.6363,-2,-2,-2,-2,10,-2,5,True,
dqn_tuning_development,FourRooms-7-unseen-goals,vanilla_dqn_h128,episode,results/dqn_tuning_development/raw.csv.gz,return,100,100,0,5,8000,8000,-1.5121,-2,-2,-2,-2,10,-2,5,True,
dqn_tuning_development,FourRooms-7-unseen-goals,vanilla_dqn_h64,episode,results/dqn_tuning_development/raw.csv.gz,return,100,100,0,5,8000,8000,-1.4914,-2,-2,-2,-2,10,-2,5,True,
dqn_tuning_development,FourRooms-7-unseen-goals,vanilla_dqn_lr3e4_h128,episode,results/dqn_tuning_development/raw.csv.gz,return,100,100,0,5,8000,8000,-1.5407,-2,-2,-2,-2,10,-2,5,True,
dqn_tuning_development,FourRooms-7-unseen-goals,vanilla_dqn_target1000,episode,results/dqn_tuning_development/raw.csv.gz,return,100,100,0,5,8000,8000,-1.6762,-2,-2,-2,-2,10,-2,5,True,
dqn_tuning_development,FourRooms-7-unseen-goals,vanilla_dqn_target250,episode,results/dqn_tuning_development/raw.csv.gz,return,100,100,0,5,8000,8000,-1.3834,-2,-2,-2,-2,10,-2,5,True,
dqn_tuning_development,FourRooms-9-slip-unseen-goals,double_dqn_lr3e4_h128,episode,results/dqn_tuning_development/raw.csv.gz,return,100,100,0,5,12000,12000,-2.0145,-3.17,-3.08,-3.088,-3.088,10,-3.104,5,True,
dqn_tuning_development,FourRooms-9-slip-unseen-goals,vanilla_dqn_buffer100k,episode,results/dqn_tuning_development/raw.csv.gz,return,100,100,0,5,12000,12000,-1.5214,-3.11,-3.08,-3.08,-3.08,10,-3.096,5,True,
dqn_tuning_development,FourRooms-9-slip-unseen-goals,vanilla_dqn_h128,episode,results/dqn_tuning_development/raw.csv.gz,return,100,100,0,5,12000,12000,-2.0009,-3.17,-3.09,-3.096,-3.096,10,-3.12,5,True,
dqn_tuning_development,FourRooms-9-slip-unseen-goals,vanilla_dqn_h64,episode,results/dqn_tuning_development/raw.csv.gz,return,100,100,0,5,12000,12000,-2.1155,-3.17,-3.09,-3.1,-3.1,10,-3.124,5,True,
dqn_tuning_development,FourRooms-9-slip-unseen-goals,vanilla_dqn_lr3e4_h128,episode,results/dqn_tuning_development/raw.csv.gz,return,100,100,0,5,12000,12000,-1.8221,-3.17,-3.08,-3.094,-3.094,10,-3.112,5,True,
dqn_tuning_development,FourRooms-9-slip-unseen-goals,vanilla_dqn_target1000,episode,results/dqn_tuning_development/raw.csv.gz,return,100,100,0,5,12000,12000,-1.7737,-3.17,-3.081,-3.104,-3.104,10,-3.14,5,True,
dqn_tuning_development,FourRooms-9-slip-unseen-goals,vanilla_dqn_target250,episode,results/dqn_tuning_development/raw.csv.gz,return,100,100,0,5,12000,12000,-2.1191,-3.12,-3.09,-3.094,-3.094,10,-3.106,5,True,
dqn_tuning_development,FrozenLake-4x4-slippery,double_dqn_lr3e4_h128,episode,results/dqn_tuning_development/raw.csv.gz,return,100,100,0,5,10000,10000,0.15,0,0,0,0,10,0,5,True,
dqn_tuning_development,FrozenLake-4x4-slippery,vanilla_dqn_buffer100k,episode,results/dqn_tuning_development/raw.csv.gz,return,100,100,0,5,10000,10000,0.23,0,0,0,0,10,0,5,True,
dqn_tuning_development,FrozenLake-4x4-slippery,vanilla_dqn_h128,episode,results/dqn_tuning_development/raw.csv.gz,return,100,100,0,5,10000,10000,0.34,0,0,0,0,10,0,5,True,
dqn_tuning_development,FrozenLake-4x4-slippery,vanilla_dqn_h64,episode,results/dqn_tuning_development/raw.csv.gz,return,100,100,0,5,10000,10000,0.43,0,0,0,0,10,0,5,True,
dqn_tuning_development,FrozenLake-4x4-slippery,vanilla_dqn_lr3e4_h128,episode,results/dqn_tuning_development/raw.csv.gz,return,100,100,0,5,10000,10000,0.38,0,0,0,0,10,0,5,True,
dqn_tuning_development,FrozenLake-4x4-slippery,vanilla_dqn_target1000,episode,results/dqn_tuning_development/raw.csv.gz,return,100,100,0,5,10000,10000,0.22,0,0,0,0,10,0,5,True,
dqn_tuning_development,FrozenLake-4x4-slippery,vanilla_dqn_target250,episode,results/dqn_tuning_development/raw.csv.gz,return,100,100,0,5,10000,10000,0.19,0,0,0,0,10,0,5,True,
dqn_tuning_development,FrozenLake-8x8-slippery,double_dqn_lr3e4_h128,episode,results/dqn_tuning_development/raw.csv.gz,return,100,100,0,5,20000,20000,0.02,0,0,0,0,10,0,5,True,
dqn_tuning_development,FrozenLake-8x8-slippery,vanilla_dqn_buffer100k,episode,results/dqn_tuning_development/raw.csv.gz,return,100,100,0,5,20000,20000,0.01,0,0,0,0,10,0,5,True,
dqn_tuning_development,FrozenLake-8x8-slippery,vanilla_dqn_h128,episode,results/dqn_tuning_development/raw.csv.gz,return,100,100,0,5,20000,20000,0,0,0,0,0,10,0,5,True,
dqn_tuning_development,FrozenLake-8x8-slippery,vanilla_dqn_h64,episode,results/dqn_tuning_development/raw.csv.gz,return,100,100,0,5,20000,20000,0.07,0,0,0,0,10,0,5,True,
dqn_tuning_development,FrozenLake-8x8-slippery,vanilla_dqn_lr3e4_h128,episode,results/dqn_tuning_development/raw.csv.gz,return,100,100,0,5,20000,20000,0,0,0,0,0,10,0,5,True,
dqn_tuning_development,FrozenLake-8x8-slippery,vanilla_dqn_target1000,episode,results/dqn_tuning_development/raw.csv.gz,return,100,100,0,5,20000,20000,0.02,0,0,0,0,10,0,5,True,
dqn_tuning_development,FrozenLake-8x8-slippery,vanilla_dqn_target250,episode,results/dqn_tuning_development/raw.csv.gz,return,100,100,0,5,20000,20000,0.03,0,0,0,0,10,0,5,True,
dqn_tuning_development,Taxi-v3-compatible,double_dqn_lr3e4_h128,episode,results/dqn_tuning_development/raw.csv.gz,return,100,100,0,5,20000,20000,-200,-200,-200,-200,-200,10,-200,5,True,
dqn_tuning_development,Taxi-v3-compatible,vanilla_dqn_buffer100k,episode,results/dqn_tuning_development/raw.csv.gz,return,100,100,0,5,20000,20000,-200,-200,-200,-200,-200,10,-200,5,True,
dqn_tuning_development,Taxi-v3-compatible,vanilla_dqn_h128,episode,results/dqn_tuning_development/raw.csv.gz,return,100,100,0,5,20000,20000,-200,-200,-200,-200,-200,10,-200,5,True,
dqn_tuning_development,Taxi-v3-compatible,vanilla_dqn_h64,episode,results/dqn_tuning_development/raw.csv.gz,return,100,100,0,5,20000,20000,-200,-200,-200,-200,-200,10,-200,5,True,
dqn_tuning_development,Taxi-v3-compatible,vanilla_dqn_lr3e4_h128,episode,results/dqn_tuning_development/raw.csv.gz,return,100,100,0,5,20000,20000,-200,-200,-200,-200,-200,10,-200,5,True,
dqn_tuning_development,Taxi-v3-compatible,vanilla_dqn_target1000,episode,results/dqn_tuning_development/raw.csv.gz,return,100,100,0,5,20000,20000,-200,-200,-200,-200,-200,10,-200,5,True,
dqn_tuning_development,Taxi-v3-compatible,vanilla_dqn_target250,episode,results/dqn_tuning_development/raw.csv.gz,return,100,100,0,5,20000,20000,-200,-200,-200,-200,-200,10,-200,5,True,
fuzzy_ablation,ApplicationNavigation-deployment-goal-shift,crisp_threshold_gate,episode,results/fuzzy_ablation/raw.csv.gz,return,900,900,0,30,12000,12000,-6.72428888889,-29.54,-28.62,-28.6841111111,-28.6841111111,90,-28.9831111111,45,True,
fuzzy_ablation,ApplicationNavigation-deployment-goal-shift,fuzzy_no_confidence,episode,results/fuzzy_ablation/raw.csv.gz,return,900,900,0,30,12000,12000,-5.43805555556,-29.77,-28.62,-28.6211111111,-28.6211111111,90,-28.9064444444,45,True,
fuzzy_ablation,ApplicationNavigation-deployment-goal-shift,fuzzy_no_count,episode,results/fuzzy_ablation/raw.csv.gz,return,900,900,0,30,12000,12000,-3.59936666667,-29.77,-27.93,-27.8567777778,-27.8567777778,90,-28.6291111111,45,True,
fuzzy_ablation,ApplicationNavigation-deployment-goal-shift,fuzzy_no_td_residual,episode,results/fuzzy_ablation/raw.csv.gz,return,900,900,0,30,12000,12000,-4.632,-29.77,-28.39,-28.4771111111,-28.4771111111,90,-28.8688888889,45,True,
fuzzy_reliability_confirmatory,CliffWalking-confirmatory,count_gate_tau_20,episode,results/fuzzy_reliability_confirmatory/raw.csv.gz,return,900,900,0,30,10000,10000,-13,-13,-13,-13,-13,90,-13,45,True,
fuzzy_reliability_confirmatory,CliffWalking-confirmatory,crisp_relative_gate,episode,results/fuzzy_reliability_confirmatory/raw.csv.gz,return,900,900,0,30,10000,10000,-321.833333333,-500,-500,-500,-500,90,-500,45,True,
fuzzy_reliability_confirmatory,CliffWalking-confirmatory,fuzzy_no_reliability,episode,results/fuzzy_reliability_confirmatory/raw.csv.gz,return,900,900,0,30,10000,10000,-29.2333333333,-500,-13,-175.333333333,-175.333333333,90,-337.666666667,45,True,
fuzzy_reliability_confirmatory,CliffWalking-confirmatory,fuzzy_no_support,episode,results/fuzzy_reliability_confirmatory/raw.csv.gz,return,900,900,0,30,10000,10000,-78.9333333333,-500,-500,-500,-500,90,-500,45,True,
fuzzy_reliability_confirmatory,CliffWalking-confirmatory,fuzzy_reliability_full,episode,results/fuzzy_reliability_confirmatory/raw.csv.gz,return,900,900,0,30,10000,10000,-13,-13,-13,-13,-13,90,-13,45,True,
fuzzy_reliability_confirmatory,CliffWalking-confirmatory,original_fuzzy,episode,results/fuzzy_reliability_confirmatory/raw.csv.gz,return,900,900,0,30,10000,10000,-13,-13,-13,-13,-13,90,-13,45,True,
fuzzy_reliability_confirmatory,FourRooms-9-support-shift-confirmatory,count_gate_tau_20,episode,results/fuzzy_reliability_confirmatory/raw.csv.gz,return,900,900,0,30,12000,12000,-2.15917777778,-3.15,-3.1,-3.10155555556,-3.10155555556,90,-3.11644444444,45,True,
fuzzy_reliability_confirmatory,FourRooms-9-support-shift-confirmatory,crisp_relative_gate,episode,results/fuzzy_reliability_confirmatory/raw.csv.gz,return,900,900,0,30,12000,12000,-2.26291111111,-3.16,-3.1,-3.10155555556,-3.10155555556,90,-3.11755555556,45,True,
fuzzy_reliability_confirmatory,FourRooms-9-support-shift-confirmatory,fuzzy_no_reliability,episode,results/fuzzy_reliability_confirmatory/raw.csv.gz,return,900,900,0,30,12000,12000,-2.02686666667,-3.18,-3.09,-3.09722222222,-3.09722222222,90,-3.11377777778,45,True,
fuzzy_reliability_confirmatory,FourRooms-9-support-shift-confirmatory,fuzzy_no_support,episode,results/fuzzy_reliability_confirmatory/raw.csv.gz,return,900,900,0,30,12000,12000,-2.10567777778,-3.16,-3.09,-3.09533333333,-3.09533333333,90,-3.11155555556,45,True,
fuzzy_reliability_confirmatory,FourRooms-9-support-shift-confirmatory,fuzzy_reliability_full,episode,results/fuzzy_reliability_confirmatory/raw.csv.gz,return,900,900,0,30,12000,12000,-2.10611111111,-3.16,-3.09,-3.09633333333,-3.09633333333,90,-3.112,45,True,
fuzzy_reliability_confirmatory,FourRooms-9-support-shift-confirmatory,original_fuzzy,episode,results/fuzzy_reliability_confirmatory/raw.csv.gz,return,900,900,0,30,12000,12000,-2.21301111111,-3.16,-3.1,-3.10011111111,-3.10011111111,90,-3.11488888889,45,True,
fuzzy_reliability_confirmatory,FrozenLake-4x4-slippery-confirmatory,count_gate_tau_20,episode,results/fuzzy_reliability_confirmatory/raw.csv.gz,return,900,900,0,30,10000,10000,0.657777777778,0,0,0,0,90,0,45,True,
fuzzy_reliability_confirmatory,FrozenLake-4x4-slippery-confirmatory,crisp_relative_gate,episode,results/fuzzy_reliability_confirmatory/raw.csv.gz,return,900,900,0,30,10000,10000,0.415555555556,0,0,0,0,90,0,45,True,
fuzzy_reliability_confirmatory,FrozenLake-4x4-slippery-confirmatory,fuzzy_no_reliability,episode,results/fuzzy_reliability_confirmatory/raw.csv.gz,return,900,900,0,30,10000,10000,0.647777777778,0,0,0,0,90,0,45,True,
fuzzy_reliability_confirmatory,FrozenLake-4x4-slippery-confirmatory,fuzzy_no_support,episode,results/fuzzy_reliability_confirmatory/raw.csv.gz,return,900,900,0,30,10000,10000,0.638888888889,0,0,0,0,90,0,45,True,
fuzzy_reliability_confirmatory,FrozenLake-4x4-slippery-confirmatory,fuzzy_reliability_full,episode,results/fuzzy_reliability_confirmatory/raw.csv.gz,return,900,900,0,30,10000,10000,0.708888888889,0,0,0,0,90,0,45,True,
fuzzy_reliability_confirmatory,FrozenLake-4x4-slippery-confirmatory,original_fuzzy,episode,results/fuzzy_reliability_confirmatory/raw.csv.gz,return,900,900,0,30,10000,10000,0.651111111111,0,0,0,0,90,0,45,True,
fuzzy_reliability_shift_confirmatory,ReliabilityShift-boundary-020-confirmatory,count_gate,episode,results/fuzzy_reliability_shift_confirmatory/raw_parts/ReliabilityShift-boundary-020-confirmatory__count_gate.csv.gz;results/fuzzy_reliability_shift_confirmatory/raw_parts/ReliabilityShift-boundary-020-confirmatory__fuzzy_shift_crisp.csv.gz;results/fuzzy_reliability_shift_confirmatory/raw_parts/ReliabilityShift-boundary-020-confirmatory__fuzzy_shift_full.csv.gz;results/fuzzy_reliability_shift_confirmatory/raw_parts/ReliabilityShift-boundary-020-confirmatory__fuzzy_shift_no_reliability.csv.gz;results/fuzzy_reliability_shift_confirmatory/raw_parts/ReliabilityShift-boundary-020-confirmatory__fuzzy_shift_no_support.csv.gz;results/fuzzy_reliability_shift_confirmatory/raw_parts/ReliabilityShift-boundary-020-confirmatory__original_fuzzy.csv.gz;results/fuzzy_reliability_shift_confirmatory/raw_parts/ReliabilityShift-boundary-030-confirmatory__count_gate.csv.gz;results/fuzzy_reliability_shift_confirmatory/raw_parts/ReliabilityShift-boundary-030-confirmatory__fuzzy_shift_crisp.csv.gz;results/fuzzy_reliability_shift_confirmatory/raw_parts/ReliabilityShift-boundary-030-confirmatory__fuzzy_shift_full.csv.gz;results/fuzzy_reliability_shift_confirmatory/raw_parts/ReliabilityShift-boundary-030-confirmatory__fuzzy_shift_no_reliability.csv.gz;results/fuzzy_reliability_shift_confirmatory/raw_parts/ReliabilityShift-boundary-030-confirmatory__fuzzy_shift_no_support.csv.gz;results/fuzzy_reliability_shift_confirmatory/raw_parts/ReliabilityShift-boundary-030-confirmatory__original_fuzzy.csv.gz,return,6000,6000,0,30,8000,8000,0.582666666667,-1,-1,-1,-1,600,-1,300,True,
fuzzy_reliability_shift_confirmatory,ReliabilityShift-boundary-020-confirmatory,fuzzy_shift_crisp,episode,results/fuzzy_reliability_shift_confirmatory/raw_parts/ReliabilityShift-boundary-020-confirmatory__count_gate.csv.gz;results/fuzzy_reliability_shift_confirmatory/raw_parts/ReliabilityShift-boundary-020-confirmatory__fuzzy_shift_crisp.csv.gz;results/fuzzy_reliability_shift_confirmatory/raw_parts/ReliabilityShift-boundary-020-confirmatory__fuzzy_shift_full.csv.gz;results/fuzzy_reliability_shift_confirmatory/raw_parts/ReliabilityShift-boundary-020-confirmatory__fuzzy_shift_no_reliability.csv.gz;results/fuzzy_reliability_shift_confirmatory/raw_parts/ReliabilityShift-boundary-020-confirmatory__fuzzy_shift_no_support.csv.gz;results/fuzzy_reliability_shift_confirmatory/raw_parts/ReliabilityShift-boundary-020-confirmatory__original_fuzzy.csv.gz;results/fuzzy_reliability_shift_confirmatory/raw_parts/ReliabilityShift-boundary-030-confirmatory__count_gate.csv.gz;results/fuzzy_reliability_shift_confirmatory/raw_parts/ReliabilityShift-boundary-030-confirmatory__fuzzy_shift_crisp.csv.gz;results/fuzzy_reliability_shift_confirmatory/raw_parts/ReliabilityShift-boundary-030-confirmatory__fuzzy_shift_full.csv.gz;results/fuzzy_reliability_shift_confirmatory/raw_parts/ReliabilityShift-boundary-030-confirmatory__fuzzy_shift_no_reliability.csv.gz;results/fuzzy_reliability_shift_confirmatory/raw_parts/ReliabilityShift-boundary-030-confirmatory__fuzzy_shift_no_support.csv.gz;results/fuzzy_reliability_shift_confirmatory/raw_parts/ReliabilityShift-boundary-030-confirmatory__original_fuzzy.csv.gz,return,6000,6000,0,30,8000,8000,0.997333333333,-1,1,0.973333333333,0.973333333333,600,0.946666666667,300,True,
fuzzy_reliability_shift_confirmatory,ReliabilityShift-boundary-020-confirmatory,fuzzy_shift_full,episode,results/fuzzy_reliability_shift_confirmatory/raw_parts/ReliabilityShift-boundary-020-confirmatory__count_gate.csv.gz;results/fuzzy_reliability_shift_confirmatory/raw_parts/ReliabilityShift-boundary-020-confirmatory__fuzzy_shift_crisp.csv.gz;results/fuzzy_reliability_shift_confirmatory/raw_parts/ReliabilityShift-boundary-020-confirmatory__fuzzy_shift_full.csv.gz;results/fuzzy_reliability_shift_confirmatory/raw_parts/ReliabilityShift-boundary-020-confirmatory__fuzzy_shift_no_reliability.csv.gz;results/fuzzy_reliability_shift_confirmatory/raw_parts/ReliabilityShift-boundary-020-confirmatory__fuzzy_shift_no_support.csv.gz;results/fuzzy_reliability_shift_confirmatory/raw_parts/ReliabilityShift-boundary-020-confirmatory__original_fuzzy.csv.gz;results/fuzzy_reliability_shift_confirmatory/raw_parts/ReliabilityShift-boundary-030-confirmatory__count_gate.csv.gz;results/fuzzy_reliability_shift_confirmatory/raw_parts/ReliabilityShift-boundary-030-confirmatory__fuzzy_shift_crisp.csv.gz;results/fuzzy_reliability_shift_confirmatory/raw_parts/ReliabilityShift-boundary-030-confirmatory__fuzzy_shift_full.csv.gz;results/fuzzy_reliability_shift_confirmatory/raw_parts/ReliabilityShift-boundary-030-confirmatory__fuzzy_shift_no_reliability.csv.gz;results/fuzzy_reliability_shift_confirmatory/raw_parts/ReliabilityShift-boundary-030-confirmatory__fuzzy_shift_no_support.csv.gz;results/fuzzy_reliability_shift_confirmatory/raw_parts/ReliabilityShift-boundary-030-confirmatory__original_fuzzy.csv.gz,return,6000,6000,0,30,8000,8000,1,1,1,1,1,600,1,300,True,
fuzzy_reliability_shift_confirmatory,ReliabilityShift-boundary-020-confirmatory,fuzzy_shift_no_reliability,episode,results/fuzzy_reliability_shift_confirmatory/raw_parts/ReliabilityShift-boundary-020-confirmatory__count_gate.csv.gz;results/fuzzy_reliability_shift_confirmatory/raw_parts/ReliabilityShift-boundary-020-confirmatory__fuzzy_shift_crisp.csv.gz;results/fuzzy_reliability_shift_confirmatory/raw_parts/ReliabilityShift-boundary-020-confirmatory__fuzzy_shift_full.csv.gz;results/fuzzy_reliability_shift_confirmatory/raw_parts/ReliabilityShift-boundary-020-confirmatory__fuzzy_shift_no_reliability.csv.gz;results/fuzzy_reliability_shift_confirmatory/raw_parts/ReliabilityShift-boundary-020-confirmatory__fuzzy_shift_no_support.csv.gz;results/fuzzy_reliability_shift_confirmatory/raw_parts/ReliabilityShift-boundary-020-confirmatory__original_fuzzy.csv.gz;results/fuzzy_reliability_shift_confirmatory/raw_parts/ReliabilityShift-boundary-030-confirmatory__count_gate.csv.gz;results/fuzzy_reliability_shift_confirmatory/raw_parts/ReliabilityShift-boundary-030-confirmatory__fuzzy_shift_crisp.csv.gz;results/fuzzy_reliability_shift_confirmatory/raw_parts/ReliabilityShift-boundary-030-confirmatory__fuzzy_shift_full.csv.gz;results/fuzzy_reliability_shift_confirmatory/raw_parts/ReliabilityShift-boundary-030-confirmatory__fuzzy_shift_no_reliability.csv.gz;results/fuzzy_reliability_shift_confirmatory/raw_parts/ReliabilityShift-boundary-030-confirmatory__fuzzy_shift_no_support.csv.gz;results/fuzzy_reliability_shift_confirmatory/raw_parts/ReliabilityShift-boundary-030-confirmatory__original_fuzzy.csv.gz,return,6000,6000,0,30,8000,8000,0.998,-1,1,0.98,0.98,600,0.96,300,True,
fuzzy_reliability_shift_confirmatory,ReliabilityShift-boundary-020-confirmatory,fuzzy_shift_no_support,episode,results/fuzzy_reliability_shift_confirmatory/raw_parts/ReliabilityShift-boundary-020-confirmatory__count_gate.csv.gz;results/fuzzy_reliability_shift_confirmatory/raw_parts/ReliabilityShift-boundary-020-confirmatory__fuzzy_shift_crisp.csv.gz;results/fuzzy_reliability_shift_confirmatory/raw_parts/ReliabilityShift-boundary-020-confirmatory__fuzzy_shift_full.csv.gz;results/fuzzy_reliability_shift_confirmatory/raw_parts/ReliabilityShift-boundary-020-confirmatory__fuzzy_shift_no_reliability.csv.gz;results/fuzzy_reliability_shift_confirmatory/raw_parts/ReliabilityShift-boundary-020-confirmatory__fuzzy_shift_no_support.csv.gz;results/fuzzy_reliability_shift_confirmatory/raw_parts/ReliabilityShift-boundary-020-confirmatory__original_fuzzy.csv.gz;results/fuzzy_reliability_shift_confirmatory/raw_parts/ReliabilityShift-boundary-030-confirmatory__count_gate.csv.gz;results/fuzzy_reliability_shift_confirmatory/raw_parts/ReliabilityShift-boundary-030-confirmatory__fuzzy_shift_crisp.csv.gz;results/fuzzy_reliability_shift_confirmatory/raw_parts/ReliabilityShift-boundary-030-confirmatory__fuzzy_shift_full.csv.gz;results/fuzzy_reliability_shift_confirmatory/raw_parts/ReliabilityShift-boundary-030-confirmatory__fuzzy_shift_no_reliability.csv.gz;results/fuzzy_reliability_shift_confirmatory/raw_parts/ReliabilityShift-boundary-030-confirmatory__fuzzy_shift_no_support.csv.gz;results/fuzzy_reliability_shift_confirmatory/raw_parts/ReliabilityShift-boundary-030-confirmatory__original_fuzzy.csv.gz,return,6000,6000,0,30,8000,8000,1,1,1,1,1,600,1,300,True,
fuzzy_reliability_shift_confirmatory,ReliabilityShift-boundary-020-confirmatory,original_fuzzy,episode,results/fuzzy_reliability_shift_confirmatory/raw_parts/ReliabilityShift-boundary-020-confirmatory__count_gate.csv.gz;results/fuzzy_reliability_shift_confirmatory/raw_parts/ReliabilityShift-boundary-020-confirmatory__fuzzy_shift_crisp.csv.gz;results/fuzzy_reliability_shift_confirmatory/raw_parts/ReliabilityShift-boundary-020-confirmatory__fuzzy_shift_full.csv.gz;results/fuzzy_reliability_shift_confirmatory/raw_parts/ReliabilityShift-boundary-020-confirmatory__fuzzy_shift_no_reliability.csv.gz;results/fuzzy_reliability_shift_confirmatory/raw_parts/ReliabilityShift-boundary-020-confirmatory__fuzzy_shift_no_support.csv.gz;results/fuzzy_reliability_shift_confirmatory/raw_parts/ReliabilityShift-boundary-020-confirmatory__original_fuzzy.csv.gz;results/fuzzy_reliability_shift_confirmatory/raw_parts/ReliabilityShift-boundary-030-confirmatory__count_gate.csv.gz;results/fuzzy_reliability_shift_confirmatory/raw_parts/ReliabilityShift-boundary-030-confirmatory__fuzzy_shift_crisp.csv.gz;results/fuzzy_reliability_shift_confirmatory/raw_parts/ReliabilityShift-boundary-030-confirmatory__fuzzy_shift_full.csv.gz;results/fuzzy_reliability_shift_confirmatory/raw_parts/ReliabilityShift-boundary-030-confirmatory__fuzzy_shift_no_reliability.csv.gz;results/fuzzy_reliability_shift_confirmatory/raw_parts/ReliabilityShift-boundary-030-confirmatory__fuzzy_shift_no_support.csv.gz;results/fuzzy_reliability_shift_confirmatory/raw_parts/ReliabilityShift-boundary-030-confirmatory__original_fuzzy.csv.gz,return,6000,6000,0,30,8000,8000,0.930333333333,-1,1,0.303333333333,0.303333333333,600,-0.393333333333,300,True,
fuzzy_reliability_shift_confirmatory,ReliabilityShift-boundary-030-confirmatory,count_gate,episode,results/fuzzy_reliability_shift_confirmatory/raw_parts/ReliabilityShift-boundary-020-confirmatory__count_gate.csv.gz;results/fuzzy_reliability_shift_confirmatory/raw_parts/ReliabilityShift-boundary-020-confirmatory__fuzzy_shift_crisp.csv.gz;results/fuzzy_reliability_shift_confirmatory/raw_parts/ReliabilityShift-boundary-020-confirmatory__fuzzy_shift_full.csv.gz;results/fuzzy_reliability_shift_confirmatory/raw_parts/ReliabilityShift-boundary-020-confirmatory__fuzzy_shift_no_reliability.csv.gz;results/fuzzy_reliability_shift_confirmatory/raw_parts/ReliabilityShift-boundary-020-confirmatory__fuzzy_shift_no_support.csv.gz;results/fuzzy_reliability_shift_confirmatory/raw_parts/ReliabilityShift-boundary-020-confirmatory__original_fuzzy.csv.gz;results/fuzzy_reliability_shift_confirmatory/raw_parts/ReliabilityShift-boundary-030-confirmatory__count_gate.csv.gz;results/fuzzy_reliability_shift_confirmatory/raw_parts/ReliabilityShift-boundary-030-confirmatory__fuzzy_shift_crisp.csv.gz;results/fuzzy_reliability_shift_confirmatory/raw_parts/ReliabilityShift-boundary-030-confirmatory__fuzzy_shift_full.csv.gz;results/fuzzy_reliability_shift_confirmatory/raw_parts/ReliabilityShift-boundary-030-confirmatory__fuzzy_shift_no_reliability.csv.gz;results/fuzzy_reliability_shift_confirmatory/raw_parts/ReliabilityShift-boundary-030-confirmatory__fuzzy_shift_no_support.csv.gz;results/fuzzy_reliability_shift_confirmatory/raw_parts/ReliabilityShift-boundary-030-confirmatory__original_fuzzy.csv.gz,return,6000,6000,0,30,8000,8000,0.699,-1,-1,-1,-1,600,-1,300,True,
fuzzy_reliability_shift_confirmatory,ReliabilityShift-boundary-030-confirmatory,fuzzy_shift_crisp,episode,results/fuzzy_reliability_shift_confirmatory/raw_parts/ReliabilityShift-boundary-020-confirmatory__count_gate.csv.gz;results/fuzzy_reliability_shift_confirmatory/raw_parts/ReliabilityShift-boundary-020-confirmatory__fuzzy_shift_crisp.csv.gz;results/fuzzy_reliability_shift_confirmatory/raw_parts/ReliabilityShift-boundary-020-confirmatory__fuzzy_shift_full.csv.gz;results/fuzzy_reliability_shift_confirmatory/raw_parts/ReliabilityShift-boundary-020-confirmatory__fuzzy_shift_no_reliability.csv.gz;results/fuzzy_reliability_shift_confirmatory/raw_parts/ReliabilityShift-boundary-020-confirmatory__fuzzy_shift_no_support.csv.gz;results/fuzzy_reliability_shift_confirmatory/raw_parts/ReliabilityShift-boundary-020-confirmatory__original_fuzzy.csv.gz;results/fuzzy_reliability_shift_confirmatory/raw_parts/ReliabilityShift-boundary-030-confirmatory__count_gate.csv.gz;results/fuzzy_reliability_shift_confirmatory/raw_parts/ReliabilityShift-boundary-030-confirmatory__fuzzy_shift_crisp.csv.gz;results/fuzzy_reliability_shift_confirmatory/raw_parts/ReliabilityShift-boundary-030-confirmatory__fuzzy_shift_full.csv.gz;results/fuzzy_reliability_shift_confirmatory/raw_parts/ReliabilityShift-boundary-030-confirmatory__fuzzy_shift_no_reliability.csv.gz;results/fuzzy_reliability_shift_confirmatory/raw_parts/ReliabilityShift-boundary-030-confirmatory__fuzzy_shift_no_support.csv.gz;results/fuzzy_reliability_shift_confirmatory/raw_parts/ReliabilityShift-boundary-030-confirmatory__original_fuzzy.csv.gz,return,6000,6000,0,30,8000,8000,0.996333333333,-1,1,0.963333333333,0.963333333333,600,0.926666666667,300,True,
fuzzy_reliability_shift_confirmatory,ReliabilityShift-boundary-030-confirmatory,fuzzy_shift_full,episode,results/fuzzy_reliability_shift_confirmatory/raw_parts/ReliabilityShift-boundary-020-confirmatory__count_gate.csv.gz;results/fuzzy_reliability_shift_confirmatory/raw_parts/ReliabilityShift-boundary-020-confirmatory__fuzzy_shift_crisp.csv.gz;results/fuzzy_reliability_shift_confirmatory/raw_parts/ReliabilityShift-boundary-020-confirmatory__fuzzy_shift_full.csv.gz;results/fuzzy_reliability_shift_confirmatory/raw_parts/ReliabilityShift-boundary-020-confirmatory__fuzzy_shift_no_reliability.csv.gz;results/fuzzy_reliability_shift_confirmatory/raw_parts/ReliabilityShift-boundary-020-confirmatory__fuzzy_shift_no_support.csv.gz;results/fuzzy_reliability_shift_confirmatory/raw_parts/ReliabilityShift-boundary-020-confirmatory__original_fuzzy.csv.gz;results/fuzzy_reliability_shift_confirmatory/raw_parts/ReliabilityShift-boundary-030-confirmatory__count_gate.csv.gz;results/fuzzy_reliability_shift_confirmatory/raw_parts/ReliabilityShift-boundary-030-confirmatory__fuzzy_shift_crisp.csv.gz;results/fuzzy_reliability_shift_confirmatory/raw_parts/ReliabilityShift-boundary-030-confirmatory__fuzzy_shift_full.csv.gz;results/fuzzy_reliability_shift_confirmatory/raw_parts/ReliabilityShift-boundary-030-confirmatory__fuzzy_shift_no_reliability.csv.gz;results/fuzzy_reliability_shift_confirmatory/raw_parts/ReliabilityShift-boundary-030-confirmatory__fuzzy_shift_no_support.csv.gz;results/fuzzy_reliability_shift_confirmatory/raw_parts/ReliabilityShift-boundary-030-confirmatory__original_fuzzy.csv.gz,return,6000,6000,0,30,8000,8000,0.994666666667,-1,1,0.946666666667,0.946666666667,600,0.893333333333,300,True,
fuzzy_reliability_shift_confirmatory,ReliabilityShift-boundary-030-confirmatory,fuzzy_shift_no_reliability,episode,results/fuzzy_reliability_shift_confirmatory/raw_parts/ReliabilityShift-boundary-020-confirmatory__count_gate.csv.gz;results/fuzzy_reliability_shift_confirmatory/raw_parts/ReliabilityShift-boundary-020-confirmatory__fuzzy_shift_crisp.csv.gz;results/fuzzy_reliability_shift_confirmatory/raw_parts/ReliabilityShift-boundary-020-confirmatory__fuzzy_shift_full.csv.gz;results/fuzzy_reliability_shift_confirmatory/raw_parts/ReliabilityShift-boundary-020-confirmatory__fuzzy_shift_no_reliability.csv.gz;results/fuzzy_reliability_shift_confirmatory/raw_parts/ReliabilityShift-boundary-020-confirmatory__fuzzy_shift_no_support.csv.gz;results/fuzzy_reliability_shift_confirmatory/raw_parts/ReliabilityShift-boundary-020-confirmatory__original_fuzzy.csv.gz;results/fuzzy_reliability_shift_confirmatory/raw_parts/ReliabilityShift-boundary-030-confirmatory__count_gate.csv.gz;results/fuzzy_reliability_shift_confirmatory/raw_parts/ReliabilityShift-boundary-030-confirmatory__fuzzy_shift_crisp.csv.gz;results/fuzzy_reliability_shift_confirmatory/raw_parts/ReliabilityShift-boundary-030-confirmatory__fuzzy_shift_full.csv.gz;results/fuzzy_reliability_shift_confirmatory/raw_parts/ReliabilityShift-boundary-030-confirmatory__fuzzy_shift_no_reliability.csv.gz;results/fuzzy_reliability_shift_confirmatory/raw_parts/ReliabilityShift-boundary-030-confirmatory__fuzzy_shift_no_support.csv.gz;results/fuzzy_reliability_shift_confirmatory/raw_parts/ReliabilityShift-boundary-030-confirmatory__original_fuzzy.csv.gz,return,6000,6000,0,30,8000,8000,0.991666666667,-1,1,0.916666666667,0.916666666667,600,0.833333333333,300,True,
fuzzy_reliability_shift_confirmatory,ReliabilityShift-boundary-030-confirmatory,fuzzy_shift_no_support,episode,results/fuzzy_reliability_shift_confirmatory/raw_parts/ReliabilityShift-boundary-020-confirmatory__count_gate.csv.gz;results/fuzzy_reliability_shift_confirmatory/raw_parts/ReliabilityShift-boundary-020-confirmatory__fuzzy_shift_crisp.csv.gz;results/fuzzy_reliability_shift_confirmatory/raw_parts/ReliabilityShift-boundary-020-confirmatory__fuzzy_shift_full.csv.gz;results/fuzzy_reliability_shift_confirmatory/raw_parts/ReliabilityShift-boundary-020-confirmatory__fuzzy_shift_no_reliability.csv.gz;results/fuzzy_reliability_shift_confirmatory/raw_parts/ReliabilityShift-boundary-020-confirmatory__fuzzy_shift_no_support.csv.gz;results/fuzzy_reliability_shift_confirmatory/raw_parts/ReliabilityShift-boundary-020-confirmatory__original_fuzzy.csv.gz;results/fuzzy_reliability_shift_confirmatory/raw_parts/ReliabilityShift-boundary-030-confirmatory__count_gate.csv.gz;results/fuzzy_reliability_shift_confirmatory/raw_parts/ReliabilityShift-boundary-030-confirmatory__fuzzy_shift_crisp.csv.gz;results/fuzzy_reliability_shift_confirmatory/raw_parts/ReliabilityShift-boundary-030-confirmatory__fuzzy_shift_full.csv.gz;results/fuzzy_reliability_shift_confirmatory/raw_parts/ReliabilityShift-boundary-030-confirmatory__fuzzy_shift_no_reliability.csv.gz;results/fuzzy_reliability_shift_confirmatory/raw_parts/ReliabilityShift-boundary-030-confirmatory__fuzzy_shift_no_support.csv.gz;results/fuzzy_reliability_shift_confirmatory/raw_parts/ReliabilityShift-boundary-030-confirmatory__original_fuzzy.csv.gz,return,6000,6000,0,30,8000,8000,0.997,-1,1,0.97,0.97,600,0.94,300,True,
fuzzy_reliability_shift_confirmatory,ReliabilityShift-boundary-030-confirmatory,original_fuzzy,episode,results/fuzzy_reliability_shift_confirmatory/raw_parts/ReliabilityShift-boundary-020-confirmatory__count_gate.csv.gz;results/fuzzy_reliability_shift_confirmatory/raw_parts/ReliabilityShift-boundary-020-confirmatory__fuzzy_shift_crisp.csv.gz;results/fuzzy_reliability_shift_confirmatory/raw_parts/ReliabilityShift-boundary-020-confirmatory__fuzzy_shift_full.csv.gz;results/fuzzy_reliability_shift_confirmatory/raw_parts/ReliabilityShift-boundary-020-confirmatory__fuzzy_shift_no_reliability.csv.gz;results/fuzzy_reliability_shift_confirmatory/raw_parts/ReliabilityShift-boundary-020-confirmatory__fuzzy_shift_no_support.csv.gz;results/fuzzy_reliability_shift_confirmatory/raw_parts/ReliabilityShift-boundary-020-confirmatory__original_fuzzy.csv.gz;results/fuzzy_reliability_shift_confirmatory/raw_parts/ReliabilityShift-boundary-030-confirmatory__count_gate.csv.gz;results/fuzzy_reliability_shift_confirmatory/raw_parts/ReliabilityShift-boundary-030-confirmatory__fuzzy_shift_crisp.csv.gz;results/fuzzy_reliability_shift_confirmatory/raw_parts/ReliabilityShift-boundary-030-confirmatory__fuzzy_shift_full.csv.gz;results/fuzzy_reliability_shift_confirmatory/raw_parts/ReliabilityShift-boundary-030-confirmatory__fuzzy_shift_no_reliability.csv.gz;results/fuzzy_reliability_shift_confirmatory/raw_parts/ReliabilityShift-boundary-030-confirmatory__fuzzy_shift_no_support.csv.gz;results/fuzzy_reliability_shift_confirmatory/raw_parts/ReliabilityShift-boundary-030-confirmatory__original_fuzzy.csv.gz,return,6000,6000,0,30,8000,8000,0.937333333333,-1,1,0.373333333333,0.373333333333,600,-0.253333333333,300,True,
fuzzy_sensitivity_ablation,ApplicationNavigation-deployment-goal-shift,fuzzy_kappa_025,episode,results/fuzzy_sensitivity_ablation/raw.csv,return,4,4,0,2,100,100,-7.24,-9.54,-9.5055,-9.54,-9.54,1,,1,False,fewer than two observations fall in the alpha=0.05 empirical tail
fuzzy_sensitivity_ablation,ApplicationNavigation-deployment-goal-shift,fuzzy_kappa_4,episode,results/fuzzy_sensitivity_ablation/raw.csv,return,4,4,0,2,100,100,-7.24,-9.54,-9.5055,-9.54,-9.54,1,,1,False,fewer than two observations fall in the alpha=0.05 empirical tail
fuzzy_sensitivity_ablation,ApplicationNavigation-deployment-goal-shift,fuzzy_shoulder_conservative,episode,results/fuzzy_sensitivity_ablation/raw.csv,return,4,4,0,2,100,100,-7.24,-9.54,-9.5055,-9.54,-9.54,1,,1,False,fewer than two observations fall in the alpha=0.05 empirical tail
fuzzy_sensitivity_ablation,ApplicationNavigation-deployment-goal-shift,fuzzy_tau_20,episode,results/fuzzy_sensitivity_ablation/raw.csv,return,4,4,0,2,100,100,-7.24,-9.54,-9.5055,-9.54,-9.54,1,,1,False,fewer than two observations fall in the alpha=0.05 empirical tail
fuzzy_sensitivity_ablation,ApplicationNavigation-deployment-goal-shift,fuzzy_tau_5,episode,results/fuzzy_sensitivity_ablation/raw.csv,return,4,4,0,2,100,100,-7.24,-9.54,-9.5055,-9.54,-9.54,1,,1,False,fewer than two observations fall in the alpha=0.05 empirical tail
fuzzy_sensitivity_ablation,ApplicationNavigation-deployment-goal-shift,fuzzy_tau_80,episode,results/fuzzy_sensitivity_ablation/raw.csv,return,4,4,0,2,100,100,-7.24,-9.54,-9.5055,-9.54,-9.54,1,,1,False,fewer than two observations fall in the alpha=0.05 empirical tail
fuzzy_sensitivity_ablation,ApplicationNavigation-deployment-goal-shift,fuzzy_zero_support_abstain,episode,results/fuzzy_sensitivity_ablation/raw.csv,return,4,4,0,2,100,100,-0.8,-0.8,-0.8,-0.8,-0.8,1,,1,False,fewer than two observations fall in the alpha=0.05 empirical tail
minigrid_extended_diagnostic,MiniGrid-DoorKey-5x5,count_gated_tau_20,episode,results/minigrid_extended_diagnostic/raw.csv.gz,return,300,300,0,10,30000,30000,0.113006666667,0,0,0,0,30,0,15,True,
minigrid_extended_diagnostic,MiniGrid-DoorKey-5x5,fixed_hybrid,episode,results/minigrid_extended_diagnostic/raw.csv.gz,return,300,300,0,10,30000,30000,0.0517973333333,0,0,0,0,30,0,15,True,
minigrid_extended_diagnostic,MiniGrid-DoorKey-5x5,random,episode,results/minigrid_extended_diagnostic/raw.csv.gz,return,300,300,0,10,30000,30000,0.036332,0,0,0,0,30,0,15,True,
minigrid_extended_diagnostic,MiniGrid-DoorKey-5x5,reliability_gated,episode,results/minigrid_extended_diagnostic/raw.csv.gz,return,300,300,0,10,30000,30000,0.048428,0,0,0,0,30,0,15,True,
minigrid_extended_diagnostic,MiniGrid-DoorKey-5x5,support_abstain_tau_20,episode,results/minigrid_extended_diagnostic/raw.csv.gz,return,300,300,0,10,30000,30000,0.0934866666667,0,0,0,0,30,0,15,True,
minigrid_extended_diagnostic,MiniGrid-DoorKey-5x5,tabular,episode,results/minigrid_extended_diagnostic/raw.csv.gz,return,300,300,0,10,30000,30000,0.563270666667,0,0,0,0,30,0,15,True,
minigrid_extended_diagnostic,MiniGrid-DoorKey-5x5,validated_dqn,episode,results/minigrid_extended_diagnostic/raw.csv.gz,return,300,300,0,10,30000,30000,0,0,0,0,0,30,0,15,True,
minigrid_extended_diagnostic,MiniGrid-DoorKey-6x6,count_gated_tau_20,episode,results/minigrid_extended_diagnostic/raw.csv.gz,return,300,300,0,10,40000,40000,0,0,0,0,0,30,0,15,True,
minigrid_extended_diagnostic,MiniGrid-DoorKey-6x6,fixed_hybrid,episode,results/minigrid_extended_diagnostic/raw.csv.gz,return,300,300,0,10,40000,40000,0,0,0,0,0,30,0,15,True,
minigrid_extended_diagnostic,MiniGrid-DoorKey-6x6,random,episode,results/minigrid_extended_diagnostic/raw.csv.gz,return,300,300,0,10,40000,40000,0.0223166666667,0,0,0,0,30,0,15,True,
minigrid_extended_diagnostic,MiniGrid-DoorKey-6x6,reliability_gated,episode,results/minigrid_extended_diagnostic/raw.csv.gz,return,300,300,0,10,40000,40000,0,0,0,0,0,30,0,15,True,
minigrid_extended_diagnostic,MiniGrid-DoorKey-6x6,support_abstain_tau_20,episode,results/minigrid_extended_diagnostic/raw.csv.gz,return,300,300,0,10,40000,40000,0,0,0,0,0,30,0,15,True,
minigrid_extended_diagnostic,MiniGrid-DoorKey-6x6,tabular,episode,results/minigrid_extended_diagnostic/raw.csv.gz,return,300,300,0,10,40000,40000,0.027625,0,0,0,0,30,0,15,True,
minigrid_extended_diagnostic,MiniGrid-DoorKey-6x6,validated_dqn,episode,results/minigrid_extended_diagnostic/raw.csv.gz,return,300,300,0,10,40000,40000,0,0,0,0,0,30,0,15,True,
minigrid_extended_diagnostic,MiniGrid-Empty-5x5,count_gated_tau_20,episode,results/minigrid_extended_diagnostic/raw.csv.gz,return,300,300,0,10,20000,20000,0.0955,0,0,0,0,30,0,15,True,
minigrid_extended_diagnostic,MiniGrid-Empty-5x5,fixed_hybrid,episode,results/minigrid_extended_diagnostic/raw.csv.gz,return,300,300,0,10,20000,20000,0,0,0,0,0,30,0,15,True,
minigrid_extended_diagnostic,MiniGrid-Empty-5x5,random,episode,results/minigrid_extended_diagnostic/raw.csv.gz,return,300,300,0,10,20000,20000,0.202966666667,0,0,0,0,30,0,15,True,
minigrid_extended_diagnostic,MiniGrid-Empty-5x5,reliability_gated,episode,results/minigrid_extended_diagnostic/raw.csv.gz,return,300,300,0,10,20000,20000,0,0,0,0,0,30,0,15,True,
minigrid_extended_diagnostic,MiniGrid-Empty-5x5,support_abstain_tau_20,episode,results/minigrid_extended_diagnostic/raw.csv.gz,return,300,300,0,10,20000,20000,0.0955,0,0,0,0,30,0,15,True,
minigrid_extended_diagnostic,MiniGrid-Empty-5x5,tabular,episode,results/minigrid_extended_diagnostic/raw.csv.gz,return,300,300,0,10,20000,20000,0.18935,0,0,0,0,30,0,15,True,
minigrid_extended_diagnostic,MiniGrid-Empty-5x5,validated_dqn,episode,results/minigrid_extended_diagnostic/raw.csv.gz,return,300,300,0,10,20000,20000,0,0,0,0,0,30,0,15,True,
minigrid_extended_diagnostic,MiniGrid-Empty-6x6,count_gated_tau_20,episode,results/minigrid_extended_diagnostic/raw.csv.gz,return,300,300,0,10,25000,25000,0,0,0,0,0,30,0,15,True,
minigrid_extended_diagnostic,MiniGrid-Empty-6x6,fixed_hybrid,episode,results/minigrid_extended_diagnostic/raw.csv.gz,return,300,300,0,10,25000,25000,0.095625,0,0,0,0,30,0,15,True,
minigrid_extended_diagnostic,MiniGrid-Empty-6x6,random,episode,results/minigrid_extended_diagnostic/raw.csv.gz,return,300,300,0,10,25000,25000,0.1288125,0,0,0,0,30,0,15,True,
minigrid_extended_diagnostic,MiniGrid-Empty-6x6,reliability_gated,episode,results/minigrid_extended_diagnostic/raw.csv.gz,return,300,300,0,10,25000,25000,0,0,0,0,0,30,0,15,True,
minigrid_extended_diagnostic,MiniGrid-Empty-6x6,support_abstain_tau_20,episode,results/minigrid_extended_diagnostic/raw.csv.gz,return,300,300,0,10,25000,25000,0,0,0,0,0,30,0,15,True,
minigrid_extended_diagnostic,MiniGrid-Empty-6x6,tabular,episode,results/minigrid_extended_diagnostic/raw.csv.gz,return,300,300,0,10,25000,25000,0.190625,0,0,0,0,30,0,15,True,
minigrid_extended_diagnostic,MiniGrid-Empty-6x6,validated_dqn,episode,results/minigrid_extended_diagnostic/raw.csv.gz,return,300,300,0,10,25000,25000,0,0,0,0,0,30,0,15,True,
minigrid_extended_diagnostic,MiniGrid-Empty-8x8,count_gated_tau_20,episode,results/minigrid_extended_diagnostic/raw.csv.gz,return,300,300,0,10,30000,30000,0.576796875,0,0,0,0,30,0,15,True,
minigrid_extended_diagnostic,MiniGrid-Empty-8x8,fixed_hybrid,episode,results/minigrid_extended_diagnostic/raw.csv.gz,return,300,300,0,10,30000,30000,0,0,0,0,0,30,0,15,True,
minigrid_extended_diagnostic,MiniGrid-Empty-8x8,random,episode,results/minigrid_extended_diagnostic/raw.csv.gz,return,300,300,0,10,30000,30000,0.0968216145833,0,0,0,0,30,0,15,True,
minigrid_extended_diagnostic,MiniGrid-Empty-8x8,reliability_gated,episode,results/minigrid_extended_diagnostic/raw.csv.gz,return,300,300,0,10,30000,30000,0.38453125,0,0,0,0,30,0,15,True,
minigrid_extended_diagnostic,MiniGrid-Empty-8x8,support_abstain_tau_20,episode,results/minigrid_extended_diagnostic/raw.csv.gz,return,300,300,0,10,30000,30000,0.383828125,0,0,0,0,30,0,15,True,
minigrid_extended_diagnostic,MiniGrid-Empty-8x8,tabular,episode,results/minigrid_extended_diagnostic/raw.csv.gz,return,300,300,0,10,30000,30000,0.76484375,0,0,0,0,30,0,15,True,
minigrid_extended_diagnostic,MiniGrid-Empty-8x8,validated_dqn,episode,results/minigrid_extended_diagnostic/raw.csv.gz,return,300,300,0,10,30000,30000,0,0,0,0,0,30,0,15,True,
minigrid_extended_diagnostic,MiniGrid-FourRooms,count_gated_tau_20,episode,results/minigrid_extended_diagnostic/raw.csv.gz,return,300,300,0,10,40000,40000,0.00630666666667,0,0,0,0,30,0,15,True,
minigrid_extended_diagnostic,MiniGrid-FourRooms,fixed_hybrid,episode,results/minigrid_extended_diagnostic/raw.csv.gz,return,300,300,0,10,40000,40000,0.00630666666667,0,0,0,0,30,0,15,True,
minigrid_extended_diagnostic,MiniGrid-FourRooms,random,episode,results/minigrid_extended_diagnostic/raw.csv.gz,return,300,300,0,10,40000,40000,0.0186266666667,0,0,0,0,30,0,15,True,
minigrid_extended_diagnostic,MiniGrid-FourRooms,reliability_gated,episode,results/minigrid_extended_diagnostic/raw.csv.gz,return,300,300,0,10,40000,40000,0.00630666666667,0,0,0,0,30,0,15,True,
minigrid_extended_diagnostic,MiniGrid-FourRooms,support_abstain_tau_20,episode,results/minigrid_extended_diagnostic/raw.csv.gz,return,300,300,0,10,40000,40000,0.0174533333333,0,0,0,0,30,0,15,True,
minigrid_extended_diagnostic,MiniGrid-FourRooms,tabular,episode,results/minigrid_extended_diagnostic/raw.csv.gz,return,300,300,0,10,40000,40000,0.0186266666667,0,0,0,0,30,0,15,True,
minigrid_extended_diagnostic,MiniGrid-FourRooms,validated_dqn,episode,results/minigrid_extended_diagnostic/raw.csv.gz,return,300,300,0,10,40000,40000,0.00630666666667,0,0,0,0,30,0,15,True,
strong_baselines/double_dqn,ApplicationNavigation-deployment-goal-shift,double_dqn,episode,results/strong_baselines/double_dqn/raw.csv.gz,return,900,900,0,30,12000,12000,-3.43357777778,-29.54,-7.749,-14.0194444444,-14.0194444444,90,-22.0853333333,45,True,
strong_baselines/dueling_double_dqn,ApplicationNavigation-deployment-goal-shift,dueling_double_dqn,episode,results/strong_baselines/dueling_double_dqn/raw.csv.gz,return,900,900,0,30,12000,12000,-3.82807777778,-29.54,-14.521,-17.1623333333,-17.1623333333,90,-25.91,45,True,
stronger_baseline_validation,ApplicationNavigation-deployment-goal-shift,a2c_actor_critic,episode,results/stronger_baseline_validation/raw.csv,return,4,4,0,2,100,100,-9.08,-9.54,-9.5055,-9.54,-9.54,1,,1,False,fewer than two observations fall in the alpha=0.05 empirical tail
stronger_baseline_validation,ApplicationNavigation-deployment-goal-shift,dueling_double_dqn,episode,results/stronger_baseline_validation/raw.csv,return,4,4,0,2,100,100,-9.08,-9.54,-9.5055,-9.54,-9.54,1,,1,False,fewer than two observations fall in the alpha=0.05 empirical tail
stronger_baseline_validation,ApplicationNavigation-deployment-goal-shift,validated_dqn,episode,results/stronger_baseline_validation/raw.csv,return,4,4,0,2,100,100,-3.8325,-9.54,-9.4365,-9.54,-9.54,1,,1,False,fewer than two observations fall in the alpha=0.05 empirical tail
stronger_baseline_validation,FourRooms-7-unseen-goals,a2c_actor_critic,episode,results/stronger_baseline_validation/raw.csv,return,4,4,0,2,100,100,-0.3375,-0.79,-0.7885,-0.79,-0.79,1,,1,False,fewer than two observations fall in the alpha=0.05 empirical tail
stronger_baseline_validation,FourRooms-7-unseen-goals,dueling_double_dqn,episode,results/stronger_baseline_validation/raw.csv,return,4,4,0,2,100,100,-0.79,-0.8,-0.7985,-0.8,-0.8,1,,1,False,fewer than two observations fall in the alpha=0.05 empirical tail
stronger_baseline_validation,FourRooms-7-unseen-goals,validated_dqn,episode,results/stronger_baseline_validation/raw.csv,return,4,4,0,2,100,100,-0.3425,-0.8,-0.7985,-0.8,-0.8,1,,1,False,fewer than two observations fall in the alpha=0.05 empirical tail
support_abstention_replication,FourRooms-11-slip-unseen-goals,count_gated_tau_20,episode,results/support_abstention_replication/raw.csv.gz,return,900,900,0,30,16000,16000,-3.01351111111,-4.32,-4.23,-4.24077777778,-4.24077777778,90,-4.26622222222,45,True,
support_abstention_replication,FourRooms-11-slip-unseen-goals,fixed_hybrid,episode,results/support_abstention_replication/raw.csv.gz,return,900,900,0,30,16000,16000,-3.0744,-4.32,-4.24,-4.24688888889,-4.24688888889,90,-4.26844444444,45,True,
support_abstention_replication,FourRooms-11-slip-unseen-goals,random,episode,results/support_abstention_replication/raw.csv.gz,return,900,900,0,30,16000,16000,-1.74654444444,-2.88,-2.74,-2.75,-2.75,90,-2.78133333333,45,True,
support_abstention_replication,FourRooms-11-slip-unseen-goals,reliability_gated,episode,results/support_abstention_replication/raw.csv.gz,return,900,900,0,30,16000,16000,-3.17971111111,-4.33,-4.24,-4.24488888889,-4.24488888889,90,-4.26711111111,45,True,
support_abstention_replication,FourRooms-11-slip-unseen-goals,support_abstain_tau_20,episode,results/support_abstention_replication/raw.csv.gz,return,900,900,0,30,16000,16000,-1.66702222222,-2.94,-2.76,-2.76333333333,-2.76333333333,90,-2.79711111111,45,True,
support_abstention_replication,FourRooms-11-slip-unseen-goals,tabular,episode,results/support_abstention_replication/raw.csv.gz,return,900,900,0,30,16000,16000,-1.72698888889,-2.9,-2.7405,-2.75288888889,-2.75288888889,90,-2.78244444444,45,True,
support_abstention_replication,FourRooms-11-slip-unseen-goals,validated_dqn,episode,results/support_abstention_replication/raw.csv.gz,return,900,900,0,30,16000,16000,-3.15717777778,-4.33,-4.25,-4.25033333333,-4.25033333333,90,-4.27066666667,45,True,
support_abstention_replication,FourRooms-7-unseen-goals,count_gated_tau_20,episode,results/support_abstention_replication/raw.csv.gz,return,900,900,0,30,8000,8000,-1.63624444444,-2,-2,-2,-2,90,-2,45,True,
support_abstention_replication,FourRooms-7-unseen-goals,fixed_hybrid,episode,results/support_abstention_replication/raw.csv.gz,return,900,900,0,30,8000,8000,-1.63634444444,-2,-2,-2,-2,90,-2,45,True,
support_abstention_replication,FourRooms-7-unseen-goals,random,episode,results/support_abstention_replication/raw.csv.gz,return,900,900,0,30,8000,8000,-0.532455555556,-1.48,-1.38,-1.38644444444,-1.38644444444,90,-1.40533333333,45,True,
support_abstention_replication,FourRooms-7-unseen-goals,reliability_gated,episode,results/support_abstention_replication/raw.csv.gz,return,900,900,0,30,8000,8000,-1.61632222222,-2,-2,-2,-2,90,-2,45,True,
support_abstention_replication,FourRooms-7-unseen-goals,support_abstain_tau_20,episode,results/support_abstention_replication/raw.csv.gz,return,900,900,0,30,8000,8000,-0.4968,-1.54,-1.37,-1.38255555556,-1.38255555556,90,-1.40466666667,45,True,
support_abstention_replication,FourRooms-7-unseen-goals,tabular,episode,results/support_abstention_replication/raw.csv.gz,return,900,900,0,30,8000,8000,-0.520766666667,-1.46,-1.39,-1.38977777778,-1.38977777778,90,-1.40933333333,45,True,
support_abstention_replication,FourRooms-7-unseen-goals,validated_dqn,episode,results/support_abstention_replication/raw.csv.gz,return,900,900,0,30,8000,8000,-1.5971,-2,-2,-2,-2,90,-2,45,True,
support_abstention_replication,FourRooms-9-slip-unseen-goals,count_gated_tau_20,episode,results/support_abstention_replication/raw.csv.gz,return,900,900,0,30,12000,12000,-2.04422222222,-3.15,-3.1,-3.09977777778,-3.09977777778,90,-3.11622222222,45,True,
support_abstention_replication,FourRooms-9-slip-unseen-goals,fixed_hybrid,episode,results/support_abstention_replication/raw.csv.gz,return,900,900,0,30,12000,12000,-2.1542,-3.16,-3.09,-3.09688888889,-3.09688888889,90,-3.11266666667,45,True,
support_abstention_replication,FourRooms-9-slip-unseen-goals,random,episode,results/support_abstention_replication/raw.csv.gz,return,900,900,0,30,12000,12000,-1.08691111111,-2.2,-2.07,-2.08366666667,-2.08366666667,90,-2.10933333333,45,True,
support_abstention_replication,FourRooms-9-slip-unseen-goals,reliability_gated,episode,results/support_abstention_replication/raw.csv.gz,return,900,900,0,30,12000,12000,-2.22812222222,-3.16,-3.0905,-3.10022222222,-3.10022222222,90,-3.11533333333,45,True,
support_abstention_replication,FourRooms-9-slip-unseen-goals,support_abstain_tau_20,episode,results/support_abstention_replication/raw.csv.gz,return,900,900,0,30,12000,12000,-1.07244444444,-2.2,-2.08,-2.08455555556,-2.08455555556,90,-2.11,45,True,
support_abstention_replication,FourRooms-9-slip-unseen-goals,tabular,episode,results/support_abstention_replication/raw.csv.gz,return,900,900,0,30,12000,12000,-1.09222222222,-2.22,-2.09,-2.09855555556,-2.09855555556,90,-2.12266666667,45,True,
support_abstention_replication,FourRooms-9-slip-unseen-goals,validated_dqn,episode,results/support_abstention_replication/raw.csv.gz,return,900,900,0,30,12000,12000,-2.12838888889,-3.17,-3.09,-3.09988888889,-3.09988888889,90,-3.118,45,True,
support_abstention_replication,MiniGrid-Empty-5x5-replication,count_gated_tau_20,episode,results/support_abstention_replication/raw.csv.gz,return,900,900,0,30,20000,20000,0.441766666667,0,0,0,0,90,0,45,True,
support_abstention_replication,MiniGrid-Empty-5x5-replication,fixed_hybrid,episode,results/support_abstention_replication/raw.csv.gz,return,900,900,0,30,20000,20000,0.2853,0,0,0,0,90,0,45,True,
support_abstention_replication,MiniGrid-Empty-5x5-replication,random,episode,results/support_abstention_replication/raw.csv.gz,return,900,900,0,30,20000,20000,0.210751111111,0,0,0,0,90,0,45,True,
support_abstention_replication,MiniGrid-Empty-5x5-replication,reliability_gated,episode,results/support_abstention_replication/raw.csv.gz,return,900,900,0,30,20000,20000,0.1901,0,0,0,0,90,0,45,True,
support_abstention_replication,MiniGrid-Empty-5x5-replication,support_abstain_tau_20,episode,results/support_abstention_replication/raw.csv.gz,return,900,900,0,30,20000,20000,0.536366666667,0,0,0,0,90,0,45,True,
support_abstention_replication,MiniGrid-Empty-5x5-replication,tabular,episode,results/support_abstention_replication/raw.csv.gz,return,900,900,0,30,20000,20000,0.3763,0,0,0,0,90,0,45,True,
support_abstention_replication,MiniGrid-Empty-5x5-replication,validated_dqn,episode,results/support_abstention_replication/raw.csv.gz,return,900,900,0,30,20000,20000,0,0,0,0,0,90,0,45,True,
uav_pybullet_validation,Crazyflie-waypoint-physics-and-goal-shift,double_dqn,episode,results/uav_pybullet_validation/raw.csv.gz,return,450,450,0,30,6000,6000,-1.81937779988,-5.57070792333,-5.05081830297,-5.08060099164,-5.08060099164,45,-5.17347761816,23,True,
uav_pybullet_validation,Crazyflie-waypoint-physics-and-goal-shift,dqn,episode,results/uav_pybullet_validation/raw.csv.gz,return,450,450,0,30,6000,6000,-1.87104295301,-6.47683797951,-5.0656343402,-5.26505293476,-5.26505293476,45,-5.55536176719,23,True,
uav_pybullet_validation,Crazyflie-waypoint-physics-and-goal-shift,feature_support,episode,results/uav_pybullet_validation/raw.csv.gz,return,450,450,0,30,6000,6000,-1.62611450355,-6.30242072901,-5.15075551017,-5.21592390443,-5.21592390443,45,-5.36770549909,23,True,
uav_pybullet_validation,Crazyflie-waypoint-physics-and-goal-shift,fuzzy_support,episode,results/uav_pybullet_validation/raw.csv.gz,return,450,450,0,30,6000,6000,-1.9805141143,-5.8855444149,-5.01514220406,-5.08671657315,-5.08671657315,45,-5.20530800259,23,True,
uav_pybullet_validation,Crazyflie-waypoint-physics-and-goal-shift,pid_safe_controller,episode,results/uav_pybullet_validation/raw.csv.gz,return,450,450,0,30,6000,6000,4.95319554595,-4.10185258572,-3.80014760172,-1.95233540091,-1.95233540091,45,-3.94259295602,23,True,
uav_sensorized_motor_validation,Crazyflie-sensorized-motor-control-shift,double_dqn,episode,results/uav_sensorized_motor_validation/raw.csv.gz,return,450,450,0,30,6000,6000,-8.47767175263,-16.9410910394,-12.24830765,-12.5885496606,-12.5885496606,45,-13.2820769933,23,True,
uav_sensorized_motor_validation,Crazyflie-sensorized-motor-control-shift,dqn,episode,results/uav_sensorized_motor_validation/raw.csv.gz,return,450,450,0,30,6000,6000,-8.41278557975,-17.9379229143,-13.109367454,-13.2863103924,-13.2863103924,45,-14.2191113568,23,True,
uav_sensorized_motor_validation,Crazyflie-sensorized-motor-control-shift,fuzzy_reliability,episode,results/uav_sensorized_motor_validation/raw.csv.gz,return,450,450,0,30,6000,6000,-8.49615463927,-16.9410910394,-12.1393773021,-12.534040912,-12.534040912,45,-13.2290496509,23,True,
uav_sensorized_motor_validation,Crazyflie-sensorized-motor-control-shift,knn_support,episode,results/uav_sensorized_motor_validation/raw.csv.gz,return,450,450,0,30,6000,6000,-8.11605670585,-16.8053342431,-12.7758482676,-13.1280715616,-13.1280715616,45,-13.9553563629,23,True,
uav_sensorized_motor_validation,Crazyflie-sensorized-motor-control-shift,sensorized_controller,episode,results/uav_sensorized_motor_validation/raw.csv.gz,return,450,450,0,30,6000,6000,-1.25944996177,-11.3224604801,-8.01541705714,-8.2589038436,-8.2589038436,45,-8.79711913285,23,True,
