environment,agent,seed,checkpoint,mean_return,success_rate,mean_length,elapsed_seconds,environment_steps,gradient_updates,training_loss_mean,training_loss_max,nonfinite_loss_count,completed_checkpoint_count,expected_checkpoint_count,training_elapsed_seconds,evaluation_elapsed_seconds,mean_gate,support_abstention_rate,global_tabular_error,global_neural_error,visited_states,failure_rate,collision_rate,risk_zone_rate,idle_rate,risk_adjusted_score,localization_error_mean,sensor_dropout_rate,camera_visible_rate,motor_saturation_rate,unsupported_state_ratio,memory_branch_usage_ratio,neural_branch_usage_ratio,abstention_ratio,adaptive_alpha_mean,adaptive_alpha_iqr,support_score_mean,uncertainty_score_mean,exact_support_coverage,approximate_support_coverage,fuzzy_gate_active_rate,neural_only_fallback_rate,out_of_fuzzy_support_count,out_of_fuzzy_support_ratio,inference_time_us_per_decision_mean,inference_time_us_per_decision_median,memory_cost_states,memory_cost_entries,memory_cost_bytes_estimated,eval_checkpoint,eval_return,train_steps,seconds_per_1000_steps,return_auc,success_rate_auc,experiment_name,config_file,environment_id,resolved_environment_id,observation_representation,git_commit_hash,package_version,python_version,torch_version,numpy_version,gymnasium_version,minigrid_version,gym_pybullet_drones_version,pybullet_version
horizon120_budget6000_high_level,feed_forward_dqn,15006,6000,-3.8672046788908196,0.0,120.0,74.03424079995602,6000,1493,0.0002826884900867,0.0026398522313684,0,2,2,56.21705579990521,17.817185000050813,,,,,,1.0,0.0,0.495,0.009166666666666639,-0.00045833333333330004,0.0329781693227899,0.22916666666666666,0.3683333333333333,0.0,1.0,0.0,1.0,0.0,,,0.0,,0.0,0.0,,1.0,,,1100.09375,974.975,0.0,0.0,0.0,6000,-3.8672046788908196,6000,9.369509299984202,-4.75287609326042,0.0,reviewer1_sensor_nondegenerate_feasibility,configs/reviewer1_remaining/sensor_nondegenerate_development/feasibility_grid.yaml,SensorizedPyBulletUAVWaypoint-v0,SensorizedPyBulletUAVWaypoint-v0,native_gymnasium_observation,16b64f6d0a863f2a9a2731511db3e6c3e1a2dbb5,1.8.0,3.14.3,2.11.0+cpu,2.4.3,1.3.0,3.1.0,2.1.0,3.2.7
horizon120_budget6000_high_level,feed_forward_dqn,15007,6000,-6.1506977091517765,0.0,120.0,70.13760559994262,6000,1493,0.0002751340996378,0.0041811629198491,0,2,2,51.94460509996861,18.193000499974005,,,,,,1.0,0.0,0.9724999999999999,0.12416666666666665,-0.0062083333333333105,0.03352175311822364,0.22833333333333333,0.13333333333333336,0.0,1.0,0.0,1.0,0.0,,,0.0,,0.0,0.0,,1.0,,,1042.8446666666666,935.35,0.0,0.0,0.0,6000,-6.1506977091517765,6000,8.657434183328101,-5.916567839114345,0.0,reviewer1_sensor_nondegenerate_feasibility,configs/reviewer1_remaining/sensor_nondegenerate_development/feasibility_grid.yaml,SensorizedPyBulletUAVWaypoint-v0,SensorizedPyBulletUAVWaypoint-v0,native_gymnasium_observation,16b64f6d0a863f2a9a2731511db3e6c3e1a2dbb5,1.8.0,3.14.3,2.11.0+cpu,2.4.3,1.3.0,3.1.0,2.1.0,3.2.7
horizon120_budget6000_high_level,feed_forward_dqn,15008,6000,-3.3125279751777996,0.0,120.0,70.27709380001761,6000,1493,0.0003300397241999,0.0068288384936749,0,2,2,51.91702999995323,18.36006380006438,,,,,,1.0,0.0,0.31916666666666665,0.00083333333333333,-4.1666666666660004e-05,0.033812876321802174,0.21666666666666665,0.21666666666666665,0.0,1.0,0.0,1.0,0.0,,,0.0,,0.0,0.0,,1.0,,,1069.9909166666666,924.325,0.0,0.0,0.0,6000,-3.3125279751777996,6000,8.652838333325539,-4.382266570332416,0.0,reviewer1_sensor_nondegenerate_feasibility,configs/reviewer1_remaining/sensor_nondegenerate_development/feasibility_grid.yaml,SensorizedPyBulletUAVWaypoint-v0,SensorizedPyBulletUAVWaypoint-v0,native_gymnasium_observation,16b64f6d0a863f2a9a2731511db3e6c3e1a2dbb5,1.8.0,3.14.3,2.11.0+cpu,2.4.3,1.3.0,3.1.0,2.1.0,3.2.7
horizon120_budget6000_high_level,selected_temporal_drqn,15006,6000,-5.507719891690838,0.0,120.0,89.03609840001445,6000,1471,0.0003215348003751,0.0159342754632234,0,2,2,68.80682690005051,20.229271499963943,,,,,,1.0,0.0,0.9191666666666667,0.10416666666666663,-0.00520833333333329,0.0330436059015725,0.22916666666666666,0.35,0.0,1.0,0.0,1.0,0.0,,,0.0,,0.0,0.0,,1.0,,,1703.5769166666664,1496.65,6000.0,5850.0,107548.0,6000,-5.507719891690838,6000,11.467804483341752,-5.147946381006834,0.0,reviewer1_sensor_nondegenerate_feasibility,configs/reviewer1_remaining/sensor_nondegenerate_development/feasibility_grid.yaml,SensorizedPyBulletUAVWaypoint-v0,SensorizedPyBulletUAVWaypoint-v0,native_gymnasium_observation,16b64f6d0a863f2a9a2731511db3e6c3e1a2dbb5,1.8.0,3.14.3,2.11.0+cpu,2.4.3,1.3.0,3.1.0,2.1.0,3.2.7
horizon120_budget6000_high_level,selected_temporal_drqn,15007,6000,-3.492825373106985,0.0,120.0,93.79761179996422,6000,1471,0.0002513099696098,0.0036640120670199,0,2,2,70.50880449998658,23.288807299977638,,,,,,1.0,0.0,0.4458333333333333,0.00999999999999999,-0.00049999999999999,0.03312731484285901,0.22833333333333333,0.13333333333333333,0.0,1.0,0.0,1.0,0.0,,,0.0,,0.0,0.0,,1.0,,,1832.2031666666667,1546.55,6000.0,5850.0,107548.0,6000,-3.492825373106985,6000,11.75146741666443,-3.714324986230146,0.0,reviewer1_sensor_nondegenerate_feasibility,configs/reviewer1_remaining/sensor_nondegenerate_development/feasibility_grid.yaml,SensorizedPyBulletUAVWaypoint-v0,SensorizedPyBulletUAVWaypoint-v0,native_gymnasium_observation,16b64f6d0a863f2a9a2731511db3e6c3e1a2dbb5,1.8.0,3.14.3,2.11.0+cpu,2.4.3,1.3.0,3.1.0,2.1.0,3.2.7
horizon120_budget6000_high_level,selected_temporal_drqn,15008,6000,-6.107419803164463,0.0,120.0,95.23163519997615,6000,1471,0.0001877611761744,0.0077999704517424,0,2,2,74.11602560000028,21.11560959997587,,,,,,1.0,0.0,0.7716666666666667,0.9800000000000001,-0.048999999999999974,0.03325030550574102,0.21666666666666665,0.23249999999999998,0.0,1.0,0.0,1.0,0.0,,,0.0,,0.0,0.0,,1.0,,,1717.2545833333334,1509.4499999999998,6000.0,5797.0,107548.0,6000,-6.107419803164463,6000,12.35267093333338,-6.50640412634128,0.0,reviewer1_sensor_nondegenerate_feasibility,configs/reviewer1_remaining/sensor_nondegenerate_development/feasibility_grid.yaml,SensorizedPyBulletUAVWaypoint-v0,SensorizedPyBulletUAVWaypoint-v0,native_gymnasium_observation,16b64f6d0a863f2a9a2731511db3e6c3e1a2dbb5,1.8.0,3.14.3,2.11.0+cpu,2.4.3,1.3.0,3.1.0,2.1.0,3.2.7
horizon120_budget6000_high_level,velocity_setpoint_controller,15006,6000,-4.752270017033487,0.0,120.0,61.97472350002499,6000,0,,,0,2,2,42.87179450003896,19.102928999986037,,,,,,1.0,0.0,0.7041666666666666,0.00333333333333332,-0.00016666666666666,0.033366867461396985,0.22916666666666666,0.4125,0.0,1.0,0.0,0.0,0.0,,,0.0,,0.0,0.0,,0.0,,,379.23766666666666,311.975,0.0,0.0,0.0,6000,-4.752270017033487,6000,7.145299083339826,-4.840328910008604,0.0,reviewer1_sensor_nondegenerate_feasibility,configs/reviewer1_remaining/sensor_nondegenerate_development/feasibility_grid.yaml,SensorizedPyBulletUAVWaypoint-v0,SensorizedPyBulletUAVWaypoint-v0,native_gymnasium_observation,16b64f6d0a863f2a9a2731511db3e6c3e1a2dbb5,1.8.0,3.14.3,2.11.0+cpu,2.4.3,1.3.0,3.1.0,2.1.0,3.2.7
horizon120_budget6000_high_level,velocity_setpoint_controller,15007,6000,-5.262675456885801,0.0,120.0,59.223652000015136,6000,0,,,0,2,2,43.82015679997858,15.40349520003656,,,,,,1.0,0.0,0.7849999999999999,0.013333333333333319,-0.00066666666666664,0.03388160461347521,0.22833333333333333,0.047499999999999994,0.0,1.0,0.0,0.0,0.0,,,0.0,,0.0,0.0,,0.0,,,359.6813333333333,305.9,0.0,0.0,0.0,6000,-5.262675456885801,6000,7.303359466663096,-5.1963214686067,0.0,reviewer1_sensor_nondegenerate_feasibility,configs/reviewer1_remaining/sensor_nondegenerate_development/feasibility_grid.yaml,SensorizedPyBulletUAVWaypoint-v0,SensorizedPyBulletUAVWaypoint-v0,native_gymnasium_observation,16b64f6d0a863f2a9a2731511db3e6c3e1a2dbb5,1.8.0,3.14.3,2.11.0+cpu,2.4.3,1.3.0,3.1.0,2.1.0,3.2.7
horizon120_budget6000_high_level,velocity_setpoint_controller,15008,6000,-5.407334295311783,0.0,120.0,61.375354399962816,6000,0,,,0,2,2,41.91147639992414,19.46387800003868,,,,,,1.0,0.0,0.9141666666666668,0.00999999999999998,-0.00049999999999997,0.03388146767586776,0.21666666666666665,0.1983333333333333,0.0,1.0,0.0,0.0,0.0,,,0.0,,0.0,0.0,,0.0,,,391.54200000000003,303.725,0.0,0.0,0.0,6000,-5.407334295311783,6000,6.985246066654024,-5.09738979350996,0.0,reviewer1_sensor_nondegenerate_feasibility,configs/reviewer1_remaining/sensor_nondegenerate_development/feasibility_grid.yaml,SensorizedPyBulletUAVWaypoint-v0,SensorizedPyBulletUAVWaypoint-v0,native_gymnasium_observation,16b64f6d0a863f2a9a2731511db3e6c3e1a2dbb5,1.8.0,3.14.3,2.11.0+cpu,2.4.3,1.3.0,3.1.0,2.1.0,3.2.7
horizon120_budget6000_low_level,feed_forward_dqn,15006,6000,-6.942330243000645,0.0,112.8,66.13160099997185,6000,1493,0.0078416748289002,0.4498196840286255,0,2,2,50.87880980002228,15.25279119994957,,,,,,1.0,0.00479786659566186,0.2540110244724849,0.0,-0.00479786659566186,0.03674861631532749,0.22778991805085322,0.3402977013689488,0.0,1.0,0.0,1.0,0.0,,,0.0,,0.0,0.0,,1.0,,,1135.3023427648502,1011.55,0.0,0.0,0.0,6000,-6.942330243000645,6000,8.479801633337047,-7.940457878373271,0.0,reviewer1_sensor_nondegenerate_feasibility,configs/reviewer1_remaining/sensor_nondegenerate_development/feasibility_grid.yaml,SensorizedPyBulletUAVWaypoint-v0,SensorizedPyBulletUAVWaypoint-v0,native_gymnasium_observation,16b64f6d0a863f2a9a2731511db3e6c3e1a2dbb5,1.8.0,3.14.3,2.11.0+cpu,2.4.3,1.3.0,3.1.0,2.1.0,3.2.7
horizon120_budget6000_low_level,feed_forward_dqn,15007,6000,-6.866282493220178,0.0,101.8,67.48075399996014,6000,1493,0.0106933008928127,0.4438633918762207,0,2,2,51.758092599979136,15.722661399981009,,,,,,1.0,0.00906555478025311,0.5860911206736785,0.00207705553164012,-0.0091694075568351,0.03804702013569455,0.2327424928032956,0.17016582954636053,0.0,1.0,0.0,1.0,0.0,,,0.0,,0.0,0.0,,1.0,,,1170.3264969037464,1045.175,0.0,0.0,0.0,6000,-6.866282493220178,6000,8.62634876666319,-6.407749761481245,0.0,reviewer1_sensor_nondegenerate_feasibility,configs/reviewer1_remaining/sensor_nondegenerate_development/feasibility_grid.yaml,SensorizedPyBulletUAVWaypoint-v0,SensorizedPyBulletUAVWaypoint-v0,native_gymnasium_observation,16b64f6d0a863f2a9a2731511db3e6c3e1a2dbb5,1.8.0,3.14.3,2.11.0+cpu,2.4.3,1.3.0,3.1.0,2.1.0,3.2.7
horizon120_budget6000_low_level,feed_forward_dqn,15008,6000,-6.0966782408945726,0.0,100.3,63.54608869994991,6000,1493,0.013464006220514,0.4534474909305572,0,2,2,51.344213799980935,12.20187489996897,,,,,,1.0,0.0076284936664184596,0.22654667987537674,0.0,-0.0076284936664184596,0.03746971858323052,0.21695213281587367,0.25,0.0,1.0,0.0,1.0,0.0,,,0.0,,0.0,0.0,,1.0,,,1116.441665809057,1006.775,0.0,0.0,0.0,6000,-6.0966782408945726,6000,8.55736896666349,-6.267445752375876,0.0,reviewer1_sensor_nondegenerate_feasibility,configs/reviewer1_remaining/sensor_nondegenerate_development/feasibility_grid.yaml,SensorizedPyBulletUAVWaypoint-v0,SensorizedPyBulletUAVWaypoint-v0,native_gymnasium_observation,16b64f6d0a863f2a9a2731511db3e6c3e1a2dbb5,1.8.0,3.14.3,2.11.0+cpu,2.4.3,1.3.0,3.1.0,2.1.0,3.2.7
horizon120_budget6000_low_level,selected_temporal_drqn,15006,6000,-6.7523405590414765,0.0,66.2,84.94905100000324,6000,1481,0.004185245729039,0.1230176910758018,0,2,2,71.48390319995815,13.465147800045088,,,,,,1.0,0.01647735317056498,0.9348581560283687,0.0,-0.01647735317056498,0.03424181214539268,0.23728955357781922,0.4557923763644357,0.0,1.0,0.0,1.0,0.0,,,0.0,,0.0,0.0,,1.0,,,1634.3221299596967,1449.65,6000.0,5812.0,112748.0,6000,-6.7523405590414765,6000,11.913983866659692,-6.718637055442144,0.0,reviewer1_sensor_nondegenerate_feasibility,configs/reviewer1_remaining/sensor_nondegenerate_development/feasibility_grid.yaml,SensorizedPyBulletUAVWaypoint-v0,SensorizedPyBulletUAVWaypoint-v0,native_gymnasium_observation,16b64f6d0a863f2a9a2731511db3e6c3e1a2dbb5,1.8.0,3.14.3,2.11.0+cpu,2.4.3,1.3.0,3.1.0,2.1.0,3.2.7
horizon120_budget6000_low_level,selected_temporal_drqn,15007,6000,-7.2673275035037666,0.0,115.4,84.97005200001877,6000,1471,0.0022861922868412,0.1158957332372665,0,2,2,67.33629309997195,17.633758900046814,,,,,,1.0,0.00452106201332206,0.39058612440191387,0.07049793601651184,-0.00804595881414764,0.037614308720658976,0.22775823247959465,0.18277042874566093,0.0,1.0,0.0,1.0,0.0,,,0.0,,0.0,0.0,,1.0,,,1646.3883265550242,1416.85,6000.0,5742.0,112748.0,6000,-7.2673275035037666,6000,11.222715516661992,-6.737911475569914,0.0,reviewer1_sensor_nondegenerate_feasibility,configs/reviewer1_remaining/sensor_nondegenerate_development/feasibility_grid.yaml,SensorizedPyBulletUAVWaypoint-v0,SensorizedPyBulletUAVWaypoint-v0,native_gymnasium_observation,16b64f6d0a863f2a9a2731511db3e6c3e1a2dbb5,1.8.0,3.14.3,2.11.0+cpu,2.4.3,1.3.0,3.1.0,2.1.0,3.2.7
horizon120_budget6000_low_level,selected_temporal_drqn,15008,6000,-6.635802820455517,0.0,79.7,83.05754680000246,6000,1475,0.0053315306903095,0.1177611202001571,0,2,2,68.90105510002468,14.156491699977778,,,,,,1.0,0.01321587001090134,0.6433890453265511,0.0,-0.01321587001090134,0.036301100903994084,0.21899319087401561,0.25294444444444447,0.0,1.0,0.0,1.0,0.0,,,0.0,,0.0,0.0,,1.0,,,1538.0452660174956,1348.1000000000001,6000.0,5794.0,112748.0,6000,-6.635802820455517,6000,11.483509183337446,-6.232256364898873,0.0,reviewer1_sensor_nondegenerate_feasibility,configs/reviewer1_remaining/sensor_nondegenerate_development/feasibility_grid.yaml,SensorizedPyBulletUAVWaypoint-v0,SensorizedPyBulletUAVWaypoint-v0,native_gymnasium_observation,16b64f6d0a863f2a9a2731511db3e6c3e1a2dbb5,1.8.0,3.14.3,2.11.0+cpu,2.4.3,1.3.0,3.1.0,2.1.0,3.2.7
horizon120_budget6000_low_level,sensorized_motor_controller,15006,6000,-4.4715699485017115,0.0,98.7,49.24463550001383,6000,0,,,0,2,2,36.81835210003192,12.426283399981912,,,,,,1.0,0.00725380363448134,0.7191666666666666,0.05465502313916153,-0.009986554791439391,0.033867181065447546,0.22593237572329133,0.5299021592442645,0.0,1.0,0.0,0.0,0.0,,,0.0,,0.0,0.0,,0.0,,,459.98563613745466,383.04999999999995,0.0,0.0,0.0,6000,-4.4715699485017115,6000,6.136392016671987,-3.9203380483326917,0.0,reviewer1_sensor_nondegenerate_feasibility,configs/reviewer1_remaining/sensor_nondegenerate_development/feasibility_grid.yaml,SensorizedPyBulletUAVWaypoint-v0,SensorizedPyBulletUAVWaypoint-v0,native_gymnasium_observation,16b64f6d0a863f2a9a2731511db3e6c3e1a2dbb5,1.8.0,3.14.3,2.11.0+cpu,2.4.3,1.3.0,3.1.0,2.1.0,3.2.7
horizon120_budget6000_low_level,sensorized_motor_controller,15007,6000,-4.296742016019067,0.0,97.5,45.79000870004529,6000,0,,,0,2,2,32.7400463000522,13.049962399993092,,,,,,1.0,0.00722834574279007,0.6792786069651742,0.055696724263020456,-0.01001318195594108,0.03468812570614681,0.2311456960743908,0.1294079023487215,0.0,1.0,0.0,0.0,0.0,,,0.0,,0.0,0.0,,0.0,,,466.8877684705756,396.975,0.0,0.0,0.0,6000,-4.296742016019067,6000,5.456674383342033,-3.46342712528666,0.0,reviewer1_sensor_nondegenerate_feasibility,configs/reviewer1_remaining/sensor_nondegenerate_development/feasibility_grid.yaml,SensorizedPyBulletUAVWaypoint-v0,SensorizedPyBulletUAVWaypoint-v0,native_gymnasium_observation,16b64f6d0a863f2a9a2731511db3e6c3e1a2dbb5,1.8.0,3.14.3,2.11.0+cpu,2.4.3,1.3.0,3.1.0,2.1.0,3.2.7
horizon120_budget6000_low_level,sensorized_motor_controller,15008,6000,-3.4968887687901735,0.0,111.1,45.07064079999691,6000,0,,,0,2,2,32.015460999973584,13.055179800023325,,,,,,1.0,0.0037222727929834094,0.5737162162162163,0.046234385946517804,-0.006033992090309271,0.034754957798035516,0.21650722182242194,0.24083333333333332,0.0,1.0,0.0,0.0,0.0,,,0.0,,0.0,0.0,,0.0,,,418.1544269600671,354.0,0.0,0.0,0.0,6000,-3.4968887687901735,6000,5.335910166662264,-3.3006745641503366,0.0,reviewer1_sensor_nondegenerate_feasibility,configs/reviewer1_remaining/sensor_nondegenerate_development/feasibility_grid.yaml,SensorizedPyBulletUAVWaypoint-v0,SensorizedPyBulletUAVWaypoint-v0,native_gymnasium_observation,16b64f6d0a863f2a9a2731511db3e6c3e1a2dbb5,1.8.0,3.14.3,2.11.0+cpu,2.4.3,1.3.0,3.1.0,2.1.0,3.2.7
horizon240_budget12000_high_level,feed_forward_dqn,15006,12000,-13.606592030906063,0.0,220.6,149.52485379995778,12000,2993,0.0009574474868457,0.2117979228496551,0,4,4,89.38432549999561,60.14052829996217,,,,,,1.0,0.002947316608645,0.9773971741087981,0.0,-0.002947316608645,0.034471939891360534,0.21298224824271345,0.3321510673234811,0.0,1.0,0.0,1.0,0.0,,,0.0,,0.0,0.0,,1.0,,,1198.8904023010073,1003.75,0.0,0.0,0.0,12000,-13.606592030906063,12000,7.448693791666301,-12.947587415115779,0.0,reviewer1_sensor_nondegenerate_feasibility,configs/reviewer1_remaining/sensor_nondegenerate_development/feasibility_grid.yaml,SensorizedPyBulletUAVWaypoint-v0,SensorizedPyBulletUAVWaypoint-v0,native_gymnasium_observation,16b64f6d0a863f2a9a2731511db3e6c3e1a2dbb5,1.8.0,3.14.3,2.11.0+cpu,2.4.3,1.3.0,3.1.0,2.1.0,3.2.7
horizon240_budget12000_high_level,feed_forward_dqn,15007,12000,-6.448481095440132,0.0,240.0,151.17024539998965,12000,2993,0.0011419379388473,0.2093849778175354,0,4,4,90.140289700008,61.029955699981656,,,,,,1.0,0.0,0.38125,0.00208333333333332,-0.00010416666666666,0.03470484416910035,0.18916666666666665,0.26208333333333333,0.0,1.0,0.0,1.0,0.0,,,0.0,,0.0,0.0,,1.0,,,1225.227875,1018.025,0.0,0.0,0.0,12000,-6.448481095440132,12000,7.5116908083339995,-8.123663320683832,0.0,reviewer1_sensor_nondegenerate_feasibility,configs/reviewer1_remaining/sensor_nondegenerate_development/feasibility_grid.yaml,SensorizedPyBulletUAVWaypoint-v0,SensorizedPyBulletUAVWaypoint-v0,native_gymnasium_observation,16b64f6d0a863f2a9a2731511db3e6c3e1a2dbb5,1.8.0,3.14.3,2.11.0+cpu,2.4.3,1.3.0,3.1.0,2.1.0,3.2.7
horizon240_budget12000_high_level,feed_forward_dqn,15008,12000,-11.466593474767173,0.0,189.6,143.2716844000388,12000,2993,0.0005479894763906,0.1854492127895355,0,4,4,90.09905200003412,53.17263240000466,,,,,,1.0,0.00373348188822882,0.9847424623115579,0.007671288244325429,-0.00411704630044509,0.03429354935972807,0.18967857210691572,0.4291666666666667,0.0,1.0,0.0,1.0,0.0,,,0.0,,0.0,0.0,,1.0,,,1192.0156174654273,1000.0,0.0,0.0,0.0,12000,-11.466593474767173,12000,7.508254333336176,-10.373010900459088,0.0,reviewer1_sensor_nondegenerate_feasibility,configs/reviewer1_remaining/sensor_nondegenerate_development/feasibility_grid.yaml,SensorizedPyBulletUAVWaypoint-v0,SensorizedPyBulletUAVWaypoint-v0,native_gymnasium_observation,16b64f6d0a863f2a9a2731511db3e6c3e1a2dbb5,1.8.0,3.14.3,2.11.0+cpu,2.4.3,1.3.0,3.1.0,2.1.0,3.2.7
horizon240_budget12000_high_level,selected_temporal_drqn,15006,12000,-9.52061561469204,0.0,240.0,191.7023167000152,12000,2941,0.0006321967444721,0.0555476061999797,0,4,4,129.44598409999162,62.2563326000236,,,,,,1.0,0.0,0.7137499999999999,0.00874999999999998,-0.00043749999999999,0.034428027457373236,0.20708333333333329,0.35708333333333336,0.0,1.0,0.0,1.0,0.0,,,0.0,,0.0,0.0,,1.0,,,1481.6092916666666,1342.675,12000.0,11646.0,107548.0,12000,-9.52061561469204,12000,10.787165341665968,-10.061691168815058,0.0,reviewer1_sensor_nondegenerate_feasibility,configs/reviewer1_remaining/sensor_nondegenerate_development/feasibility_grid.yaml,SensorizedPyBulletUAVWaypoint-v0,SensorizedPyBulletUAVWaypoint-v0,native_gymnasium_observation,16b64f6d0a863f2a9a2731511db3e6c3e1a2dbb5,1.8.0,3.14.3,2.11.0+cpu,2.4.3,1.3.0,3.1.0,2.1.0,3.2.7
horizon240_budget12000_high_level,selected_temporal_drqn,15007,12000,-10.265342315050278,0.0,208.8,184.5382723999792,12000,2941,0.0003394157231761,0.05408576130867,0,4,4,125.42128109995974,59.11699130001944,,,,,,1.0,0.0028877471807481803,0.6920833333333334,0.06529391660970607,-0.0061524430112334695,0.03456148787113217,0.18484745867392044,0.27133857370699477,0.0,1.0,0.0,1.0,0.0,,,0.0,,0.0,0.0,,1.0,,,1536.2128933880442,1372.4499999999998,12000.0,11752.0,107548.0,12000,-10.265342315050278,12000,10.451773424996645,-8.568864876426998,0.0,reviewer1_sensor_nondegenerate_feasibility,configs/reviewer1_remaining/sensor_nondegenerate_development/feasibility_grid.yaml,SensorizedPyBulletUAVWaypoint-v0,SensorizedPyBulletUAVWaypoint-v0,native_gymnasium_observation,16b64f6d0a863f2a9a2731511db3e6c3e1a2dbb5,1.8.0,3.14.3,2.11.0+cpu,2.4.3,1.3.0,3.1.0,2.1.0,3.2.7
horizon240_budget12000_high_level,selected_temporal_drqn,15008,12000,-10.961706429019467,0.0,240.0,187.0066272000549,12000,2941,0.0009096406192316,0.0526521727442741,0,4,4,127.67790900002,59.32871820003493,,,,,,1.0,0.0,0.8841666666666667,0.07041666666666666,-0.00352083333333333,0.03498241602986426,0.19791666666666663,0.4241666666666667,0.0,1.0,0.0,1.0,0.0,,,0.0,,0.0,0.0,,1.0,,,1526.7014583333334,1382.1999999999998,12000.0,11649.0,107548.0,12000,-10.961706429019467,12000,10.639825750001666,-10.747555917252468,0.0,reviewer1_sensor_nondegenerate_feasibility,configs/reviewer1_remaining/sensor_nondegenerate_development/feasibility_grid.yaml,SensorizedPyBulletUAVWaypoint-v0,SensorizedPyBulletUAVWaypoint-v0,native_gymnasium_observation,16b64f6d0a863f2a9a2731511db3e6c3e1a2dbb5,1.8.0,3.14.3,2.11.0+cpu,2.4.3,1.3.0,3.1.0,2.1.0,3.2.7
horizon240_budget12000_high_level,velocity_setpoint_controller,15006,12000,-11.48045567838533,0.0,198.4,109.9152735999669,12000,0,,,0,4,4,62.096889000036754,47.81838459993014,,,,,,1.0,0.00327343613805052,0.7930079232951042,0.00125,-0.00333593613805052,0.034096435020058394,0.20980552106285177,0.38696780147662013,0.0,1.0,0.0,0.0,0.0,,,0.0,,0.0,0.0,,0.0,,,350.6672128842414,298.17499999999995,0.0,0.0,0.0,12000,-11.48045567838533,12000,5.174740750003063,-10.591196122621657,0.0,reviewer1_sensor_nondegenerate_feasibility,configs/reviewer1_remaining/sensor_nondegenerate_development/feasibility_grid.yaml,SensorizedPyBulletUAVWaypoint-v0,SensorizedPyBulletUAVWaypoint-v0,native_gymnasium_observation,16b64f6d0a863f2a9a2731511db3e6c3e1a2dbb5,1.8.0,3.14.3,2.11.0+cpu,2.4.3,1.3.0,3.1.0,2.1.0,3.2.7
horizon240_budget12000_high_level,velocity_setpoint_controller,15007,12000,-11.048463796915836,0.0,225.6,104.44731980003417,12000,0,,,0,4,4,58.50326780008618,45.94405199994799,,,,,,1.0,0.0019991964850552104,0.6344824412347776,0.006265723270440229,-0.0023124826485772,0.03512514510166362,0.18956230067130025,0.2933644859813084,0.0,1.0,0.0,0.0,0.0,,,0.0,,0.0,0.0,,0.0,,,351.89955464365585,294.4,0.0,0.0,0.0,12000,-11.048463796915836,12000,4.875272316673848,-10.258642786884698,0.0,reviewer1_sensor_nondegenerate_feasibility,configs/reviewer1_remaining/sensor_nondegenerate_development/feasibility_grid.yaml,SensorizedPyBulletUAVWaypoint-v0,SensorizedPyBulletUAVWaypoint-v0,native_gymnasium_observation,16b64f6d0a863f2a9a2731511db3e6c3e1a2dbb5,1.8.0,3.14.3,2.11.0+cpu,2.4.3,1.3.0,3.1.0,2.1.0,3.2.7
horizon240_budget12000_high_level,velocity_setpoint_controller,15008,12000,-10.390218310009082,0.0,232.9,105.11950190004428,12000,0,,,0,4,4,60.75958400004311,44.359917900001165,,,,,,1.0,0.00138791532037304,0.7199519725245339,0.0033650971599401905,-0.00155617017837003,0.03512133676908247,0.19859740467291787,0.33926278095473184,0.0,1.0,0.0,0.0,0.0,,,0.0,,0.0,0.0,,0.0,,,361.40024581633656,300.7,0.0,0.0,0.0,12000,-10.390218310009082,12000,5.063298666670259,-10.049024310834199,0.0,reviewer1_sensor_nondegenerate_feasibility,configs/reviewer1_remaining/sensor_nondegenerate_development/feasibility_grid.yaml,SensorizedPyBulletUAVWaypoint-v0,SensorizedPyBulletUAVWaypoint-v0,native_gymnasium_observation,16b64f6d0a863f2a9a2731511db3e6c3e1a2dbb5,1.8.0,3.14.3,2.11.0+cpu,2.4.3,1.3.0,3.1.0,2.1.0,3.2.7
horizon240_budget12000_low_level,feed_forward_dqn,15006,12000,-7.1551941864700055,0.0,144.2,157.47984849999193,12000,2993,0.0186417450318707,0.4777665138244629,0,4,4,116.50908639992122,40.97076210007072,,,,,,1.0,0.00969546739123555,0.3718824689704234,0.0,-0.00969546739123555,0.03621701424171283,0.19978040073244574,0.36900613275613275,0.0,1.0,0.0,1.0,0.0,,,0.0,,0.0,0.0,,1.0,,,1234.979094638475,1065.975,0.0,0.0,0.0,12000,-7.1551941864700055,12000,9.709090533326767,-7.886169416626576,0.0,reviewer1_sensor_nondegenerate_feasibility,configs/reviewer1_remaining/sensor_nondegenerate_development/feasibility_grid.yaml,SensorizedPyBulletUAVWaypoint-v0,SensorizedPyBulletUAVWaypoint-v0,native_gymnasium_observation,16b64f6d0a863f2a9a2731511db3e6c3e1a2dbb5,1.8.0,3.14.3,2.11.0+cpu,2.4.3,1.3.0,3.1.0,2.1.0,3.2.7
horizon240_budget12000_low_level,feed_forward_dqn,15007,12000,-9.35875509010983,0.0,150.4,156.91863099997863,12000,2993,0.0150519582248207,0.4490143060684204,0,4,4,110.16992949997076,46.74870150000788,,,,,,1.0,0.0068042513903019295,0.2885582554820737,0.0,-0.0068042513903019295,0.03609816412976849,0.18410175475332796,0.19198592584462146,0.0,1.0,0.0,1.0,0.0,,,0.0,,0.0,0.0,,1.0,,,1174.630247641846,1016.0999999999999,0.0,0.0,0.0,12000,-9.35875509010983,12000,9.180827458330898,-8.93551696556629,0.0,reviewer1_sensor_nondegenerate_feasibility,configs/reviewer1_remaining/sensor_nondegenerate_development/feasibility_grid.yaml,SensorizedPyBulletUAVWaypoint-v0,SensorizedPyBulletUAVWaypoint-v0,native_gymnasium_observation,16b64f6d0a863f2a9a2731511db3e6c3e1a2dbb5,1.8.0,3.14.3,2.11.0+cpu,2.4.3,1.3.0,3.1.0,2.1.0,3.2.7
horizon240_budget12000_low_level,feed_forward_dqn,15008,12000,-8.852460268377094,0.0,122.6,151.8197239000001,12000,2993,0.0235856693773411,0.4599512815475464,0,4,4,112.6112021000008,39.20852179999929,,,,,,1.0,0.00902501457256087,0.11470401677110675,0.03371712933600038,-0.01071087103936089,0.040557499213619806,0.1929127462696596,0.40046740832248107,0.0,1.0,0.0,1.0,0.0,,,0.0,,0.0,0.0,,1.0,,,1137.5552928726622,1025.05,0.0,0.0,0.0,12000,-8.852460268377094,12000,9.384266841666733,-8.486951448123184,0.0,reviewer1_sensor_nondegenerate_feasibility,configs/reviewer1_remaining/sensor_nondegenerate_development/feasibility_grid.yaml,SensorizedPyBulletUAVWaypoint-v0,SensorizedPyBulletUAVWaypoint-v0,native_gymnasium_observation,16b64f6d0a863f2a9a2731511db3e6c3e1a2dbb5,1.8.0,3.14.3,2.11.0+cpu,2.4.3,1.3.0,3.1.0,2.1.0,3.2.7
horizon240_budget12000_low_level,selected_temporal_drqn,15006,12000,-7.854010828274417,0.0,150.5,181.17272450000743,12000,2981,0.0059310820011467,0.1213977709412574,0,4,4,141.9500506000477,39.22267389995977,,,,,,1.0,0.0074010004133318995,0.6713305887417931,0.01624999999999999,-0.00821350041333189,0.03499374610301292,0.20705184121767797,0.3011300845317636,0.0,1.0,0.0,1.0,0.0,,,0.0,,0.0,0.0,,1.0,,,1551.920885535973,1391.975,12000.0,11642.0,112748.0,12000,-7.854010828274417,12000,11.829170883337307,-8.781751635603198,0.0,reviewer1_sensor_nondegenerate_feasibility,configs/reviewer1_remaining/sensor_nondegenerate_development/feasibility_grid.yaml,SensorizedPyBulletUAVWaypoint-v0,SensorizedPyBulletUAVWaypoint-v0,native_gymnasium_observation,16b64f6d0a863f2a9a2731511db3e6c3e1a2dbb5,1.8.0,3.14.3,2.11.0+cpu,2.4.3,1.3.0,3.1.0,2.1.0,3.2.7
horizon240_budget12000_low_level,selected_temporal_drqn,15007,12000,-7.595831795938312,0.0,95.7,152.3474816000089,12000,2941,0.005056929052313,0.1503698825836181,0,4,4,123.38841059990229,28.959071000106636,,,,,,1.0,0.01174901627274556,0.5719951923085123,0.0094017094017094,-0.01221910174283103,0.03628313136693316,0.18613921767963262,0.268702819490221,0.0,1.0,0.0,1.0,0.0,,,0.0,,0.0,0.0,,1.0,,,1704.2971326771403,1489.875,12000.0,11742.0,112748.0,12000,-7.595831795938312,12000,10.282367549991857,-8.28430715955136,0.0,reviewer1_sensor_nondegenerate_feasibility,configs/reviewer1_remaining/sensor_nondegenerate_development/feasibility_grid.yaml,SensorizedPyBulletUAVWaypoint-v0,SensorizedPyBulletUAVWaypoint-v0,native_gymnasium_observation,16b64f6d0a863f2a9a2731511db3e6c3e1a2dbb5,1.8.0,3.14.3,2.11.0+cpu,2.4.3,1.3.0,3.1.0,2.1.0,3.2.7
horizon240_budget12000_low_level,selected_temporal_drqn,15008,12000,-9.308706401558592,0.0,112.9,148.0266932999948,12000,2975,0.007296946847057,0.1225184202194213,0,4,4,126.06794889998856,21.958744400006253,,,,,,1.0,0.00892483935110142,0.1760731570895036,0.0,-0.00892483935110142,0.04203274082855588,0.18992348890535776,0.42660938861389963,0.0,1.0,0.0,1.0,0.0,,,0.0,,0.0,0.0,,1.0,,,1628.9638749769315,1415.4499999999998,12000.0,11596.0,112748.0,12000,-9.308706401558592,12000,10.50566240833238,-8.016474038223928,0.0,reviewer1_sensor_nondegenerate_feasibility,configs/reviewer1_remaining/sensor_nondegenerate_development/feasibility_grid.yaml,SensorizedPyBulletUAVWaypoint-v0,SensorizedPyBulletUAVWaypoint-v0,native_gymnasium_observation,16b64f6d0a863f2a9a2731511db3e6c3e1a2dbb5,1.8.0,3.14.3,2.11.0+cpu,2.4.3,1.3.0,3.1.0,2.1.0,3.2.7
horizon240_budget12000_low_level,sensorized_motor_controller,15006,12000,-0.6784538237848322,0.5,191.8,87.10431779996725,12000,0,,,0,4,4,54.97869329992682,32.12562450004043,,,,,,0.5,0.0034992458521870204,0.3754335269516894,0.10017103654049149,0.49149220232078844,0.03568735213078411,0.20680963698477245,0.4164438660453801,0.0,1.0,0.0,0.0,0.0,,,0.0,,0.0,0.0,,0.0,,,411.6662473802686,357.05,0.0,0.0,0.0,12000,-0.6784538237848322,12000,4.581557774993901,-2.242176463399509,0.38333333333333336,reviewer1_sensor_nondegenerate_feasibility,configs/reviewer1_remaining/sensor_nondegenerate_development/feasibility_grid.yaml,SensorizedPyBulletUAVWaypoint-v0,SensorizedPyBulletUAVWaypoint-v0,native_gymnasium_observation,16b64f6d0a863f2a9a2731511db3e6c3e1a2dbb5,1.8.0,3.14.3,2.11.0+cpu,2.4.3,1.3.0,3.1.0,2.1.0,3.2.7
horizon240_budget12000_low_level,sensorized_motor_controller,15007,12000,-3.061025939888088,0.3,141.3,86.03173699998297,12000,0,,,0,4,4,52.075051899882965,33.9566851001,,,,,,0.7,0.00915314024974353,0.588948711416616,0.10365904772334518,0.2856639073640892,0.034579566448884255,0.17568953399964632,0.35574575675361125,0.0,1.0,0.0,0.0,0.0,,,0.0,,0.0,0.0,,0.0,,,449.8154772432631,357.575,0.0,0.0,0.0,12000,-3.061025939888088,12000,4.33958765832358,-3.013448937972154,0.3,reviewer1_sensor_nondegenerate_feasibility,configs/reviewer1_remaining/sensor_nondegenerate_development/feasibility_grid.yaml,SensorizedPyBulletUAVWaypoint-v0,SensorizedPyBulletUAVWaypoint-v0,native_gymnasium_observation,16b64f6d0a863f2a9a2731511db3e6c3e1a2dbb5,1.8.0,3.14.3,2.11.0+cpu,2.4.3,1.3.0,3.1.0,2.1.0,3.2.7
horizon240_budget12000_low_level,sensorized_motor_controller,15008,12000,-1.592013442460797,0.4,171.0,88.70385660004104,12000,0,,,0,4,4,54.39172469999176,34.31213190004928,,,,,,0.6,0.00553454272487834,0.44846430694514067,0.11020106982973629,0.38895540378363486,0.03503063801039052,0.19865878698575978,0.42160385716232796,0.0,1.0,0.0,0.0,0.0,,,0.0,,0.0,0.0,,0.0,,,447.95077164758806,345.275,0.0,0.0,0.0,12000,-1.592013442460797,12000,4.532643724999313,-1.1064988565064462,0.4666666666666667,reviewer1_sensor_nondegenerate_feasibility,configs/reviewer1_remaining/sensor_nondegenerate_development/feasibility_grid.yaml,SensorizedPyBulletUAVWaypoint-v0,SensorizedPyBulletUAVWaypoint-v0,native_gymnasium_observation,16b64f6d0a863f2a9a2731511db3e6c3e1a2dbb5,1.8.0,3.14.3,2.11.0+cpu,2.4.3,1.3.0,3.1.0,2.1.0,3.2.7
horizon360_budget24000_high_level,feed_forward_dqn,15006,24000,-18.403524754507465,0.0,326.1,347.4906275999965,24000,5993,0.0015791430976052,0.2019757032394409,0,8,8,185.24209179996976,162.24853580002673,,,,,,1.0,0.0016181259284739403,0.9836950015088511,0.01689164684255845,-0.00246270827060182,0.03441384803057747,0.2051322119886993,0.3088888888888889,0.0,1.0,0.0,1.0,0.0,,,0.0,,0.0,0.0,,1.0,,,1128.0298654404137,966.175,0.0,0.0,0.0,24000,-18.403524754507465,24000,7.718420491665406,-14.228361297326309,0.0,reviewer1_sensor_nondegenerate_feasibility,configs/reviewer1_remaining/sensor_nondegenerate_development/feasibility_grid.yaml,SensorizedPyBulletUAVWaypoint-v0,SensorizedPyBulletUAVWaypoint-v0,native_gymnasium_observation,16b64f6d0a863f2a9a2731511db3e6c3e1a2dbb5,1.8.0,3.14.3,2.11.0+cpu,2.4.3,1.3.0,3.1.0,2.1.0,3.2.7
horizon360_budget24000_high_level,feed_forward_dqn,15007,24000,-9.264660043780953,0.0,334.1,363.4705251000123,24000,5993,0.0021762996821939,0.2170588225126266,0,8,8,191.39191169990227,172.07861340011004,,,,,,1.0,0.00216853411412089,0.09643504158113332,0.0,-0.00216853411412089,0.03507193424929158,0.20580604993416657,0.18194444444444444,0.0,1.0,0.0,1.0,0.0,,,0.0,,0.0,0.0,,1.0,,,1215.1014766793667,1019.2,0.0,0.0,0.0,24000,-9.264660043780953,24000,7.974662987495928,-12.706060394336767,0.0,reviewer1_sensor_nondegenerate_feasibility,configs/reviewer1_remaining/sensor_nondegenerate_development/feasibility_grid.yaml,SensorizedPyBulletUAVWaypoint-v0,SensorizedPyBulletUAVWaypoint-v0,native_gymnasium_observation,16b64f6d0a863f2a9a2731511db3e6c3e1a2dbb5,1.8.0,3.14.3,2.11.0+cpu,2.4.3,1.3.0,3.1.0,2.1.0,3.2.7
horizon360_budget24000_high_level,feed_forward_dqn,15008,24000,-10.661834223918268,0.0,213.9,358.5634814000223,24000,5993,0.0019961927960803,0.1975311636924743,0,8,8,190.87750949995825,167.68597190006403,,,,,,1.0,0.00511631149800708,0.5548957286422503,0.01794713449093453,-0.0060136682225538,0.03450173861444938,0.21904320111679637,0.3021200534529861,0.0,1.0,0.0,1.0,0.0,,,0.0,,0.0,0.0,,1.0,,,1217.0928796042886,1035.15,0.0,0.0,0.0,24000,-10.661834223918268,24000,7.953229562498261,-13.440176969828745,0.0,reviewer1_sensor_nondegenerate_feasibility,configs/reviewer1_remaining/sensor_nondegenerate_development/feasibility_grid.yaml,SensorizedPyBulletUAVWaypoint-v0,SensorizedPyBulletUAVWaypoint-v0,native_gymnasium_observation,16b64f6d0a863f2a9a2731511db3e6c3e1a2dbb5,1.8.0,3.14.3,2.11.0+cpu,2.4.3,1.3.0,3.1.0,2.1.0,3.2.7
horizon360_budget24000_high_level,selected_temporal_drqn,15006,24000,-11.37417890085031,0.0,358.8,456.3187217999948,24000,5911,0.0008597629930148,0.0916858538985252,0,8,8,277.8413236998604,178.47739810013445,,,,,,1.0,0.00028735632183907997,0.48435823754789264,0.0005555555555555399,-0.00031513409961683996,0.034626691408764884,0.20783524904214556,0.37444444444444447,0.0,1.0,0.0,1.0,0.0,,,0.0,,0.0,0.0,,1.0,,,1487.930179118774,1327.15,19680.0,19186.0,107548.0,24000,-11.37417890085031,24000,11.576721820827517,-13.52744412787634,0.0,reviewer1_sensor_nondegenerate_feasibility,configs/reviewer1_remaining/sensor_nondegenerate_development/feasibility_grid.yaml,SensorizedPyBulletUAVWaypoint-v0,SensorizedPyBulletUAVWaypoint-v0,native_gymnasium_observation,16b64f6d0a863f2a9a2731511db3e6c3e1a2dbb5,1.8.0,3.14.3,2.11.0+cpu,2.4.3,1.3.0,3.1.0,2.1.0,3.2.7
horizon360_budget24000_high_level,selected_temporal_drqn,15007,24000,-12.109535829761649,0.0,264.9,434.78662540001096,24000,5911,0.0009094559614259,0.0540554262697696,0,8,8,258.7844227000023,176.00220270000864,,,,,,1.0,0.00294873668135154,0.523967214518062,0.025555555555555533,-0.0042265144591292995,0.03494276167395795,0.20561750972912285,0.10138888888888889,0.0,1.0,0.0,1.0,0.0,,,0.0,,0.0,0.0,,1.0,,,1584.2284325094752,1438.65,19719.0,19227.0,107548.0,24000,-12.109535829761649,24000,10.782684279166764,-13.718812170110795,0.0,reviewer1_sensor_nondegenerate_feasibility,configs/reviewer1_remaining/sensor_nondegenerate_development/feasibility_grid.yaml,SensorizedPyBulletUAVWaypoint-v0,SensorizedPyBulletUAVWaypoint-v0,native_gymnasium_observation,16b64f6d0a863f2a9a2731511db3e6c3e1a2dbb5,1.8.0,3.14.3,2.11.0+cpu,2.4.3,1.3.0,3.1.0,2.1.0,3.2.7
horizon360_budget24000_high_level,selected_temporal_drqn,15008,24000,-14.095743166284223,0.0,299.6,400.1674059000216,24000,5911,0.000871298978197,0.0904770642518997,0,8,8,261.59603060007794,138.5713752999436,,,,,,1.0,0.002110482931657,0.6900954393156633,0.0,-0.002110482931657,0.03575751542176309,0.21320097438667643,0.2891666666666666,0.0,1.0,0.0,1.0,0.0,,,0.0,,0.0,0.0,,1.0,,,1611.682818705406,1416.225,19731.0,19460.0,107548.0,24000,-14.095743166284223,24000,10.899834608336581,-14.115532324998233,0.0,reviewer1_sensor_nondegenerate_feasibility,configs/reviewer1_remaining/sensor_nondegenerate_development/feasibility_grid.yaml,SensorizedPyBulletUAVWaypoint-v0,SensorizedPyBulletUAVWaypoint-v0,native_gymnasium_observation,16b64f6d0a863f2a9a2731511db3e6c3e1a2dbb5,1.8.0,3.14.3,2.11.0+cpu,2.4.3,1.3.0,3.1.0,2.1.0,3.2.7
horizon360_budget24000_high_level,velocity_setpoint_controller,15006,24000,-12.657024450045979,0.0,280.1,235.92161330004456,24000,0,,,0,8,8,123.20960309996735,112.7120102000772,,,,,,1.0,0.0038721620793884504,0.4288296714004117,0.00364951544978104,-0.0040546378518775,0.03476856965062195,0.20570367350444307,0.3835733772890655,0.0,1.0,0.0,0.0,0.0,,,0.0,,0.0,0.0,,0.0,,,372.5459868351195,305.65,0.0,0.0,0.0,24000,-12.657024450045979,24000,5.13373346249864,-14.292521741645455,0.0,reviewer1_sensor_nondegenerate_feasibility,configs/reviewer1_remaining/sensor_nondegenerate_development/feasibility_grid.yaml,SensorizedPyBulletUAVWaypoint-v0,SensorizedPyBulletUAVWaypoint-v0,native_gymnasium_observation,16b64f6d0a863f2a9a2731511db3e6c3e1a2dbb5,1.8.0,3.14.3,2.11.0+cpu,2.4.3,1.3.0,3.1.0,2.1.0,3.2.7
horizon360_budget24000_high_level,velocity_setpoint_controller,15007,24000,-13.788742377261624,0.0,311.3,232.0586914999876,24000,0,,,0,8,8,122.33767519996036,109.72101630002726,,,,,,1.0,0.00330557596945468,0.43067657736869913,0.0029034039915690596,-0.0034507461690331197,0.034164272336743504,0.2102022618002295,0.24629316202518714,0.0,1.0,0.0,0.0,0.0,,,0.0,,0.0,0.0,,0.0,,,369.5033816132128,305.8,0.0,0.0,0.0,24000,-13.788742377261624,24000,5.097403133331682,-13.536805790242816,0.0,reviewer1_sensor_nondegenerate_feasibility,configs/reviewer1_remaining/sensor_nondegenerate_development/feasibility_grid.yaml,SensorizedPyBulletUAVWaypoint-v0,SensorizedPyBulletUAVWaypoint-v0,native_gymnasium_observation,16b64f6d0a863f2a9a2731511db3e6c3e1a2dbb5,1.8.0,3.14.3,2.11.0+cpu,2.4.3,1.3.0,3.1.0,2.1.0,3.2.7
horizon360_budget24000_high_level,velocity_setpoint_controller,15008,24000,-13.434567536247616,0.0,283.8,228.10235900001132,24000,0,,,0,8,8,117.7242790000164,110.37807999999497,,,,,,1.0,0.0037517016023433498,0.4676795617768191,0.00396614854228772,-0.00395000902945772,0.03597562461214932,0.21402421679771821,0.36340159122518384,0.0,1.0,0.0,0.0,0.0,,,0.0,,0.0,0.0,,0.0,,,376.84411096660574,341.6,0.0,0.0,0.0,24000,-13.434567536247616,24000,4.90517829166735,-13.13140393202899,0.0,reviewer1_sensor_nondegenerate_feasibility,configs/reviewer1_remaining/sensor_nondegenerate_development/feasibility_grid.yaml,SensorizedPyBulletUAVWaypoint-v0,SensorizedPyBulletUAVWaypoint-v0,native_gymnasium_observation,16b64f6d0a863f2a9a2731511db3e6c3e1a2dbb5,1.8.0,3.14.3,2.11.0+cpu,2.4.3,1.3.0,3.1.0,2.1.0,3.2.7
horizon360_budget24000_low_level,feed_forward_dqn,15006,24000,-6.6269110086984,0.0,97.7,227.86777810001516,24000,5993,0.0253716869809521,0.4754349887371063,0,8,8,164.30585439997958,63.56192370003555,,,,,,1.0,0.01055429728192884,0.19549370713252254,0.014367265110191499,-0.011272660537438391,0.03964052750620178,0.21048646612340377,0.36521066405198865,0.0,1.0,0.0,1.0,0.0,,,0.0,,0.0,0.0,,1.0,,,1195.1497349026602,1055.9499999999998,0.0,0.0,0.0,24000,-6.6269110086984,24000,6.846077266665816,-8.870400715325635,0.0,reviewer1_sensor_nondegenerate_feasibility,configs/reviewer1_remaining/sensor_nondegenerate_development/feasibility_grid.yaml,SensorizedPyBulletUAVWaypoint-v0,SensorizedPyBulletUAVWaypoint-v0,native_gymnasium_observation,16b64f6d0a863f2a9a2731511db3e6c3e1a2dbb5,1.8.0,3.14.3,2.11.0+cpu,2.4.3,1.3.0,3.1.0,2.1.0,3.2.7
horizon360_budget24000_low_level,feed_forward_dqn,15007,24000,-6.125510273469147,0.0,112.9,215.6108419999946,24000,5993,0.0257971514128636,0.4776337742805481,0,8,8,164.99830729991663,50.61253470007796,,,,,,1.0,0.00898316112342223,0.25103930776673306,0.0,-0.00898316112342223,0.03771944070408343,0.20793338941611603,0.2714121870880993,0.0,1.0,0.0,1.0,0.0,,,0.0,,0.0,0.0,,1.0,,,1069.7621990156638,914.1500000000001,0.0,0.0,0.0,24000,-6.125510273469147,24000,6.874929470829859,-7.798235377251416,0.0,reviewer1_sensor_nondegenerate_feasibility,configs/reviewer1_remaining/sensor_nondegenerate_development/feasibility_grid.yaml,SensorizedPyBulletUAVWaypoint-v0,SensorizedPyBulletUAVWaypoint-v0,native_gymnasium_observation,16b64f6d0a863f2a9a2731511db3e6c3e1a2dbb5,1.8.0,3.14.3,2.11.0+cpu,2.4.3,1.3.0,3.1.0,2.1.0,3.2.7
horizon360_budget24000_low_level,feed_forward_dqn,15008,24000,-7.153223110005493,0.0,81.0,216.04637689999072,24000,5993,0.0242254500524676,0.5015148520469666,0,8,8,163.83661060000304,52.20976629998768,,,,,,1.0,0.01577099652984369,0.6019854374082568,0.0,-0.01577099652984369,0.03669101898923099,0.23026348975165217,0.3045224834623748,0.0,1.0,0.0,1.0,0.0,,,0.0,,0.0,0.0,,1.0,,,1134.5437143220859,957.45,0.0,0.0,0.0,24000,-7.153223110005493,24000,6.826525441666793,-8.292621525822431,0.0,reviewer1_sensor_nondegenerate_feasibility,configs/reviewer1_remaining/sensor_nondegenerate_development/feasibility_grid.yaml,SensorizedPyBulletUAVWaypoint-v0,SensorizedPyBulletUAVWaypoint-v0,native_gymnasium_observation,16b64f6d0a863f2a9a2731511db3e6c3e1a2dbb5,1.8.0,3.14.3,2.11.0+cpu,2.4.3,1.3.0,3.1.0,2.1.0,3.2.7
horizon360_budget24000_low_level,selected_temporal_drqn,15006,24000,-8.540393564374417,0.0,109.4,310.7947372000199,24000,5981,0.0081098458042822,0.1242118328809738,0,8,8,251.52280839992451,59.27192880009534,,,,,,1.0,0.00917892834143275,0.14313758040452954,0.00894538606403012,-0.00962619764463426,0.04095804132613603,0.20939040037154846,0.4422200736009311,0.0,1.0,0.0,1.0,0.0,,,0.0,,0.0,0.0,,1.0,,,1560.8531459998417,1334.15,19937.0,19432.0,112748.0,24000,-8.540393564374417,24000,10.480117016663522,-8.840312733109682,0.0,reviewer1_sensor_nondegenerate_feasibility,configs/reviewer1_remaining/sensor_nondegenerate_development/feasibility_grid.yaml,SensorizedPyBulletUAVWaypoint-v0,SensorizedPyBulletUAVWaypoint-v0,native_gymnasium_observation,16b64f6d0a863f2a9a2731511db3e6c3e1a2dbb5,1.8.0,3.14.3,2.11.0+cpu,2.4.3,1.3.0,3.1.0,2.1.0,3.2.7
horizon360_budget24000_low_level,selected_temporal_drqn,15007,24000,-6.878759866300504,0.0,73.6,324.90040579997003,24000,5922,0.0079489374748925,0.1833259016275406,0,8,8,260.16758879984263,64.7328170001274,,,,,,1.0,0.01423582775848203,0.6959259573781854,0.0,-0.01423582775848203,0.03625205435414478,0.21178254067808183,0.2227343180646652,0.0,1.0,0.0,1.0,0.0,,,0.0,,0.0,0.0,,1.0,,,1697.1545959481396,1462.775,19896.0,19364.0,112748.0,24000,-6.878759866300504,24000,10.840316199993444,-9.105507777232502,0.0,reviewer1_sensor_nondegenerate_feasibility,configs/reviewer1_remaining/sensor_nondegenerate_development/feasibility_grid.yaml,SensorizedPyBulletUAVWaypoint-v0,SensorizedPyBulletUAVWaypoint-v0,native_gymnasium_observation,16b64f6d0a863f2a9a2731511db3e6c3e1a2dbb5,1.8.0,3.14.3,2.11.0+cpu,2.4.3,1.3.0,3.1.0,2.1.0,3.2.7
horizon360_budget24000_low_level,selected_temporal_drqn,15008,24000,-7.6490855934044815,0.0,108.2,316.55955330003053,24000,5975,0.0098667924409969,0.1764001995325088,0,8,8,261.9619534000521,54.59759989997838,,,,,,1.0,0.00956168356589099,0.3303931293450647,0.00661097160517673,-0.009892232146149819,0.04112719429381822,0.21537529612278453,0.19489800078316866,0.0,1.0,0.0,1.0,0.0,,,0.0,,0.0,0.0,,1.0,,,1661.011053889238,1396.5,19989.0,19336.0,112748.0,24000,-7.6490855934044815,24000,10.915081391668837,-8.747136642916361,0.0,reviewer1_sensor_nondegenerate_feasibility,configs/reviewer1_remaining/sensor_nondegenerate_development/feasibility_grid.yaml,SensorizedPyBulletUAVWaypoint-v0,SensorizedPyBulletUAVWaypoint-v0,native_gymnasium_observation,16b64f6d0a863f2a9a2731511db3e6c3e1a2dbb5,1.8.0,3.14.3,2.11.0+cpu,2.4.3,1.3.0,3.1.0,2.1.0,3.2.7
horizon360_budget24000_low_level,sensorized_motor_controller,15006,24000,-1.2377852049693456,0.6,171.3,173.70387669996126,24000,0,,,0,8,8,109.01355809991946,64.69031860004179,,,,,,0.4,0.0040603560952398,0.5132450571716423,0.09797661770222098,0.5910408130196492,0.0343349643923335,0.20183041109381133,0.5120818646779922,0.0,1.0,0.0,0.0,0.0,,,0.0,,0.0,0.0,,0.0,,,420.66181968536165,354.35,0.0,0.0,0.0,24000,-1.2377852049693456,24000,4.542231587496644,-1.0573281169359896,0.6,reviewer1_sensor_nondegenerate_feasibility,configs/reviewer1_remaining/sensor_nondegenerate_development/feasibility_grid.yaml,SensorizedPyBulletUAVWaypoint-v0,SensorizedPyBulletUAVWaypoint-v0,native_gymnasium_observation,16b64f6d0a863f2a9a2731511db3e6c3e1a2dbb5,1.8.0,3.14.3,2.11.0+cpu,2.4.3,1.3.0,3.1.0,2.1.0,3.2.7
horizon360_budget24000_low_level,sensorized_motor_controller,15007,24000,-2.0246359005183914,0.5,156.8,173.78373450000072,24000,0,,,0,8,8,108.60284560004948,65.18088889995124,,,,,,0.5,0.0063121418652535306,0.5571148921665505,0.0923592957049016,0.4890698933495014,0.03432033741187313,0.20931213096333767,0.21644902463097893,0.0,1.0,0.0,0.0,0.0,,,0.0,,0.0,0.0,,0.0,,,490.27514588705924,377.825,0.0,0.0,0.0,24000,-2.0246359005183914,24000,4.525118566668728,-1.7294430912422418,0.5571428571428572,reviewer1_sensor_nondegenerate_feasibility,configs/reviewer1_remaining/sensor_nondegenerate_development/feasibility_grid.yaml,SensorizedPyBulletUAVWaypoint-v0,SensorizedPyBulletUAVWaypoint-v0,native_gymnasium_observation,16b64f6d0a863f2a9a2731511db3e6c3e1a2dbb5,1.8.0,3.14.3,2.11.0+cpu,2.4.3,1.3.0,3.1.0,2.1.0,3.2.7
horizon360_budget24000_low_level,sensorized_motor_controller,15008,24000,0.9168617789653363,0.9,220.7,180.2537791999639,24000,0,,,0,8,8,109.63161919999402,70.62215999996988,,,,,,0.1,0.00111111111111111,0.3651825624721177,0.1445720248861725,0.8916602876445803,0.03597749193156311,0.21619303641586846,0.31385111042380764,0.0,1.0,0.0,0.0,0.0,,,0.0,,0.0,0.0,,0.0,,,425.3017081327812,359.1,0.0,0.0,0.0,24000,0.9168617789653363,24000,4.567984133333084,-0.06509174599554225,0.6785714285714286,reviewer1_sensor_nondegenerate_feasibility,configs/reviewer1_remaining/sensor_nondegenerate_development/feasibility_grid.yaml,SensorizedPyBulletUAVWaypoint-v0,SensorizedPyBulletUAVWaypoint-v0,native_gymnasium_observation,16b64f6d0a863f2a9a2731511db3e6c3e1a2dbb5,1.8.0,3.14.3,2.11.0+cpu,2.4.3,1.3.0,3.1.0,2.1.0,3.2.7
