algorithm,environment,training_seed,condition,mean_return,median_return,cvar10_return,decision_weighted_support_coverage,episode_mean_support_coverage,exact_recurrence_rate_episode_mean,unhealthy_termination_rate,truncation_rate,mean_critic_gap,mean_tqc_quantile_iqr,final_eval_episodes,final_eval_decisions
CrossQ,HalfCheetah-v5,22000,ACT_GAIN_075,4767.392108906754,4769.106940126642,4661.106355675997,0.9999666666666667,0.9999666666666668,0.0,,1.0,1.4261590576171874,,30,30000
CrossQ,HalfCheetah-v5,22000,COMBINED_DELAY_GAIN,2167.8668867793585,2163.3311712524587,2141.9469510278336,0.9991666666666666,0.9991666666666666,0.0,,1.0,1.9067372233072921,,30,30000
CrossQ,HalfCheetah-v5,22000,NOMINAL,8913.882694005233,8927.772891960672,8680.12363431655,0.9955666666666667,0.9955666666666666,0.0,,1.0,1.7730128987630207,,30,30000
CrossQ,HalfCheetah-v5,22000,OBS_DELAY_1,2234.345437560762,2223.4341403905983,2119.402989778262,0.8008,0.8008,0.0,,1.0,2.8437063598632815,,30,30000
CrossQ,HalfCheetah-v5,22001,ACT_GAIN_075,1334.0454748525656,1509.8668398658215,-317.17502824711147,0.9796,0.9796,0.0,,1.0,0.6238905537923178,,30,30000
CrossQ,HalfCheetah-v5,22001,COMBINED_DELAY_GAIN,394.8900602152056,395.67496017849453,372.9600447046898,0.9985,0.9984999999999999,0.0,,1.0,0.6777231750488283,,30,30000
CrossQ,HalfCheetah-v5,22001,NOMINAL,2268.7653024678075,2274.6385231036074,2221.409201624787,0.9990333333333333,0.9990333333333331,0.0,,1.0,0.4711218668619791,,30,30000
CrossQ,HalfCheetah-v5,22001,OBS_DELAY_1,363.53804535086334,361.89829855984703,322.37911573578594,0.8177333333333333,0.8177333333333333,0.0,,1.0,0.9075490010579426,,30,30000
CrossQ,HalfCheetah-v5,22002,ACT_GAIN_075,2324.682861058745,2333.371636420487,2252.8989376869827,1.0,1.0,0.0,,1.0,1.8163873901367185,,30,30000
CrossQ,HalfCheetah-v5,22002,COMBINED_DELAY_GAIN,832.7755878502936,834.6054399741626,793.3888825891551,0.9972,0.9972,0.0,,1.0,2.3467788899739586,,30,30000
CrossQ,HalfCheetah-v5,22002,NOMINAL,5495.693797356767,5497.397298901947,5373.480512086621,0.9999,0.9999,0.0,,1.0,0.7072632039388022,,30,30000
CrossQ,HalfCheetah-v5,22002,OBS_DELAY_1,-167.97814581677423,-170.364754203534,-207.00735917624152,0.020866666666666665,0.020866666666666676,0.0,,1.0,12.135969655354819,,30,30000
CrossQ,HalfCheetah-v5,22003,ACT_GAIN_075,2816.0485176015563,2824.7267502682553,2746.620283629268,0.9993333333333333,0.9993333333333332,0.0,,1.0,1.2902089029947916,,30,30000
CrossQ,HalfCheetah-v5,22003,COMBINED_DELAY_GAIN,822.8602002808402,940.6108376135412,416.31915908923617,0.9818,0.9817999999999999,0.0,,1.0,2.604953866958618,,30,30000
CrossQ,HalfCheetah-v5,22003,NOMINAL,5487.585267044401,5480.684568697355,5318.990752924382,0.9996,0.9995999999999999,0.0,,1.0,1.1761370849609376,,30,30000
CrossQ,HalfCheetah-v5,22003,OBS_DELAY_1,279.2597917487414,277.6595814961652,234.28560920907194,0.9427333333333333,0.9427333333333335,0.0,,1.0,5.240418610254923,,30,30000
CrossQ,HalfCheetah-v5,22004,ACT_GAIN_075,2361.8553561768153,2355.470670107068,2283.550586436064,0.9995666666666667,0.9995666666666666,0.0,,1.0,2.049370340983073,,30,30000
CrossQ,HalfCheetah-v5,22004,COMBINED_DELAY_GAIN,706.6479124435097,706.2515172515863,634.0392603579467,0.9965666666666667,0.9965666666666666,0.0,,1.0,2.367766072591146,,30,30000
CrossQ,HalfCheetah-v5,22004,NOMINAL,5887.231226954482,5910.379201169743,5731.341654638784,0.9981,0.9981000000000001,0.0,,1.0,0.6561588948567708,,30,30000
CrossQ,HalfCheetah-v5,22004,OBS_DELAY_1,-56.29074452815291,-64.40273066800592,-123.35958463010452,0.9611,0.9610999999999997,0.0,,1.0,2.431566889444987,,30,30000
CrossQ,Walker2d-v5,22000,ACT_GAIN_075,4698.335662128104,4698.163173570028,4685.088089463637,0.9996,0.9995999999999998,0.0,0.0,1.0,2.1111558430989583,,30,30000
CrossQ,Walker2d-v5,22000,COMBINED_DELAY_GAIN,4788.251604177917,4787.365039866662,4773.495004528003,0.9993,0.9993,0.0,0.0,1.0,2.2588322753906254,,30,30000
CrossQ,Walker2d-v5,22000,NOMINAL,4582.561980292948,4580.88764539493,4567.763357075714,1.0,1.0,0.0,0.0,1.0,2.418406188964844,,30,30000
CrossQ,Walker2d-v5,22000,OBS_DELAY_1,4574.205587157368,4569.810130025357,4504.492274274374,0.9870333333333333,0.9870333333333331,0.0,0.0,1.0,2.7116598307291673,,30,30000
CrossQ,Walker2d-v5,22001,ACT_GAIN_075,3101.1457495972263,3446.735914977743,962.26023751884,0.9981012658227848,0.9958585585585585,0.0,0.23333333333333334,0.7666666666666667,2.501526186786966,,30,26860
CrossQ,Walker2d-v5,22001,COMBINED_DELAY_GAIN,976.6783935430491,647.2715302255153,316.6534965827281,0.9143168209036473,0.8813826018637708,0.0,0.9666666666666667,0.03333333333333333,5.220707258655239,,30,9185
CrossQ,Walker2d-v5,22001,NOMINAL,3219.0977827004294,3544.0493917702775,872.5313765927114,0.9882764976958526,0.98816227902567,0.0,0.2,0.8,2.9153229380387953,,30,27125
CrossQ,Walker2d-v5,22001,OBS_DELAY_1,1992.2579564191562,1736.8499624975702,282.7874977698513,0.9661818611800875,0.9423844632719933,0.0,0.6333333333333333,0.36666666666666664,3.9601239484969293,,30,16914
CrossQ,Walker2d-v5,22002,ACT_GAIN_075,971.2889711379843,1093.5898737988427,618.9640852190296,0.9626885075403017,0.9570326635896461,0.0,1.0,0.0,2.8465283985695993,,30,7692
CrossQ,Walker2d-v5,22002,COMBINED_DELAY_GAIN,374.70629963411204,370.73838918690683,362.3764210130148,0.9599581261449882,0.9603820808355034,0.0,1.0,0.0,4.468629297598299,,30,3821
CrossQ,Walker2d-v5,22002,NOMINAL,4263.461338033571,4677.6499148017565,2305.274421466101,0.989730282874059,0.9865330637902442,0.0,0.26666666666666666,0.7333333333333333,2.100642917071366,,30,27362
CrossQ,Walker2d-v5,22002,OBS_DELAY_1,838.2532745887399,557.3534678351634,172.20871885433738,0.8116661495501086,0.7065056239701719,0.0,0.9,0.1,5.028884788935683,,30,6446
CrossQ,Walker2d-v5,22003,ACT_GAIN_075,3245.804132190369,3685.1706501443637,1730.0946528220118,0.9788659093994659,0.9703491479284292,0.0,0.6333333333333333,0.36666666666666664,3.525683738629166,,30,22097
CrossQ,Walker2d-v5,22003,COMBINED_DELAY_GAIN,1655.2445449537825,976.0860904503311,490.2412165544236,0.9428973976462788,0.9292108450099271,0.0,0.9333333333333333,0.06666666666666667,4.977340705534074,,30,12066
CrossQ,Walker2d-v5,22003,NOMINAL,4790.222398270134,4783.596069686086,4766.86898698915,1.0,1.0,0.0,0.0,1.0,1.7907837829589845,,30,30000
CrossQ,Walker2d-v5,22003,OBS_DELAY_1,4248.9321767826905,5029.3889558515475,332.2846270527713,0.9831371177681937,0.9645693180653745,0.0,0.16666666666666666,0.8333333333333334,2.6101506619033548,,30,25737
CrossQ,Walker2d-v5,22004,ACT_GAIN_075,405.03559114583953,253.88036895235535,233.89943702711787,0.9414236282748394,0.946470257852942,0.0,1.0,0.0,5.2075107969559005,,30,4046
CrossQ,Walker2d-v5,22004,COMBINED_DELAY_GAIN,999.9628285138157,1156.3704148444544,287.94148362904457,0.8818353236957888,0.9110884914814393,0.0,1.0,0.0,4.482545018237242,,30,7955
CrossQ,Walker2d-v5,22004,NOMINAL,3693.5851240427137,5170.18812359207,198.25421596373405,0.989066519661889,0.9481702552618455,0.0,0.3,0.7,3.2589255720291392,,30,21768
CrossQ,Walker2d-v5,22004,OBS_DELAY_1,5173.874126579327,5195.737526992247,4978.908014031414,0.9926666666666667,0.9926666666666667,0.0,0.0,1.0,2.4149484863281243,,30,30000
SAC,HalfCheetah-v5,22000,ACT_GAIN_075,2731.6871307113374,2723.6010287300824,2689.1751317368366,1.0,1.0,0.0,,1.0,1.0291217549641927,,30,30000
SAC,HalfCheetah-v5,22000,COMBINED_DELAY_GAIN,1599.5624438725656,1610.4585948232916,1371.2088358182373,0.9901333333333333,0.9901333333333334,0.0,,1.0,1.6782830810546876,,30,30000
SAC,HalfCheetah-v5,22000,NOMINAL,4100.056970995879,4105.82508920786,4006.7555914222194,0.9998,0.9998,0.0,,1.0,1.0139357401529947,,30,30000
SAC,HalfCheetah-v5,22000,OBS_DELAY_1,859.4888994081468,894.2745768799841,420.81822106759796,0.8528333333333333,0.8528333333333333,0.0,,1.0,2.3380111655394233,,30,30000
SAC,HalfCheetah-v5,22001,ACT_GAIN_075,1198.472925076402,1194.427886031564,1161.5390921319924,0.9982,0.9982000000000001,0.0,,1.0,0.48820249430338536,,30,30000
SAC,HalfCheetah-v5,22001,COMBINED_DELAY_GAIN,401.3931396357354,401.79368504522176,357.3273306684605,0.9948,0.9947999999999999,0.0,,1.0,0.6996930694580078,,30,30000
SAC,HalfCheetah-v5,22001,NOMINAL,1407.95821110915,1407.9395818839096,1340.2929089331308,0.9943,0.9942999999999997,0.0,,1.0,0.4907122751871745,,30,30000
SAC,HalfCheetah-v5,22001,OBS_DELAY_1,346.4934726101485,347.25932635955576,164.18547595726974,0.8907,0.8907,0.0,,1.0,1.0182199427286782,,30,30000
SAC,HalfCheetah-v5,22002,ACT_GAIN_075,1131.4810331908957,1131.1780524389244,1097.9739353990014,0.9999333333333333,0.9999333333333333,0.0,,1.0,0.5199158325195313,,30,30000
SAC,HalfCheetah-v5,22002,COMBINED_DELAY_GAIN,444.15598364918463,453.39751855014254,213.60927691222275,0.9990333333333333,0.9990333333333332,0.0,,1.0,0.865883466084798,,30,30000
SAC,HalfCheetah-v5,22002,NOMINAL,1237.6666545682237,1250.328933377411,1126.6436887177208,0.9864,0.9863999999999999,0.0,,1.0,0.4166633173624675,,30,30000
SAC,HalfCheetah-v5,22002,OBS_DELAY_1,210.33230058119824,212.8872697343581,52.97091555831691,0.9313,0.9313,0.0,,1.0,1.0159585774739583,,30,30000
SAC,HalfCheetah-v5,22003,ACT_GAIN_075,2821.403767191378,2816.237982041594,2754.9665212278364,0.9999666666666667,0.9999666666666668,0.0,,1.0,1.2328007303873696,,30,30000
SAC,HalfCheetah-v5,22003,COMBINED_DELAY_GAIN,1123.175171493481,1070.7533186917353,874.6360419986008,0.9905,0.9905,0.0,,1.0,2.2093245239257806,,30,30000
SAC,HalfCheetah-v5,22003,NOMINAL,4285.549797562178,4286.551864375204,4154.357916246335,0.9973666666666666,0.9973666666666666,0.0,,1.0,0.8991059875488283,,30,30000
SAC,HalfCheetah-v5,22003,OBS_DELAY_1,512.0444761168415,512.8873004366459,373.5147813372118,0.8065,0.8064999999999999,0.0,,1.0,2.7841918392181397,,30,30000
SAC,HalfCheetah-v5,22004,ACT_GAIN_075,2855.5997828965474,2859.6596333239313,2795.351169349155,1.0,1.0,0.0,,1.0,0.9859007873535156,,30,30000
SAC,HalfCheetah-v5,22004,COMBINED_DELAY_GAIN,1669.0262219471044,1685.5342825056935,1408.3082215105276,0.9968333333333333,0.9968333333333332,0.0,,1.0,2.1942588399251304,,30,30000
SAC,HalfCheetah-v5,22004,NOMINAL,4438.987548959703,4446.33006510873,4210.564642000344,0.9988333333333334,0.9988333333333334,0.0,,1.0,0.9859561767578126,,30,30000
SAC,HalfCheetah-v5,22004,OBS_DELAY_1,1080.2877588655895,1117.3676509121492,552.9890988251485,0.7976,0.7975999999999999,0.0,,1.0,2.9567063943743706,,30,30000
SAC,Walker2d-v5,22000,ACT_GAIN_075,372.9858893992776,368.17977529715677,171.43297842895845,0.9633997559983734,0.9602844024074054,0.0,1.0,0.0,2.124023844859633,,30,4918
SAC,Walker2d-v5,22000,COMBINED_DELAY_GAIN,379.56819177358113,382.1308778645998,351.8840758629249,0.9789729969012837,0.9791693451315352,0.0,1.0,0.0,2.398013950910931,,30,4518
SAC,Walker2d-v5,22000,NOMINAL,344.6855797729983,378.8257961309438,104.51608174606129,0.9322950465065974,0.9257606876606944,0.0,1.0,0.0,3.064547141712294,,30,4623
SAC,Walker2d-v5,22000,OBS_DELAY_1,278.08114128386455,190.72517538119183,139.237605871673,0.9030166337750212,0.8890993241356865,0.0,1.0,0.0,3.2143651228256878,,30,3547
SAC,Walker2d-v5,22001,ACT_GAIN_075,654.7244296570963,657.3916251917341,431.5405609421475,0.8957222419717976,0.9029962921334367,0.0,1.0,0.0,3.0896932082363344,,30,8439
SAC,Walker2d-v5,22001,COMBINED_DELAY_GAIN,505.45727343620985,500.0998966698563,357.30656172595377,0.9654014598540146,0.9668230135107987,0.0,1.0,0.0,1.7122010586901715,,30,6850
SAC,Walker2d-v5,22001,NOMINAL,610.9306354272074,561.4299880184972,371.5189266348246,0.9140909625102832,0.9307578948527211,0.0,1.0,0.0,2.64630509726179,,30,8509
SAC,Walker2d-v5,22001,OBS_DELAY_1,532.0291288193431,510.75767863940575,330.5183194707766,0.8594664931685101,0.8723723975934922,0.0,1.0,0.0,4.075246762277074,,30,7685
SAC,Walker2d-v5,22002,ACT_GAIN_075,569.418492778364,599.6338708672961,200.84350722988768,0.9973913043478261,0.994205343042639,0.0,1.0,0.0,1.2384281057320057,,30,8050
SAC,Walker2d-v5,22002,COMBINED_DELAY_GAIN,530.7159868369506,478.579310255784,378.2509657961307,0.9944595072497937,0.9935774552700238,0.0,0.9666666666666667,0.03333333333333333,1.1820414111884032,,30,8483
SAC,Walker2d-v5,22002,NOMINAL,1174.927331208043,1130.7788318502462,603.6335176625054,0.9827727645611156,0.9854892440942905,0.0,0.9666666666666667,0.03333333333333333,1.128188184414704,,30,15847
SAC,Walker2d-v5,22002,OBS_DELAY_1,556.1630332655598,476.5583066745183,1.433654830180097,0.8810356231692337,0.7429036867260124,0.0,0.9333333333333333,0.06666666666666667,3.080916687529461,,30,10583
SAC,Walker2d-v5,22003,ACT_GAIN_075,525.3228236426814,571.652245683034,225.2473608309032,0.9462537007515373,0.9288713206090975,0.0,0.9666666666666667,0.03333333333333333,2.375651213265938,,30,8782
SAC,Walker2d-v5,22003,COMBINED_DELAY_GAIN,496.12227382796794,582.0533328247425,105.62453693326972,0.8891126494650724,0.8644512381085612,0.0,1.0,0.0,2.672237118280156,,30,7945
SAC,Walker2d-v5,22003,NOMINAL,599.8978404590514,557.515853446372,66.88705988777753,0.7761159420289855,0.7321826613377997,0.0,1.0,0.0,3.981602243060115,,30,8625
SAC,Walker2d-v5,22003,OBS_DELAY_1,405.12820109744587,209.4903086068029,46.66257023118451,0.7591810204744881,0.7127681277286092,0.0,1.0,0.0,3.8602596771507214,,30,6154
SAC,Walker2d-v5,22004,ACT_GAIN_075,604.2767013638169,610.6605508373482,543.1020980282733,1.0,1.0,0.0,1.0,0.0,0.8196307851951652,,30,7644
SAC,Walker2d-v5,22004,COMBINED_DELAY_GAIN,470.51736286644615,449.9996889104496,379.084127623127,0.9874894336432798,0.9893101770157384,0.0,1.0,0.0,1.3362381756535444,,30,5915
SAC,Walker2d-v5,22004,NOMINAL,796.146774985705,825.505487621672,608.3425331786269,0.9986109627096912,0.9987164294963609,0.0,1.0,0.0,1.1157891647126057,,30,9359
SAC,Walker2d-v5,22004,OBS_DELAY_1,575.3666453577368,592.1792455637242,333.1353274069074,0.9796728600921073,0.9760467756464557,0.0,1.0,0.0,1.6900042122989154,,30,6297
TQC,HalfCheetah-v5,22000,ACT_GAIN_075,2738.212687694454,2741.6232772623816,2654.4449153202036,1.0,1.0,0.0,,1.0,1.225434336344401,5.660542053222656,30,30000
TQC,HalfCheetah-v5,22000,COMBINED_DELAY_GAIN,1084.3074121139582,1090.9612139288338,817.0352317143698,0.9814333333333334,0.9814333333333333,0.0,,1.0,1.9906121355692545,6.916654957453411,30,30000
TQC,HalfCheetah-v5,22000,NOMINAL,4519.757079509433,4563.681901555745,4000.4841978078316,0.9930333333333333,0.9930333333333333,0.0,,1.0,0.968926425298055,6.145101184209188,30,30000
TQC,HalfCheetah-v5,22000,OBS_DELAY_1,322.7914658568073,223.37265940390824,-94.37410975067996,0.7162,0.7162000000000001,0.0,,1.0,3.1777510248422627,8.116806084314984,30,30000
TQC,HalfCheetah-v5,22001,ACT_GAIN_075,3043.4372122266223,3050.9377655542203,2973.9093685954554,0.9999666666666667,0.9999666666666668,0.0,,1.0,0.9670853068033853,5.002959869384765,30,30000
TQC,HalfCheetah-v5,22001,COMBINED_DELAY_GAIN,959.8262339978688,976.6063284523835,835.6226066114901,0.9988333333333334,0.9988333333333332,0.0,,1.0,1.641330871582031,6.236368448893231,30,30000
TQC,HalfCheetah-v5,22001,NOMINAL,4397.610324097299,4423.27976609211,4211.439364674093,0.9989,0.9989,0.0,,1.0,0.9641940816243489,5.7316799723307295,30,30000
TQC,HalfCheetah-v5,22001,OBS_DELAY_1,805.3754809121899,815.2733909156004,529.319487191689,0.8989666666666667,0.8989666666666668,0.0,,1.0,2.143878838857015,7.4500831044514975,30,30000
TQC,HalfCheetah-v5,22002,ACT_GAIN_075,1130.6746515993989,1225.4057872452559,260.7168572078157,0.9997,0.9997000000000001,0.0,,1.0,0.410622319539388,2.1237166595458987,30,30000
TQC,HalfCheetah-v5,22002,COMBINED_DELAY_GAIN,291.4249716263632,285.99136214932685,228.92932554887784,0.9991333333333333,0.9991333333333333,0.0,,1.0,0.5661068725585938,2.1205320968627928,30,30000
TQC,HalfCheetah-v5,22002,NOMINAL,1476.231165635069,1472.9602448922376,1402.607424850671,0.9967333333333334,0.9967333333333331,0.0,,1.0,0.5003567581176758,2.277566385904948,30,30000
TQC,HalfCheetah-v5,22002,OBS_DELAY_1,275.1273771702367,271.41652191176104,201.0305675701743,0.9831666666666666,0.9831666666666666,0.0,,1.0,0.8504891891479492,2.398619247436523,30,30000
TQC,HalfCheetah-v5,22003,ACT_GAIN_075,2969.599582097261,2981.2070569360053,2825.734385178528,0.9985,0.9985,0.0,,1.0,1.023704630533854,4.486308848063151,30,30000
TQC,HalfCheetah-v5,22003,COMBINED_DELAY_GAIN,1245.3964659012877,1263.0994118708845,1010.48120627465,0.9935333333333334,0.9935333333333332,0.0,,1.0,1.5057365582784015,4.948013425191244,30,30000
TQC,HalfCheetah-v5,22003,NOMINAL,4078.48514439687,4085.343330538467,3890.1227076956634,0.9984,0.9984,0.0,,1.0,0.9177713464101155,4.869184364954631,30,30000
TQC,HalfCheetah-v5,22003,OBS_DELAY_1,410.2558341213187,386.9697900515504,259.15742545828425,0.8844666666666666,0.8844666666666665,0.0,,1.0,1.2319221502939859,3.3572446136474605,30,30000
TQC,HalfCheetah-v5,22004,ACT_GAIN_075,2757.635484074259,2758.1027611979816,2684.2812280024964,1.0,1.0,0.0,,1.0,0.8972345682779947,5.380900166829426,30,30000
TQC,HalfCheetah-v5,22004,COMBINED_DELAY_GAIN,845.719602430881,838.0580272646225,692.6700162792091,0.9973333333333333,0.9973333333333334,0.0,,1.0,2.076739522298177,7.363502329508464,30,30000
TQC,HalfCheetah-v5,22004,NOMINAL,4562.424165122724,4564.380730454433,4410.630959381756,0.9985,0.9985,0.0,,1.0,1.0314310506184896,5.709546478271483,30,30000
TQC,HalfCheetah-v5,22004,OBS_DELAY_1,742.1237834778113,918.222450585344,33.89207120491778,0.8332,0.8332,0.0,,1.0,2.2306402994791665,7.043600805918375,30,30000
TQC,Walker2d-v5,22000,ACT_GAIN_075,527.1327387469461,525.249230201312,508.60469301403555,0.9942328122628623,0.9942233313050355,0.0,1.0,0.0,1.175776554050207,5.616609031418258,30,6589
TQC,Walker2d-v5,22000,COMBINED_DELAY_GAIN,475.5003024697514,504.1062364045126,239.30928338487922,0.8143327348892878,0.7997817828707265,0.0,1.0,0.0,2.9892644031116977,11.224454108112003,30,6684
TQC,Walker2d-v5,22000,NOMINAL,893.4463941229153,870.166965148295,687.716633445814,0.9881750098541584,0.9878279598310039,0.0,1.0,0.0,1.4664390184130078,5.764416712515684,30,10148
TQC,Walker2d-v5,22000,OBS_DELAY_1,462.2663599128906,296.3790056180952,16.0442468212228,0.6909965034965035,0.5429097405504144,0.0,1.0,0.0,5.209229245382639,17.448137466050976,30,6864
TQC,Walker2d-v5,22001,ACT_GAIN_075,684.7148781698753,642.0953351711792,560.8071037915279,0.9707652622527945,0.9717065111271275,0.0,1.0,0.0,1.2152862820305066,5.334358621235492,30,9304
TQC,Walker2d-v5,22001,COMBINED_DELAY_GAIN,997.9266945172507,967.4355688553246,629.0634660506167,0.9756488549618321,0.9753597808525315,0.0,1.0,0.0,1.4509652975115659,5.836388711022735,30,13100
TQC,Walker2d-v5,22001,NOMINAL,1053.6532565427242,912.1255524056156,638.6316840643511,0.9589181787059227,0.9522176730844314,0.0,1.0,0.0,1.641374607710151,6.906768785179829,30,14605
TQC,Walker2d-v5,22001,OBS_DELAY_1,638.4285030712507,580.7095281135702,316.8319292800672,0.8490652074783401,0.8511843503388327,0.0,1.0,0.0,2.806253157607521,9.982455117113593,30,8772
TQC,Walker2d-v5,22002,ACT_GAIN_075,694.3803899937527,710.3131476951664,379.94598913055796,0.9638366662675129,0.96206910983777,0.0,1.0,0.0,2.060674032084175,8.594028921833608,30,8351
TQC,Walker2d-v5,22002,COMBINED_DELAY_GAIN,642.6387400791792,591.438690077033,359.6392614104898,0.9716393234134554,0.9726733282539578,0.0,1.0,0.0,2.294837255081943,9.679297633386401,30,7863
TQC,Walker2d-v5,22002,NOMINAL,947.018903236372,934.3104229473706,34.74132193222972,0.9481312670920693,0.9228011976929138,0.0,1.0,0.0,2.325099087517981,9.762594651579331,30,10970
TQC,Walker2d-v5,22002,OBS_DELAY_1,520.322252559953,419.5964279676364,26.079997425911355,0.8763391490664217,0.8051325863186072,0.0,1.0,0.0,3.584958081353936,12.298798241194795,30,6534
TQC,Walker2d-v5,22003,ACT_GAIN_075,892.6086797757982,849.9798433368105,763.1646860292053,0.9345983044004844,0.9350783199790718,0.0,1.0,0.0,1.9670949191301699,8.761724808518409,30,9908
TQC,Walker2d-v5,22003,COMBINED_DELAY_GAIN,853.5120174322102,825.5782103615884,444.912404725565,0.905628076182324,0.9003382334384907,0.0,1.0,0.0,2.259153372829632,9.491224162032017,30,9346
TQC,Walker2d-v5,22003,NOMINAL,1049.0388752429435,1066.631872066543,50.110008505667906,0.9222609368950833,0.896050070384783,0.0,1.0,0.0,2.154269412659308,8.878080866811363,30,12915
TQC,Walker2d-v5,22003,OBS_DELAY_1,1161.2256897289176,1117.8160834241673,669.4946056425083,0.867021699387966,0.867132521751179,0.0,1.0,0.0,2.696407361841946,9.498261382361472,30,12581
TQC,Walker2d-v5,22004,ACT_GAIN_075,938.6824399517045,974.5619025254493,749.8632534283246,0.9787547693374956,0.9789411186361249,0.0,1.0,0.0,1.4089759815338463,6.434650093605283,30,11532
TQC,Walker2d-v5,22004,COMBINED_DELAY_GAIN,1070.1955127266851,1045.5677211932434,741.2693504553898,0.9830430090951133,0.9818235760742678,0.0,1.0,0.0,1.70442608422799,6.8255750880089465,30,12974
TQC,Walker2d-v5,22004,NOMINAL,402.2815571011273,412.50698962481374,189.54889426259902,0.9805061145417121,0.9801528293799585,0.0,1.0,0.0,1.626718552391256,6.295200003419178,30,8259
TQC,Walker2d-v5,22004,OBS_DELAY_1,670.5548380700287,564.7670209159622,119.49710984163495,0.9137168141592921,0.9098995057515054,0.0,1.0,0.0,2.2801914819720213,7.908502867979588,30,10396
