environment,agent,seed,checkpoint,mean_return,success_rate,mean_length,elapsed_seconds,environment_steps,gradient_updates,training_elapsed_seconds,evaluation_elapsed_seconds,mean_gate,support_abstention_rate,global_tabular_error,global_neural_error,visited_states,failure_rate,collision_rate,risk_zone_rate,unsupported_state_ratio,memory_branch_usage_ratio,neural_branch_usage_ratio,abstention_ratio,adaptive_alpha_mean,adaptive_alpha_iqr,support_score_mean,uncertainty_score_mean,inference_time_us_per_decision_mean,inference_time_us_per_decision_median,memory_cost_states,memory_cost_entries,memory_cost_bytes_estimated,eval_checkpoint,eval_return,train_steps,seconds_per_1000_steps,return_auc,success_rate_auc,experiment_name,config_file,environment_id,resolved_environment_id,observation_representation,git_commit_hash,package_version,python_version,torch_version,numpy_version,gymnasium_version,minigrid_version,idle_rate,risk_adjusted_score,gym_pybullet_drones_version,pybullet_version
ApplicationNavigation-deployment-goal-shift,validated_dqn,600,12000,-3.0430000000000006,0.0,120.0,14.489397200006351,12000,719,5.949015000005602,8.54038220000075,,,,,,1.0,0.008611111111111,0.0422222222222222,0.2666666666666666,0.0,1.0,0.0,,,0.0,,339.56861111111107,310.125,0.0,0.0,0.0,12000,-3.0430000000000006,12000,0.4957512500004668,-4.248333333333334,0.0366666666666666,asoc_application_navigation_case_study,configs/application_navigation_case_study.json,ApplicationNavigationSupportShift-v0,ApplicationNavigationSupportShift-v0,native_gymnasium_observation,b292c8d64b1f8ecb5c1db0717979cb6deec5480c,1.3.0,3.14.3,2.11.0+cpu,2.4.3,1.3.0,3.1.0,,,,
ApplicationNavigation-deployment-goal-shift,validated_dqn,601,12000,-2.6663333333333346,0.0333333333333333,117.63333333333334,14.581970999999612,12000,719,5.943251700002293,8.63871929999732,,,,,,0.9666666666666668,0.0102777777777777,0.0205555555555555,0.3,0.0,1.0,0.0,,,0.0,,353.19305385487525,315.35,0.0,0.0,0.0,12000,-2.6663333333333346,12000,0.495270975000191,-2.9102333333333337,0.0433333333333333,asoc_application_navigation_case_study,configs/application_navigation_case_study.json,ApplicationNavigationSupportShift-v0,ApplicationNavigationSupportShift-v0,native_gymnasium_observation,b292c8d64b1f8ecb5c1db0717979cb6deec5480c,1.3.0,3.14.3,2.11.0+cpu,2.4.3,1.3.0,3.1.0,,,,
ApplicationNavigation-deployment-goal-shift,validated_dqn,602,12000,-3.114333333333334,0.0,120.0,14.54793530000461,12000,719,5.794140499994683,8.753794800009928,,,,,,1.0,0.0047222222222222,0.0608333333333333,0.4777777777777778,0.0,1.0,0.0,,,0.0,,343.4537777777778,307.475,0.0,0.0,0.0,12000,-3.114333333333334,12000,0.4828450416662235,-3.399800000000001,0.03,asoc_application_navigation_case_study,configs/application_navigation_case_study.json,ApplicationNavigationSupportShift-v0,ApplicationNavigationSupportShift-v0,native_gymnasium_observation,b292c8d64b1f8ecb5c1db0717979cb6deec5480c,1.3.0,3.14.3,2.11.0+cpu,2.4.3,1.3.0,3.1.0,,,,
ApplicationNavigation-deployment-goal-shift,validated_dqn,603,12000,-2.761666666666668,0.0333333333333333,116.83333333333331,14.609591599997657,12000,719,5.817987700000231,8.791603899997426,,,,,,0.9666666666666668,0.0063888888888888,0.0433333333333333,0.5666666666666667,0.0,1.0,0.0,,,0.0,,349.95071666666666,310.95,0.0,0.0,0.0,12000,-2.761666666666668,12000,0.4848323083333525,-3.051066666666668,0.0366666666666666,asoc_application_navigation_case_study,configs/application_navigation_case_study.json,ApplicationNavigationSupportShift-v0,ApplicationNavigationSupportShift-v0,native_gymnasium_observation,b292c8d64b1f8ecb5c1db0717979cb6deec5480c,1.3.0,3.14.3,2.11.0+cpu,2.4.3,1.3.0,3.1.0,,,,
ApplicationNavigation-deployment-goal-shift,validated_dqn,604,12000,-1.977666666666668,0.1,109.76666666666668,14.112608399998862,12000,719,5.771905699999479,8.340702699999383,,,,,,0.9,0.0052777777777777,0.0144444444444444,0.5,0.0,1.0,0.0,,,0.0,,340.02715213675214,309.825,0.0,0.0,0.0,12000,-1.977666666666668,12000,0.4809921416666232,-5.627733333333332,0.0466666666666666,asoc_application_navigation_case_study,configs/application_navigation_case_study.json,ApplicationNavigationSupportShift-v0,ApplicationNavigationSupportShift-v0,native_gymnasium_observation,b292c8d64b1f8ecb5c1db0717979cb6deec5480c,1.3.0,3.14.3,2.11.0+cpu,2.4.3,1.3.0,3.1.0,,,,
ApplicationNavigation-deployment-goal-shift,validated_dqn,605,12000,-2.979666666666667,0.0,120.0,14.12762610000209,12000,719,5.830477899995458,8.297148200006632,,,,,,1.0,0.0124999999999999,0.0244444444444444,0.3333333333333333,0.0,1.0,0.0,,,0.0,,339.97338888888885,308.725,0.0,0.0,0.0,12000,-2.979666666666667,12000,0.4858731583329548,-6.501233333333334,0.0566666666666666,asoc_application_navigation_case_study,configs/application_navigation_case_study.json,ApplicationNavigationSupportShift-v0,ApplicationNavigationSupportShift-v0,native_gymnasium_observation,b292c8d64b1f8ecb5c1db0717979cb6deec5480c,1.3.0,3.14.3,2.11.0+cpu,2.4.3,1.3.0,3.1.0,,,,
ApplicationNavigation-deployment-goal-shift,validated_dqn,606,12000,-9.893999999999997,0.0666666666666666,115.0,14.218570800003365,12000,719,5.773634100005438,8.444936699997925,,,,,,0.9333333333333332,0.2372222222222222,0.1438888888888888,0.4333333333333333,0.0,1.0,0.0,,,0.0,,341.96646212121215,314.45,0.0,0.0,0.0,12000,-9.893999999999997,12000,0.4811361750004532,-4.4593,0.1133333333333333,asoc_application_navigation_case_study,configs/application_navigation_case_study.json,ApplicationNavigationSupportShift-v0,ApplicationNavigationSupportShift-v0,native_gymnasium_observation,b292c8d64b1f8ecb5c1db0717979cb6deec5480c,1.3.0,3.14.3,2.11.0+cpu,2.4.3,1.3.0,3.1.0,,,,
ApplicationNavigation-deployment-goal-shift,validated_dqn,607,12000,-2.7279999999999998,0.0666666666666666,113.3,14.42395779999788,12000,719,5.955987500019546,8.467970299978333,,,,,,0.9333333333333332,0.0138888888888888,0.0430555555555555,0.3333333333333333,0.0,1.0,0.0,,,0.0,,348.8090555555555,312.975,0.0,0.0,0.0,12000,-2.7279999999999998,12000,0.4963322916682955,-3.200566666666667,0.04,asoc_application_navigation_case_study,configs/application_navigation_case_study.json,ApplicationNavigationSupportShift-v0,ApplicationNavigationSupportShift-v0,native_gymnasium_observation,b292c8d64b1f8ecb5c1db0717979cb6deec5480c,1.3.0,3.14.3,2.11.0+cpu,2.4.3,1.3.0,3.1.0,,,,
ApplicationNavigation-deployment-goal-shift,validated_dqn,608,12000,-4.908333333333331,0.1,112.03333333333332,14.081268200003253,12000,719,5.9566835000005085,8.124584700002742,,,,,,0.9,0.0986182336182336,0.0466737891737891,0.3,0.0,1.0,0.0,,,0.0,,331.4636887464387,305.29999999999995,0.0,0.0,0.0,12000,-4.908333333333331,12000,0.496390291666709,-4.9375333333333336,0.0733333333333333,asoc_application_navigation_case_study,configs/application_navigation_case_study.json,ApplicationNavigationSupportShift-v0,ApplicationNavigationSupportShift-v0,native_gymnasium_observation,b292c8d64b1f8ecb5c1db0717979cb6deec5480c,1.3.0,3.14.3,2.11.0+cpu,2.4.3,1.3.0,3.1.0,,,,
ApplicationNavigation-deployment-goal-shift,validated_dqn,609,12000,-7.956666666666666,0.0,120.0,14.28692699999374,12000,719,5.804994400001306,8.481932599992433,,,,,,1.0,0.1783333333333333,0.0661111111111111,0.3,0.0,1.0,0.0,,,0.0,,336.368,307.9,0.0,0.0,0.0,12000,-7.956666666666666,12000,0.4837495333334421,-3.5145333333333344,0.0433333333333333,asoc_application_navigation_case_study,configs/application_navigation_case_study.json,ApplicationNavigationSupportShift-v0,ApplicationNavigationSupportShift-v0,native_gymnasium_observation,b292c8d64b1f8ecb5c1db0717979cb6deec5480c,1.3.0,3.14.3,2.11.0+cpu,2.4.3,1.3.0,3.1.0,,,,
ApplicationNavigation-deployment-goal-shift,validated_dqn,610,12000,-3.591666666666666,0.0666666666666666,115.13333333333334,14.274477999999364,12000,719,5.785281600008602,8.48919639999076,,,,,,0.9333333333333332,0.0447222222222222,0.0405555555555555,0.5333333333333333,0.0,1.0,0.0,,,0.0,,332.57262318840577,308.525,0.0,0.0,0.0,12000,-3.591666666666666,12000,0.4821068000007169,-3.622233333333333,0.0666666666666666,asoc_application_navigation_case_study,configs/application_navigation_case_study.json,ApplicationNavigationSupportShift-v0,ApplicationNavigationSupportShift-v0,native_gymnasium_observation,b292c8d64b1f8ecb5c1db0717979cb6deec5480c,1.3.0,3.14.3,2.11.0+cpu,2.4.3,1.3.0,3.1.0,,,,
ApplicationNavigation-deployment-goal-shift,validated_dqn,611,12000,-1.768000000000001,0.1666666666666666,106.1,14.176230699995358,12000,719,5.809647299989592,8.366583400005766,,,,,,0.8333333333333334,0.0066666666666666,0.0311111111111111,0.4666666666666667,0.0,1.0,0.0,,,0.0,,346.8786025196486,310.275,0.0,0.0,0.0,12000,-1.768000000000001,12000,0.4841372749991326,-2.742066666666667,0.1066666666666666,asoc_application_navigation_case_study,configs/application_navigation_case_study.json,ApplicationNavigationSupportShift-v0,ApplicationNavigationSupportShift-v0,native_gymnasium_observation,b292c8d64b1f8ecb5c1db0717979cb6deec5480c,1.3.0,3.14.3,2.11.0+cpu,2.4.3,1.3.0,3.1.0,,,,
ApplicationNavigation-deployment-goal-shift,validated_dqn,612,12000,-3.2346666666666666,0.0,120.0,14.597361799998907,12000,719,5.822146099999372,8.775215699999535,,,,,,1.0,0.0088888888888888,0.0613888888888888,0.4333333333333333,0.0,1.0,0.0,,,0.0,,341.99080555555554,308.2,0.0,0.0,0.0,12000,-3.2346666666666666,12000,0.4851788416666143,-4.313766666666666,0.04,asoc_application_navigation_case_study,configs/application_navigation_case_study.json,ApplicationNavigationSupportShift-v0,ApplicationNavigationSupportShift-v0,native_gymnasium_observation,b292c8d64b1f8ecb5c1db0717979cb6deec5480c,1.3.0,3.14.3,2.11.0+cpu,2.4.3,1.3.0,3.1.0,,,,
ApplicationNavigation-deployment-goal-shift,validated_dqn,613,12000,-3.145,0.0,120.0,14.475364899997658,12000,719,5.848505900001328,8.62685899999633,,,,,,1.0,0.0080555555555555,0.0544444444444444,0.3333333333333333,0.0,1.0,0.0,,,0.0,,349.43702777777776,315.475,0.0,0.0,0.0,12000,-3.145,12000,0.4873754916667773,-2.681033333333334,0.07,asoc_application_navigation_case_study,configs/application_navigation_case_study.json,ApplicationNavigationSupportShift-v0,ApplicationNavigationSupportShift-v0,native_gymnasium_observation,b292c8d64b1f8ecb5c1db0717979cb6deec5480c,1.3.0,3.14.3,2.11.0+cpu,2.4.3,1.3.0,3.1.0,,,,
ApplicationNavigation-deployment-goal-shift,validated_dqn,614,12000,-2.2146666666666674,0.1,111.3,14.334623499998996,12000,719,5.773067000009178,8.56155649998982,,,,,,0.9,0.0088888888888888,0.0256286549707602,0.2666666666666666,0.0,1.0,0.0,,,0.0,,356.6308435672515,313.55,0.0,0.0,0.0,12000,-2.2146666666666674,12000,0.4810889166674315,-2.9493666666666667,0.0833333333333333,asoc_application_navigation_case_study,configs/application_navigation_case_study.json,ApplicationNavigationSupportShift-v0,ApplicationNavigationSupportShift-v0,native_gymnasium_observation,b292c8d64b1f8ecb5c1db0717979cb6deec5480c,1.3.0,3.14.3,2.11.0+cpu,2.4.3,1.3.0,3.1.0,,,,
ApplicationNavigation-deployment-goal-shift,validated_dqn,615,12000,-3.616333333333333,0.1,111.0,14.097645300003933,12000,719,5.971534999996948,8.126110300006985,,,,,,0.9,0.0605297157622738,0.0436111111111111,0.3666666666666666,0.0,1.0,0.0,,,0.0,,341.7592222222222,307.17499999999995,0.0,0.0,0.0,12000,-3.616333333333333,12000,0.4976279166664123,-4.0740333333333325,0.08,asoc_application_navigation_case_study,configs/application_navigation_case_study.json,ApplicationNavigationSupportShift-v0,ApplicationNavigationSupportShift-v0,native_gymnasium_observation,b292c8d64b1f8ecb5c1db0717979cb6deec5480c,1.3.0,3.14.3,2.11.0+cpu,2.4.3,1.3.0,3.1.0,,,,
ApplicationNavigation-deployment-goal-shift,validated_dqn,616,12000,-2.941000000000001,0.0,120.0,14.642816999999924,12000,719,5.995019999994838,8.647797000005085,,,,,,1.0,0.0069444444444444,0.0363888888888888,0.5333333333333333,0.0,1.0,0.0,,,0.0,,349.59369444444445,306.7,0.0,0.0,0.0,12000,-2.941000000000001,12000,0.4995849999995698,-6.0806,0.0333333333333333,asoc_application_navigation_case_study,configs/application_navigation_case_study.json,ApplicationNavigationSupportShift-v0,ApplicationNavigationSupportShift-v0,native_gymnasium_observation,b292c8d64b1f8ecb5c1db0717979cb6deec5480c,1.3.0,3.14.3,2.11.0+cpu,2.4.3,1.3.0,3.1.0,,,,
ApplicationNavigation-deployment-goal-shift,validated_dqn,617,12000,-5.637999999999999,0.2,96.86666666666666,14.17153629999666,12000,719,5.883366800007934,8.288169499988726,,,,,,0.8,0.1594444444444444,0.0316666666666666,0.4,0.0,1.0,0.0,,,0.0,,405.38977777777774,315.2,0.0,0.0,0.0,12000,-5.637999999999999,12000,0.4902805666673278,-3.4994666666666663,0.06,asoc_application_navigation_case_study,configs/application_navigation_case_study.json,ApplicationNavigationSupportShift-v0,ApplicationNavigationSupportShift-v0,native_gymnasium_observation,b292c8d64b1f8ecb5c1db0717979cb6deec5480c,1.3.0,3.14.3,2.11.0+cpu,2.4.3,1.3.0,3.1.0,,,,
ApplicationNavigation-deployment-goal-shift,validated_dqn,618,12000,-3.937999999999998,0.1,108.2,14.327191600001242,12000,719,5.769533800004865,8.557657799996377,,,,,,0.9,0.0655555555555555,0.0486111111111111,0.4,0.0,1.0,0.0,,,0.0,,344.89736111111114,314.25,0.0,0.0,0.0,12000,-3.937999999999998,12000,0.4807944833337387,-3.511,0.0666666666666666,asoc_application_navigation_case_study,configs/application_navigation_case_study.json,ApplicationNavigationSupportShift-v0,ApplicationNavigationSupportShift-v0,native_gymnasium_observation,b292c8d64b1f8ecb5c1db0717979cb6deec5480c,1.3.0,3.14.3,2.11.0+cpu,2.4.3,1.3.0,3.1.0,,,,
ApplicationNavigation-deployment-goal-shift,validated_dqn,619,12000,-3.1539999999999986,0.0333333333333333,119.13333333333334,14.54110860000219,12000,719,5.768411399993056,8.772697200009134,,,,,,0.9666666666666668,0.0066666666666666,0.0786111111111111,0.5,0.0,1.0,0.0,,,0.0,,343.2409432624113,311.07500000000005,0.0,0.0,0.0,12000,-3.1539999999999986,12000,0.4807009499994213,-3.286666666666666,0.0433333333333333,asoc_application_navigation_case_study,configs/application_navigation_case_study.json,ApplicationNavigationSupportShift-v0,ApplicationNavigationSupportShift-v0,native_gymnasium_observation,b292c8d64b1f8ecb5c1db0717979cb6deec5480c,1.3.0,3.14.3,2.11.0+cpu,2.4.3,1.3.0,3.1.0,,,,
ApplicationNavigation-deployment-goal-shift,validated_dqn,620,12000,-4.265333333333333,0.0333333333333333,119.66666666666669,14.487428200001888,12000,719,5.893105100003595,8.594323099998292,,,,,,0.9666666666666668,0.0627777777777777,0.0319444444444444,0.3333333333333333,0.0,1.0,0.0,,,0.0,,334.2356212121212,309.625,0.0,0.0,0.0,12000,-4.265333333333333,12000,0.4910920916669662,-5.204566666666665,0.05,asoc_application_navigation_case_study,configs/application_navigation_case_study.json,ApplicationNavigationSupportShift-v0,ApplicationNavigationSupportShift-v0,native_gymnasium_observation,b292c8d64b1f8ecb5c1db0717979cb6deec5480c,1.3.0,3.14.3,2.11.0+cpu,2.4.3,1.3.0,3.1.0,,,,
ApplicationNavigation-deployment-goal-shift,validated_dqn,621,12000,-5.911333333333332,0.1,113.96666666666668,14.620087800001784,12000,719,5.92230410000775,8.697783699994034,,,,,,0.9,0.1438888888888888,0.017330012430196,0.3333333333333333,0.0,1.0,0.0,,,0.0,,332.65943941385416,308.875,0.0,0.0,0.0,12000,-5.911333333333332,12000,0.4935253416673125,-3.6735666666666673,0.0433333333333333,asoc_application_navigation_case_study,configs/application_navigation_case_study.json,ApplicationNavigationSupportShift-v0,ApplicationNavigationSupportShift-v0,native_gymnasium_observation,b292c8d64b1f8ecb5c1db0717979cb6deec5480c,1.3.0,3.14.3,2.11.0+cpu,2.4.3,1.3.0,3.1.0,,,,
ApplicationNavigation-deployment-goal-shift,validated_dqn,622,12000,-2.884999999999998,0.0666666666666666,115.03333333333332,14.288840599998366,12000,719,6.009171099998639,8.279669499999727,,,,,,0.9333333333333332,0.0030555555555555,0.0869444444444444,0.4666666666666667,0.0,1.0,0.0,,,0.0,,342.84669444444444,310.975,0.0,0.0,0.0,12000,-2.884999999999998,12000,0.5007642583332199,-4.4549,0.1,asoc_application_navigation_case_study,configs/application_navigation_case_study.json,ApplicationNavigationSupportShift-v0,ApplicationNavigationSupportShift-v0,native_gymnasium_observation,b292c8d64b1f8ecb5c1db0717979cb6deec5480c,1.3.0,3.14.3,2.11.0+cpu,2.4.3,1.3.0,3.1.0,,,,
ApplicationNavigation-deployment-goal-shift,validated_dqn,623,12000,-2.4966666666666684,0.0333333333333333,118.93333333333334,14.5752089000016,12000,719,5.992966400008299,8.5822424999933,,,,,,0.9666666666666668,0.0067676767676767,0.012070707070707,0.3008333333333333,0.0,1.0,0.0,,,0.0,,372.6659015151515,314.85,0.0,0.0,0.0,12000,-2.4966666666666684,12000,0.4994138666673582,-3.0551666666666666,0.0433333333333333,asoc_application_navigation_case_study,configs/application_navigation_case_study.json,ApplicationNavigationSupportShift-v0,ApplicationNavigationSupportShift-v0,native_gymnasium_observation,b292c8d64b1f8ecb5c1db0717979cb6deec5480c,1.3.0,3.14.3,2.11.0+cpu,2.4.3,1.3.0,3.1.0,,,,
ApplicationNavigation-deployment-goal-shift,validated_dqn,624,12000,-2.400000000000001,0.1,114.76666666666668,14.63261169999896,12000,719,5.817205199993623,8.815406500005338,,,,,,0.9,0.0078508771929824,0.0492546041721218,0.4,0.0,1.0,0.0,,,0.0,,361.25211950304106,317.275,0.0,0.0,0.0,12000,-2.400000000000001,12000,0.4847670999994686,-4.644033333333332,0.0433333333333333,asoc_application_navigation_case_study,configs/application_navigation_case_study.json,ApplicationNavigationSupportShift-v0,ApplicationNavigationSupportShift-v0,native_gymnasium_observation,b292c8d64b1f8ecb5c1db0717979cb6deec5480c,1.3.0,3.14.3,2.11.0+cpu,2.4.3,1.3.0,3.1.0,,,,
ApplicationNavigation-deployment-goal-shift,validated_dqn,625,12000,-2.1893333333333342,0.1,111.06666666666666,13.991873099999792,12000,719,5.723792000004323,8.26808109999547,,,,,,0.9,0.0105555555555555,0.0186111111111111,0.2333333333333333,0.0,1.0,0.0,,,0.0,,350.3094052322889,307.475,0.0,0.0,0.0,12000,-2.1893333333333342,12000,0.4769826666670269,-3.6743666666666672,0.0633333333333333,asoc_application_navigation_case_study,configs/application_navigation_case_study.json,ApplicationNavigationSupportShift-v0,ApplicationNavigationSupportShift-v0,native_gymnasium_observation,b292c8d64b1f8ecb5c1db0717979cb6deec5480c,1.3.0,3.14.3,2.11.0+cpu,2.4.3,1.3.0,3.1.0,,,,
ApplicationNavigation-deployment-goal-shift,validated_dqn,626,12000,-3.5773333333333333,0.1666666666666666,104.46666666666668,14.072239599998284,12000,719,5.805550400000357,8.266689199997927,,,,,,0.8333333333333334,0.0696794871794871,0.0476709401709401,0.2333333333333333,0.0,1.0,0.0,,,0.0,,344.5568541482464,310.65,0.0,0.0,0.0,12000,-3.5773333333333333,12000,0.4837958666666964,-5.3213,0.08,asoc_application_navigation_case_study,configs/application_navigation_case_study.json,ApplicationNavigationSupportShift-v0,ApplicationNavigationSupportShift-v0,native_gymnasium_observation,b292c8d64b1f8ecb5c1db0717979cb6deec5480c,1.3.0,3.14.3,2.11.0+cpu,2.4.3,1.3.0,3.1.0,,,,
ApplicationNavigation-deployment-goal-shift,validated_dqn,627,12000,-3.525666666666667,0.0,120.0,14.20095169999695,12000,719,5.747925099996792,8.453026600000157,,,,,,1.0,0.0397222222222222,0.0030555555555555,0.5,0.0,1.0,0.0,,,0.0,,335.0234722222222,308.95000000000005,0.0,0.0,0.0,12000,-3.525666666666667,12000,0.4789937583330659,-4.4217,0.03,asoc_application_navigation_case_study,configs/application_navigation_case_study.json,ApplicationNavigationSupportShift-v0,ApplicationNavigationSupportShift-v0,native_gymnasium_observation,b292c8d64b1f8ecb5c1db0717979cb6deec5480c,1.3.0,3.14.3,2.11.0+cpu,2.4.3,1.3.0,3.1.0,,,,
ApplicationNavigation-deployment-goal-shift,validated_dqn,628,12000,-2.950333333333332,0.1,108.2,14.693606799999545,12000,719,5.873317000012321,8.820289799987222,,,,,,0.9,0.0063888888888888,0.1158333333333333,0.4333333333333333,0.0,1.0,0.0,,,0.0,,377.671,320.625,0.0,0.0,0.0,12000,-2.950333333333332,12000,0.4894430833343601,-2.8227999999999995,0.0633333333333333,asoc_application_navigation_case_study,configs/application_navigation_case_study.json,ApplicationNavigationSupportShift-v0,ApplicationNavigationSupportShift-v0,native_gymnasium_observation,b292c8d64b1f8ecb5c1db0717979cb6deec5480c,1.3.0,3.14.3,2.11.0+cpu,2.4.3,1.3.0,3.1.0,,,,
ApplicationNavigation-deployment-goal-shift,validated_dqn,629,12000,-2.6573333333333338,0.0666666666666666,117.16666666666669,14.653540600003907,12000,719,5.758022899994103,8.895517700009805,,,,,,0.9333333333333332,0.0038888888888888,0.0568888888888888,0.5,0.0,1.0,0.0,,,0.0,,367.4784222222222,316.1,0.0,0.0,0.0,12000,-2.6573333333333338,12000,0.4798352416661752,-3.406799999999999,0.0233333333333333,asoc_application_navigation_case_study,configs/application_navigation_case_study.json,ApplicationNavigationSupportShift-v0,ApplicationNavigationSupportShift-v0,native_gymnasium_observation,b292c8d64b1f8ecb5c1db0717979cb6deec5480c,1.3.0,3.14.3,2.11.0+cpu,2.4.3,1.3.0,3.1.0,,,,
ApplicationNavigation-deployment-goal-shift,double_dqn,600,12000,-8.751333333333333,0.1333333333333333,104.33333333333331,17.084059599998,12000,719,7.2738340000069,9.8102255999911,,,,,,0.8666666666666667,0.2638888888888889,0.0052777777777777,0.2666666666666666,0.0,1.0,0.0,,,0.0,,413.7965277777778,354.17499999999995,0.0,0.0,0.0,12000,-8.751333333333333,12000,0.6061528333339083,-5.6073,0.03,asoc_double_dqn_30seed,configs/strong_baselines/double_dqn_30seed.yaml,ApplicationNavigationSupportShift-v0,ApplicationNavigationSupportShift-v0,native_gymnasium_observation,a654625acfbaab6f0875c6312e90326207cf3149,1.5.0,3.14.3,2.11.0+cpu,2.4.3,1.3.0,3.1.0,0.5605555555555556,-0.1866111111111111,not-installed,not-installed
ApplicationNavigation-deployment-goal-shift,double_dqn,601,12000,-2.643333333333335,0.0333333333333333,117.63333333333334,17.00651199999993,12000,719,7.477502900008403,9.529009099991526,,,,,,0.9666666666666668,0.0094444444444444,0.0205555555555555,0.3,0.0,1.0,0.0,,,0.0,,383.6274767573696,350.55,0.0,0.0,0.0,12000,-2.643333333333335,12000,0.6231252416673669,-3.9841333333333337,0.0866666666666666,asoc_double_dqn_30seed,configs/strong_baselines/double_dqn_30seed.yaml,ApplicationNavigationSupportShift-v0,ApplicationNavigationSupportShift-v0,native_gymnasium_observation,a654625acfbaab6f0875c6312e90326207cf3149,1.5.0,3.14.3,2.11.0+cpu,2.4.3,1.3.0,3.1.0,0.955640589569161,-0.0716751700680271,not-installed,not-installed
ApplicationNavigation-deployment-goal-shift,double_dqn,602,12000,-3.0286666666666675,0.0,120.0,17.349608600001375,12000,719,7.246479000001273,10.103129600000102,,,,,,1.0,0.0049999999999999,0.0511111111111111,0.4777777777777778,0.0,1.0,0.0,,,0.0,,433.44191666666666,355.6,0.0,0.0,0.0,12000,-3.0286666666666675,12000,0.603873250000106,-2.8138333333333345,0.0233333333333333,asoc_double_dqn_30seed,configs/strong_baselines/double_dqn_30seed.yaml,ApplicationNavigationSupportShift-v0,ApplicationNavigationSupportShift-v0,native_gymnasium_observation,a654625acfbaab6f0875c6312e90326207cf3149,1.5.0,3.14.3,2.11.0+cpu,2.4.3,1.3.0,3.1.0,0.9538888888888888,-0.1003888888888888,not-installed,not-installed
ApplicationNavigation-deployment-goal-shift,double_dqn,603,12000,-12.477,0.0333333333333333,116.06666666666666,17.502473300002748,12000,719,7.269033600008697,10.233439699994053,,,,,,0.9666666666666668,0.3641666666666666,0.0283333333333333,0.5666666666666667,0.0,1.0,0.0,,,0.0,,408.60333333333335,355.025,0.0,0.0,0.0,12000,-12.477,12000,0.6057528000007247,-5.096466666666667,0.0366666666666666,asoc_double_dqn_30seed,configs/strong_baselines/double_dqn_30seed.yaml,ApplicationNavigationSupportShift-v0,ApplicationNavigationSupportShift-v0,native_gymnasium_observation,a654625acfbaab6f0875c6312e90326207cf3149,1.5.0,3.14.3,2.11.0+cpu,2.4.3,1.3.0,3.1.0,0.5441666666666667,-0.38525,not-installed,not-installed
ApplicationNavigation-deployment-goal-shift,double_dqn,604,12000,-2.296333333333336,0.0666666666666666,113.7,16.67129620000196,12000,719,7.223993400009931,9.44730279999203,,,,,,0.9333333333333332,0.0069444444444444,0.0172222222222222,0.5,0.0,1.0,0.0,,,0.0,,412.3164393162394,358.0,0.0,0.0,0.0,12000,-2.296333333333336,12000,0.6019994500008276,-3.8830333333333344,0.0766666666666666,asoc_double_dqn_30seed,configs/strong_baselines/double_dqn_30seed.yaml,ApplicationNavigationSupportShift-v0,ApplicationNavigationSupportShift-v0,native_gymnasium_observation,a654625acfbaab6f0875c6312e90326207cf3149,1.5.0,3.14.3,2.11.0+cpu,2.4.3,1.3.0,3.1.0,0.9567136752136752,-0.0359491452991452,not-installed,not-installed
ApplicationNavigation-deployment-goal-shift,double_dqn,605,12000,-2.938000000000001,0.0,120.0,17.44241200000397,12000,719,7.338547800005472,10.103864199998496,,,,,,1.0,0.0072222222222222,0.0352777777777777,0.3333333333333333,0.0,1.0,0.0,,,0.0,,399.2484444444444,350.975,0.0,0.0,0.0,12000,-2.938000000000001,12000,0.611545650000456,-3.463266666666667,0.02,asoc_double_dqn_30seed,configs/strong_baselines/double_dqn_30seed.yaml,ApplicationNavigationSupportShift-v0,ApplicationNavigationSupportShift-v0,native_gymnasium_observation,a654625acfbaab6f0875c6312e90326207cf3149,1.5.0,3.14.3,2.11.0+cpu,2.4.3,1.3.0,3.1.0,0.9641666666666668,-0.1036388888888888,not-installed,not-installed
ApplicationNavigation-deployment-goal-shift,double_dqn,606,12000,-3.1043333333333325,0.1,112.5,16.917211599997245,12000,719,7.40156339998066,9.515648200016583,,,,,,0.9,0.0252777777777777,0.0686111111111111,0.4333333333333333,0.0,1.0,0.0,,,0.0,,417.1585230696799,356.175,0.0,0.0,0.0,12000,-3.1043333333333325,12000,0.6167969499983883,-3.4554666666666662,0.09,asoc_double_dqn_30seed,configs/strong_baselines/double_dqn_30seed.yaml,ApplicationNavigationSupportShift-v0,ApplicationNavigationSupportShift-v0,native_gymnasium_observation,a654625acfbaab6f0875c6312e90326207cf3149,1.5.0,3.14.3,2.11.0+cpu,2.4.3,1.3.0,3.1.0,0.9046939736346516,-0.0157471751412429,not-installed,not-installed
ApplicationNavigation-deployment-goal-shift,double_dqn,607,12000,-2.616,0.0666666666666666,113.3,17.107362399998237,12000,719,7.41899410001497,9.688368299983267,,,,,,0.9333333333333332,0.0072222222222222,0.0505555555555555,0.3333333333333333,0.0,1.0,0.0,,,0.0,,376.5593055555556,348.025,0.0,0.0,0.0,12000,-2.616,12000,0.6182495083345808,-3.6465333333333354,0.0466666666666666,asoc_double_dqn_30seed,configs/strong_baselines/double_dqn_30seed.yaml,ApplicationNavigationSupportShift-v0,ApplicationNavigationSupportShift-v0,native_gymnasium_observation,a654625acfbaab6f0875c6312e90326207cf3149,1.5.0,3.14.3,2.11.0+cpu,2.4.3,1.3.0,3.1.0,0.9436111111111112,-0.0349166666666666,not-installed,not-installed
ApplicationNavigation-deployment-goal-shift,double_dqn,608,12000,-3.131666666666668,0.1333333333333333,111.73333333333332,17.06330010000238,12000,719,7.238633600005414,9.824666499996964,,,,,,0.8666666666666667,0.0507407407407407,0.0186111111111111,0.3,0.0,1.0,0.0,,,0.0,,400.0530366426264,361.30000000000007,0.0,0.0,0.0,12000,-3.131666666666668,12000,0.6032194666671179,-4.0716,0.06,asoc_double_dqn_30seed,configs/strong_baselines/double_dqn_30seed.yaml,ApplicationNavigationSupportShift-v0,ApplicationNavigationSupportShift-v0,native_gymnasium_observation,a654625acfbaab6f0875c6312e90326207cf3149,1.5.0,3.14.3,2.11.0+cpu,2.4.3,1.3.0,3.1.0,0.7923692810457516,0.0033556644880174,not-installed,not-installed
ApplicationNavigation-deployment-goal-shift,double_dqn,609,12000,-4.390666666666667,0.0333333333333333,119.2,17.49647869999899,12000,719,7.372507000007317,10.123971699991673,,,,,,0.9666666666666668,0.0705555555555555,0.0268055555555555,0.3,0.0,1.0,0.0,,,0.0,,398.8939305555556,356.525,0.0,0.0,0.0,12000,-4.390666666666667,12000,0.6143755833339432,-4.277433333333335,0.0333333333333333,asoc_double_dqn_30seed,configs/strong_baselines/double_dqn_30seed.yaml,ApplicationNavigationSupportShift-v0,ApplicationNavigationSupportShift-v0,native_gymnasium_observation,a654625acfbaab6f0875c6312e90326207cf3149,1.5.0,3.14.3,2.11.0+cpu,2.4.3,1.3.0,3.1.0,0.895,-0.1267222222222222,not-installed,not-installed
ApplicationNavigation-deployment-goal-shift,double_dqn,610,12000,-2.561333333333335,0.0333333333333333,119.06666666666666,17.142370999994455,12000,719,7.363331400003517,9.779039599990938,,,,,,0.9666666666666668,0.006111111111111,0.0186111111111111,0.5333333333333333,0.0,1.0,0.0,,,0.0,,372.869268115942,348.65,0.0,0.0,0.0,12000,-2.561333333333335,12000,0.6136109500002931,-3.9798,0.06,asoc_double_dqn_30seed,configs/strong_baselines/double_dqn_30seed.yaml,ApplicationNavigationSupportShift-v0,ApplicationNavigationSupportShift-v0,native_gymnasium_observation,a654625acfbaab6f0875c6312e90326207cf3149,1.5.0,3.14.3,2.11.0+cpu,2.4.3,1.3.0,3.1.0,0.9634420289855072,-0.0691219806763284,not-installed,not-installed
ApplicationNavigation-deployment-goal-shift,double_dqn,611,12000,-2.5193333333333343,0.0666666666666666,117.76666666666668,17.388424500000838,12000,719,7.339775200001895,10.048649299998942,,,,,,0.9333333333333332,0.0088888888888888,0.0263888888888888,0.4666666666666667,0.0,1.0,0.0,,,0.0,,397.4977725381415,351.0,0.0,0.0,0.0,12000,-2.5193333333333343,12000,0.6116479333334913,-4.282666666666667,0.05,asoc_double_dqn_30seed,configs/strong_baselines/double_dqn_30seed.yaml,ApplicationNavigationSupportShift-v0,ApplicationNavigationSupportShift-v0,native_gymnasium_observation,a654625acfbaab6f0875c6312e90326207cf3149,1.5.0,3.14.3,2.11.0+cpu,2.4.3,1.3.0,3.1.0,0.9590229619355832,-0.0381245184157805,not-installed,not-installed
ApplicationNavigation-deployment-goal-shift,double_dqn,612,12000,-4.118,0.0,120.0,17.295875899995735,12000,719,7.412285399994289,9.883590500001446,,,,,,1.0,0.0527777777777777,0.0272222222222222,0.4333333333333333,0.0,1.0,0.0,,,0.0,,387.9754722222222,354.8,0.0,0.0,0.0,12000,-4.118,12000,0.617690449999524,-2.959666666666667,0.0333333333333333,asoc_double_dqn_30seed,configs/strong_baselines/double_dqn_30seed.yaml,ApplicationNavigationSupportShift-v0,ApplicationNavigationSupportShift-v0,native_gymnasium_observation,a654625acfbaab6f0875c6312e90326207cf3149,1.5.0,3.14.3,2.11.0+cpu,2.4.3,1.3.0,3.1.0,0.7077777777777778,-0.1235555555555555,not-installed,not-installed
ApplicationNavigation-deployment-goal-shift,double_dqn,613,12000,-3.201333333333333,0.0,120.0,17.154143299994757,12000,719,7.284420799987856,9.8697225000069,,,,,,1.0,0.0144444444444444,0.0419444444444444,0.3333333333333333,0.0,1.0,0.0,,,0.0,,388.1483611111111,349.9,0.0,0.0,0.0,12000,-3.201333333333333,12000,0.6070350666656547,-5.356433333333333,0.0833333333333333,asoc_double_dqn_30seed,configs/strong_baselines/double_dqn_30seed.yaml,ApplicationNavigationSupportShift-v0,ApplicationNavigationSupportShift-v0,native_gymnasium_observation,a654625acfbaab6f0875c6312e90326207cf3149,1.5.0,3.14.3,2.11.0+cpu,2.4.3,1.3.0,3.1.0,0.9466666666666668,-0.1091111111111111,not-installed,not-installed
ApplicationNavigation-deployment-goal-shift,double_dqn,614,12000,-2.270666666666668,0.1,111.03333333333332,17.143739400002232,12000,719,7.303326700006437,9.840412699995795,,,,,,0.9,0.0088888888888888,0.0338409961685823,0.2666666666666666,0.0,1.0,0.0,,,0.0,,427.4559588122605,350.975,0.0,0.0,0.0,12000,-2.270666666666668,12000,0.6086105583338698,-2.776066666666668,0.0366666666666666,asoc_double_dqn_30seed,configs/strong_baselines/double_dqn_30seed.yaml,ApplicationNavigationSupportShift-v0,ApplicationNavigationSupportShift-v0,native_gymnasium_observation,a654625acfbaab6f0875c6312e90326207cf3149,1.5.0,3.14.3,2.11.0+cpu,2.4.3,1.3.0,3.1.0,0.894300766283525,0.0016810344827586,not-installed,not-installed
ApplicationNavigation-deployment-goal-shift,double_dqn,615,12000,-2.632666666666667,0.0333333333333333,118.3,16.832558800000697,12000,719,7.27008659997955,9.562472200021148,,,,,,0.9666666666666668,0.0072222222222222,0.0244444444444444,0.3922222222222222,0.0,1.0,0.0,,,0.0,,373.74822705314006,347.25,0.0,0.0,0.0,12000,-2.632666666666667,12000,0.6058405499982958,-3.2386000000000004,0.0833333333333333,asoc_double_dqn_30seed,configs/strong_baselines/double_dqn_30seed.yaml,ApplicationNavigationSupportShift-v0,ApplicationNavigationSupportShift-v0,native_gymnasium_observation,a654625acfbaab6f0875c6312e90326207cf3149,1.5.0,3.14.3,2.11.0+cpu,2.4.3,1.3.0,3.1.0,0.9579227053140096,-0.0696811594202898,not-installed,not-installed
ApplicationNavigation-deployment-goal-shift,double_dqn,616,12000,-3.5736666666666665,0.0,120.0,17.7183503999986,12000,719,7.459947000003012,10.258403399995586,,,,,,1.0,0.0330555555555555,0.0272222222222222,0.5333333333333333,0.0,1.0,0.0,,,0.0,,391.6663888888889,354.8,0.0,0.0,0.0,12000,-3.5736666666666665,12000,0.621662250000251,-4.356066666666667,0.04,asoc_double_dqn_30seed,configs/strong_baselines/double_dqn_30seed.yaml,ApplicationNavigationSupportShift-v0,ApplicationNavigationSupportShift-v0,native_gymnasium_observation,a654625acfbaab6f0875c6312e90326207cf3149,1.5.0,3.14.3,2.11.0+cpu,2.4.3,1.3.0,3.1.0,0.9325,-0.1263055555555555,not-installed,not-installed
ApplicationNavigation-deployment-goal-shift,double_dqn,617,12000,-1.1766666666666667,0.2333333333333333,97.56666666666666,16.631796800000302,12000,719,7.363130600009754,9.268666199990548,,,,,,0.7666666666666667,0.0073275862068965,0.0205555555555555,0.4,0.0,1.0,0.0,,,0.0,,394.0753761631089,353.7,0.0,0.0,0.0,12000,-1.1766666666666667,12000,0.6135942166674795,-3.073966666666667,0.0633333333333333,asoc_double_dqn_30seed,configs/strong_baselines/double_dqn_30seed.yaml,ApplicationNavigationSupportShift-v0,ApplicationNavigationSupportShift-v0,native_gymnasium_observation,a654625acfbaab6f0875c6312e90326207cf3149,1.5.0,3.14.3,2.11.0+cpu,2.4.3,1.3.0,3.1.0,0.8227941981390257,0.1437263273125342,not-installed,not-installed
ApplicationNavigation-deployment-goal-shift,double_dqn,618,12000,-2.515333333333334,0.1,114.0,17.867847699999402,12000,719,7.395391899997776,10.472455800001626,,,,,,0.9,0.0077777777777777,0.0640919701213818,0.4,0.0,1.0,0.0,,,0.0,,383.1249989594708,351.65,0.0,0.0,0.0,12000,-2.515333333333334,12000,0.616282658333148,-3.307766666666667,0.03,asoc_double_dqn_30seed,configs/strong_baselines/double_dqn_30seed.yaml,ApplicationNavigationSupportShift-v0,ApplicationNavigationSupportShift-v0,native_gymnasium_observation,a654625acfbaab6f0875c6312e90326207cf3149,1.5.0,3.14.3,2.11.0+cpu,2.4.3,1.3.0,3.1.0,0.9556019243855736,-0.0033379702163351,not-installed,not-installed
ApplicationNavigation-deployment-goal-shift,double_dqn,619,12000,-5.856333333333333,0.0333333333333333,119.13333333333334,17.579310799999803,12000,719,7.396951099995931,10.182359700003872,,,,,,0.9666666666666668,0.1169444444444444,0.0430555555555555,0.5,0.0,1.0,0.0,,,0.0,,401.1335833333333,357.1,0.0,0.0,0.0,12000,-5.856333333333333,12000,0.6164125916663276,-3.1288666666666662,0.0433333333333333,asoc_double_dqn_30seed,configs/strong_baselines/double_dqn_30seed.yaml,ApplicationNavigationSupportShift-v0,ApplicationNavigationSupportShift-v0,native_gymnasium_observation,a654625acfbaab6f0875c6312e90326207cf3149,1.5.0,3.14.3,2.11.0+cpu,2.4.3,1.3.0,3.1.0,0.8502482269503546,-0.1686359338061465,not-installed,not-installed
ApplicationNavigation-deployment-goal-shift,double_dqn,620,12000,-1.8376666666666677,0.1666666666666666,106.96666666666668,16.92005330000393,12000,719,7.277157400007127,9.642895899996802,,,,,,0.8333333333333334,0.0078070175438596,0.0347807017543859,0.3333333333333333,0.0,1.0,0.0,,,0.0,,362.7371266908855,350.82500000000005,0.0,0.0,0.0,12000,-1.8376666666666677,12000,0.6064297833339273,-4.779133333333333,0.0466666666666666,asoc_double_dqn_30seed,configs/strong_baselines/double_dqn_30seed.yaml,ApplicationNavigationSupportShift-v0,ApplicationNavigationSupportShift-v0,native_gymnasium_observation,a654625acfbaab6f0875c6312e90326207cf3149,1.5.0,3.14.3,2.11.0+cpu,2.4.3,1.3.0,3.1.0,0.9159761356252584,0.0672620355602811,not-installed,not-installed
ApplicationNavigation-deployment-goal-shift,double_dqn,621,12000,-1.3100000000000005,0.2,96.66666666666669,17.20184679999511,12000,719,7.412081899994519,9.789764900000591,,,,,,0.8,0.0072222222222222,0.0188888888888888,0.3333333333333333,0.0,1.0,0.0,,,0.0,,410.3832222222222,356.9,0.0,0.0,0.0,12000,-1.3100000000000005,12000,0.6176734916662099,-2.5034,0.0933333333333333,asoc_double_dqn_30seed,configs/strong_baselines/double_dqn_30seed.yaml,ApplicationNavigationSupportShift-v0,ApplicationNavigationSupportShift-v0,native_gymnasium_observation,a654625acfbaab6f0875c6312e90326207cf3149,1.5.0,3.14.3,2.11.0+cpu,2.4.3,1.3.0,3.1.0,0.7672222222222224,0.1160555555555555,not-installed,not-installed
ApplicationNavigation-deployment-goal-shift,double_dqn,622,12000,-2.744333333333332,0.0666666666666666,115.03333333333332,17.39280680000229,12000,719,7.268229900008009,10.12457689999428,,,,,,0.9333333333333332,0.0047222222222222,0.0674999999999999,0.4666666666666667,0.0,1.0,0.0,,,0.0,,396.1898293650794,351.475,0.0,0.0,0.0,12000,-2.744333333333332,12000,0.6056858250006675,-2.9402,0.0333333333333333,asoc_double_dqn_30seed,configs/strong_baselines/double_dqn_30seed.yaml,ApplicationNavigationSupportShift-v0,ApplicationNavigationSupportShift-v0,native_gymnasium_observation,a654625acfbaab6f0875c6312e90326207cf3149,1.5.0,3.14.3,2.11.0+cpu,2.4.3,1.3.0,3.1.0,0.9542063492063492,-0.0334761904761904,not-installed,not-installed
ApplicationNavigation-deployment-goal-shift,double_dqn,623,12000,-2.4890000000000017,0.0333333333333333,118.93333333333334,17.7754935999983,12000,719,7.348748199998226,10.426745400000073,,,,,,0.9666666666666668,0.0064898989898989,0.012070707070707,0.3,0.0,1.0,0.0,,,0.0,,392.727755050505,357.75,0.0,0.0,0.0,12000,-2.4890000000000017,12000,0.6123956833331855,-3.0398000000000005,0.0566666666666666,asoc_double_dqn_30seed,configs/strong_baselines/double_dqn_30seed.yaml,ApplicationNavigationSupportShift-v0,ApplicationNavigationSupportShift-v0,native_gymnasium_observation,a654625acfbaab6f0875c6312e90326207cf3149,1.5.0,3.14.3,2.11.0+cpu,2.4.3,1.3.0,3.1.0,0.9566666666666668,-0.0688232323232323,not-installed,not-installed
ApplicationNavigation-deployment-goal-shift,double_dqn,624,12000,-3.360333333333334,0.1,114.76666666666668,17.732876000001852,12000,719,7.816980899995542,9.91589510000631,,,,,,0.9,0.0475730994152046,0.0350879375054551,0.4,0.0,1.0,0.0,,,0.0,,365.29929835684646,350.6,0.0,0.0,0.0,12000,-3.360333333333334,12000,0.6514150749996285,-5.813766666666665,0.0633333333333333,asoc_double_dqn_30seed,configs/strong_baselines/double_dqn_30seed.yaml,ApplicationNavigationSupportShift-v0,ApplicationNavigationSupportShift-v0,native_gymnasium_observation,a654625acfbaab6f0875c6312e90326207cf3149,1.5.0,3.14.3,2.11.0+cpu,2.4.3,1.3.0,3.1.0,0.9115438798732056,-0.0387274874025252,not-installed,not-installed
ApplicationNavigation-deployment-goal-shift,double_dqn,625,12000,-2.821,0.0333333333333333,118.06666666666666,18.50096749999648,12000,719,8.122479299992847,10.37848820000363,,,,,,0.9666666666666668,0.0108333333333333,0.0341666666666666,0.2333333333333333,0.0,1.0,0.0,,,0.0,,410.6272392473118,361.575,0.0,0.0,0.0,12000,-2.821,12000,0.6768732749994039,-2.801233333333334,0.05,asoc_double_dqn_30seed,configs/strong_baselines/double_dqn_30seed.yaml,ApplicationNavigationSupportShift-v0,ApplicationNavigationSupportShift-v0,native_gymnasium_observation,a654625acfbaab6f0875c6312e90326207cf3149,1.5.0,3.14.3,2.11.0+cpu,2.4.3,1.3.0,3.1.0,0.9094354838709678,-0.0684435483870967,not-installed,not-installed
ApplicationNavigation-deployment-goal-shift,double_dqn,626,12000,-2.8546666666666667,0.0666666666666666,116.8,18.44753959999798,12000,719,8.084422099986114,10.363117500011867,,,,,,0.9333333333333332,0.0049678134804716,0.0812820512820512,0.2333333333333333,0.0,1.0,0.0,,,0.0,,414.7308810992102,365.275,0.0,0.0,0.0,12000,-2.8546666666666667,12000,0.6737018416655095,-4.4439666666666655,0.0633333333333333,asoc_double_dqn_30seed,configs/strong_baselines/double_dqn_30seed.yaml,ApplicationNavigationSupportShift-v0,ApplicationNavigationSupportShift-v0,native_gymnasium_observation,a654625acfbaab6f0875c6312e90326207cf3149,1.5.0,3.14.3,2.11.0+cpu,2.4.3,1.3.0,3.1.0,0.9593486963107216,-0.0342360164448771,not-installed,not-installed
ApplicationNavigation-deployment-goal-shift,double_dqn,627,12000,-2.700000000000002,0.0,120.0,18.722749900000053,12000,719,8.158472999995865,10.564276900004188,,,,,,1.0,0.0099999999999999,0.0025,0.5,0.0,1.0,0.0,,,0.0,,407.99991666666665,368.2,0.0,0.0,0.0,12000,-2.700000000000002,12000,0.6798727499996554,-2.8011333333333344,0.03,asoc_double_dqn_30seed,configs/strong_baselines/double_dqn_30seed.yaml,ApplicationNavigationSupportShift-v0,ApplicationNavigationSupportShift-v0,native_gymnasium_observation,a654625acfbaab6f0875c6312e90326207cf3149,1.5.0,3.14.3,2.11.0+cpu,2.4.3,1.3.0,3.1.0,0.9577777777777778,-0.1057777777777777,not-installed,not-installed
ApplicationNavigation-deployment-goal-shift,double_dqn,628,12000,-4.351333333333331,0.1,108.2,18.35303049999493,12000,719,8.015095800008567,10.337934699986365,,,,,,0.9,0.061111111111111,0.1044444444444444,0.4333333333333333,0.0,1.0,0.0,,,0.0,,419.7490555555556,376.025,0.0,0.0,0.0,12000,-4.351333333333331,12000,0.6679246500007139,-3.0912,0.0633333333333333,asoc_double_dqn_30seed,configs/strong_baselines/double_dqn_30seed.yaml,ApplicationNavigationSupportShift-v0,ApplicationNavigationSupportShift-v0,native_gymnasium_observation,a654625acfbaab6f0875c6312e90326207cf3149,1.5.0,3.14.3,2.11.0+cpu,2.4.3,1.3.0,3.1.0,0.7958333333333333,-0.0406944444444444,not-installed,not-installed
ApplicationNavigation-deployment-goal-shift,double_dqn,629,12000,-2.736333333333333,0.0666666666666666,117.56666666666666,18.655379199997697,12000,719,8.073544100006984,10.581835099990712,,,,,,0.9333333333333332,0.0093615257048092,0.0554999999999999,0.5059701492537313,0.0,1.0,0.0,,,0.0,,413.6394890547264,361.9500000000001,0.0,0.0,0.0,12000,-2.736333333333333,12000,0.6727953416672486,-3.9115000000000006,0.03,asoc_double_dqn_30seed,configs/strong_baselines/double_dqn_30seed.yaml,ApplicationNavigationSupportShift-v0,ApplicationNavigationSupportShift-v0,native_gymnasium_observation,a654625acfbaab6f0875c6312e90326207cf3149,1.5.0,3.14.3,2.11.0+cpu,2.4.3,1.3.0,3.1.0,0.959259535655058,-0.0386208126036484,not-installed,not-installed
ApplicationNavigation-deployment-goal-shift,dueling_double_dqn,600,12000,-2.971666666666665,0.0666666666666666,112.16666666666669,20.9270491999996,12000,719,8.831091300009575,12.095957899990026,,,,,,0.9333333333333332,0.0252777777777777,0.0380555555555555,0.2666666666666666,0.0,1.0,0.0,,,0.0,,525.3263611111112,466.67500000000007,0.0,0.0,0.0,12000,-2.971666666666665,12000,0.7359242750007979,-4.1483,0.1033333333333333,asoc_dueling_double_dqn_30seed,configs/strong_baselines/dueling_double_dqn_30seed.yaml,ApplicationNavigationSupportShift-v0,ApplicationNavigationSupportShift-v0,native_gymnasium_observation,a654625acfbaab6f0875c6312e90326207cf3149,1.5.0,3.14.3,2.11.0+cpu,2.4.3,1.3.0,3.1.0,0.8844444444444444,-0.0470555555555555,not-installed,not-installed
ApplicationNavigation-deployment-goal-shift,dueling_double_dqn,601,12000,-3.366000000000001,0.1,113.93333333333334,20.72917960000632,12000,719,8.865900300006615,11.863279299999704,,,,,,0.9,0.0488888888888888,0.0249999999999999,0.3,0.0,1.0,0.0,,,0.0,,509.6987884615384,468.0,0.0,0.0,0.0,12000,-3.366000000000001,12000,0.7388250250005512,-5.055666666666666,0.1233333333333333,asoc_dueling_double_dqn_30seed,configs/strong_baselines/dueling_double_dqn_30seed.yaml,ApplicationNavigationSupportShift-v0,ApplicationNavigationSupportShift-v0,native_gymnasium_observation,a654625acfbaab6f0875c6312e90326207cf3149,1.5.0,3.14.3,2.11.0+cpu,2.4.3,1.3.0,3.1.0,0.913846153846154,-0.0402735042735042,not-installed,not-installed
ApplicationNavigation-deployment-goal-shift,dueling_double_dqn,602,12000,-3.188666666666667,0.0,120.0,22.1761131999956,12000,719,9.00790849999612,13.168204699999478,,,,,,1.0,0.0049999999999999,0.0677777777777777,0.4666666666666667,0.0,1.0,0.0,,,0.0,,545.3451388888889,472.0,0.0,0.0,0.0,12000,-3.188666666666667,12000,0.7506590416663433,-3.2952666666666666,0.02,asoc_dueling_double_dqn_30seed,configs/strong_baselines/dueling_double_dqn_30seed.yaml,ApplicationNavigationSupportShift-v0,ApplicationNavigationSupportShift-v0,native_gymnasium_observation,a654625acfbaab6f0875c6312e90326207cf3149,1.5.0,3.14.3,2.11.0+cpu,2.4.3,1.3.0,3.1.0,0.9558333333333332,-0.1005833333333333,not-installed,not-installed
ApplicationNavigation-deployment-goal-shift,dueling_double_dqn,603,12000,-2.668333333333335,0.0333333333333333,116.83333333333331,21.75907300000108,12000,719,9.19552180000028,12.563551200000802,,,,,,0.9666666666666668,0.0063888888888888,0.0336111111111111,0.5666666666666667,0.0,1.0,0.0,,,0.0,,537.9089,466.975,0.0,0.0,0.0,12000,-2.668333333333335,12000,0.7662934833333567,-4.213233333333334,0.0566666666666666,asoc_dueling_double_dqn_30seed,configs/strong_baselines/dueling_double_dqn_30seed.yaml,ApplicationNavigationSupportShift-v0,ApplicationNavigationSupportShift-v0,native_gymnasium_observation,a654625acfbaab6f0875c6312e90326207cf3149,1.5.0,3.14.3,2.11.0+cpu,2.4.3,1.3.0,3.1.0,0.9623333333333334,-0.0692888888888888,not-installed,not-installed
ApplicationNavigation-deployment-goal-shift,dueling_double_dqn,604,12000,-8.421666666666662,0.2333333333333333,95.66666666666669,21.71512920000532,12000,719,9.01003020000644,12.70509899999888,,,,,,0.7666666666666667,0.2786394557823129,0.0070068027210884,0.5,0.0,1.0,0.0,,,0.0,,545.41725,463.7,0.0,0.0,0.0,12000,-8.421666666666662,12000,0.7508358500005367,-3.5827333333333327,0.0533333333333333,asoc_dueling_double_dqn_30seed,configs/strong_baselines/dueling_double_dqn_30seed.yaml,ApplicationNavigationSupportShift-v0,ApplicationNavigationSupportShift-v0,native_gymnasium_observation,a654625acfbaab6f0875c6312e90326207cf3149,1.5.0,3.14.3,2.11.0+cpu,2.4.3,1.3.0,3.1.0,0.4807369614512471,-0.0933798185941042,not-installed,not-installed
ApplicationNavigation-deployment-goal-shift,dueling_double_dqn,605,12000,-2.938000000000001,0.0,120.0,21.38950179999665,12000,719,8.842552900001465,12.546948899995186,,,,,,1.0,0.0072222222222222,0.0352777777777777,0.3333333333333333,0.0,1.0,0.0,,,0.0,,545.3727777777779,468.125,0.0,0.0,0.0,12000,-2.938000000000001,12000,0.7368794083334554,-3.742200000000001,0.0266666666666666,asoc_dueling_double_dqn_30seed,configs/strong_baselines/dueling_double_dqn_30seed.yaml,ApplicationNavigationSupportShift-v0,ApplicationNavigationSupportShift-v0,native_gymnasium_observation,a654625acfbaab6f0875c6312e90326207cf3149,1.5.0,3.14.3,2.11.0+cpu,2.4.3,1.3.0,3.1.0,0.9641666666666668,-0.1036388888888888,not-installed,not-installed
ApplicationNavigation-deployment-goal-shift,dueling_double_dqn,606,12000,-4.140666666666666,0.1,112.86666666666666,21.35432659999788,12000,719,9.021896799997194,12.332429800000682,,,,,,0.9,0.0699999999999999,0.0472222222222222,0.4333333333333333,0.0,1.0,0.0,,,0.0,,535.1294492249747,471.125,0.0,0.0,0.0,12000,-4.140666666666666,12000,0.7518247333330995,-2.9517333333333338,0.08,asoc_dueling_double_dqn_30seed,configs/strong_baselines/dueling_double_dqn_30seed.yaml,ApplicationNavigationSupportShift-v0,ApplicationNavigationSupportShift-v0,native_gymnasium_observation,a654625acfbaab6f0875c6312e90326207cf3149,1.5.0,3.14.3,2.11.0+cpu,2.4.3,1.3.0,3.1.0,0.8783264522671302,-0.0578326452267129,not-installed,not-installed
ApplicationNavigation-deployment-goal-shift,dueling_double_dqn,607,12000,-2.497666666666666,0.1,109.36666666666666,21.76580379999359,12000,719,9.09251029999723,12.673293499996362,,,,,,0.9,0.0074999999999999,0.0630555555555555,0.3333333333333333,0.0,1.0,0.0,,,0.0,,497.061,459.55,0.0,0.0,0.0,12000,-2.497666666666666,12000,0.7577091916664358,-3.434,0.0366666666666666,asoc_dueling_double_dqn_30seed,configs/strong_baselines/dueling_double_dqn_30seed.yaml,ApplicationNavigationSupportShift-v0,ApplicationNavigationSupportShift-v0,native_gymnasium_observation,a654625acfbaab6f0875c6312e90326207cf3149,1.5.0,3.14.3,2.11.0+cpu,2.4.3,1.3.0,3.1.0,0.8936111111111111,0.0031388888888888,not-installed,not-installed
ApplicationNavigation-deployment-goal-shift,dueling_double_dqn,608,12000,-3.879666666666668,0.0666666666666666,115.53333333333332,21.27244249999785,12000,719,8.831764999995357,12.440677500002494,,,,,,0.9333333333333332,0.0717483660130718,0.0058333333333333,0.3,0.0,1.0,0.0,,,0.0,,518.9628251633987,476.675,0.0,0.0,0.0,12000,-3.879666666666668,12000,0.7359804166662798,-4.1506,0.1,asoc_dueling_double_dqn_30seed,configs/strong_baselines/dueling_double_dqn_30seed.yaml,ApplicationNavigationSupportShift-v0,ApplicationNavigationSupportShift-v0,native_gymnasium_observation,a654625acfbaab6f0875c6312e90326207cf3149,1.5.0,3.14.3,2.11.0+cpu,2.4.3,1.3.0,3.1.0,0.8498202614379086,-0.090063725490196,not-installed,not-installed
ApplicationNavigation-deployment-goal-shift,dueling_double_dqn,609,12000,-2.488333333333333,0.0666666666666666,112.26666666666668,20.939082299999427,12000,719,8.63681660000293,12.302265699996497,,,,,,0.9333333333333332,0.0052777777777777,0.045,0.3,0.0,1.0,0.0,,,0.0,,506.3092222222222,467.4500000000001,0.0,0.0,0.0,12000,-2.488333333333333,12000,0.7197347166669109,-3.9903666666666666,0.0666666666666666,asoc_dueling_double_dqn_30seed,configs/strong_baselines/dueling_double_dqn_30seed.yaml,ApplicationNavigationSupportShift-v0,ApplicationNavigationSupportShift-v0,native_gymnasium_observation,a654625acfbaab6f0875c6312e90326207cf3149,1.5.0,3.14.3,2.11.0+cpu,2.4.3,1.3.0,3.1.0,0.9036111111111113,-0.0289722222222221,not-installed,not-installed
ApplicationNavigation-deployment-goal-shift,dueling_double_dqn,610,12000,-2.561333333333335,0.0333333333333333,119.06666666666666,21.46503880000091,12000,719,8.559148300009838,12.905890499991074,,,,,,0.9666666666666668,0.006111111111111,0.0186111111111111,0.5333333333333333,0.0,1.0,0.0,,,0.0,,533.1817210144928,473.975,0.0,0.0,0.0,12000,-2.561333333333335,12000,0.7132623583341532,-5.978899999999999,0.0566666666666666,asoc_dueling_double_dqn_30seed,configs/strong_baselines/dueling_double_dqn_30seed.yaml,ApplicationNavigationSupportShift-v0,ApplicationNavigationSupportShift-v0,native_gymnasium_observation,a654625acfbaab6f0875c6312e90326207cf3149,1.5.0,3.14.3,2.11.0+cpu,2.4.3,1.3.0,3.1.0,0.9631642512077294,-0.0690942028985507,not-installed,not-installed
ApplicationNavigation-deployment-goal-shift,dueling_double_dqn,611,12000,-6.038333333333331,0.1,113.83333333333331,21.77452279999852,12000,719,8.973598100012168,12.800924699986354,,,,,,0.9,0.1336111111111111,0.0599999999999999,0.4666666666666667,0.0,1.0,0.0,,,0.0,,511.8370691940207,465.525,0.0,0.0,0.0,12000,-6.038333333333331,12000,0.7477998416676807,-5.378233333333333,0.0533333333333333,asoc_dueling_double_dqn_30seed,configs/strong_baselines/dueling_double_dqn_30seed.yaml,ApplicationNavigationSupportShift-v0,ApplicationNavigationSupportShift-v0,native_gymnasium_observation,a654625acfbaab6f0875c6312e90326207cf3149,1.5.0,3.14.3,2.11.0+cpu,2.4.3,1.3.0,3.1.0,0.7890229619355833,-0.1125134073046694,not-installed,not-installed
ApplicationNavigation-deployment-goal-shift,dueling_double_dqn,612,12000,-2.9260000000000006,0.0,120.0,21.81292470000335,12000,719,9.017321700011962,12.795602999991388,,,,,,1.0,0.006111111111111,0.0372222222222222,0.4333333333333333,0.0,1.0,0.0,,,0.0,,526.9245833333333,475.5,0.0,0.0,0.0,12000,-2.9260000000000006,12000,0.7514434750009968,-4.673433333333334,0.0733333333333333,asoc_dueling_double_dqn_30seed,configs/strong_baselines/dueling_double_dqn_30seed.yaml,ApplicationNavigationSupportShift-v0,ApplicationNavigationSupportShift-v0,native_gymnasium_observation,a654625acfbaab6f0875c6312e90326207cf3149,1.5.0,3.14.3,2.11.0+cpu,2.4.3,1.3.0,3.1.0,0.965,-0.102611111111111,not-installed,not-installed
ApplicationNavigation-deployment-goal-shift,dueling_double_dqn,613,12000,-3.205,0.0,120.0,21.28509969999868,12000,719,8.985615799989318,12.299483900009363,,,,,,1.0,0.0091666666666666,0.0574999999999999,0.3333333333333333,0.0,1.0,0.0,,,0.0,,524.8695277777778,467.05,0.0,0.0,0.0,12000,-3.205,12000,0.7488013166657765,-3.8828,0.0766666666666666,asoc_dueling_double_dqn_30seed,configs/strong_baselines/dueling_double_dqn_30seed.yaml,ApplicationNavigationSupportShift-v0,ApplicationNavigationSupportShift-v0,native_gymnasium_observation,a654625acfbaab6f0875c6312e90326207cf3149,1.5.0,3.14.3,2.11.0+cpu,2.4.3,1.3.0,3.1.0,0.9516666666666668,-0.1043333333333333,not-installed,not-installed
ApplicationNavigation-deployment-goal-shift,dueling_double_dqn,614,12000,-6.751333333333332,0.1666666666666666,103.26666666666668,21.04790779999894,12000,719,9.06082639998931,11.987081400009629,,,,,,0.8333333333333334,0.18,0.0578787878787878,0.2666666666666666,0.0,1.0,0.0,,,0.0,,536.7999217171717,472.475,0.0,0.0,0.0,12000,-6.751333333333332,12000,0.7550688666657758,-5.497266666666666,0.12,asoc_dueling_double_dqn_30seed,configs/strong_baselines/dueling_double_dqn_30seed.yaml,ApplicationNavigationSupportShift-v0,ApplicationNavigationSupportShift-v0,native_gymnasium_observation,a654625acfbaab6f0875c6312e90326207cf3149,1.5.0,3.14.3,2.11.0+cpu,2.4.3,1.3.0,3.1.0,0.5661111111111111,-0.0699444444444444,not-installed,not-installed
ApplicationNavigation-deployment-goal-shift,dueling_double_dqn,615,12000,-2.7729999999999992,0.0333333333333333,117.8,21.78779850000137,12000,719,8.797464199989918,12.990334300011456,,,,,,0.9666666666666668,0.0067283950617283,0.0424999999999999,0.3672839506172839,0.0,1.0,0.0,,,0.0,,542.0819351851852,478.2,0.0,0.0,0.0,12000,-2.7729999999999992,12000,0.7331220166658264,-3.7154,0.05,asoc_dueling_double_dqn_30seed,configs/strong_baselines/dueling_double_dqn_30seed.yaml,ApplicationNavigationSupportShift-v0,ApplicationNavigationSupportShift-v0,native_gymnasium_observation,a654625acfbaab6f0875c6312e90326207cf3149,1.5.0,3.14.3,2.11.0+cpu,2.4.3,1.3.0,3.1.0,0.9054629629629628,-0.0639413580246913,not-installed,not-installed
ApplicationNavigation-deployment-goal-shift,dueling_double_dqn,616,12000,-3.038000000000001,0.0,120.0,21.71891310000501,12000,719,8.619740800008003,13.099172299997008,,,,,,1.0,0.0083333333333333,0.0424999999999999,0.5333333333333333,0.0,1.0,0.0,,,0.0,,488.1161111111112,462.4,0.0,0.0,0.0,12000,-3.038000000000001,12000,0.7183117333340002,-3.0855333333333337,0.02,asoc_dueling_double_dqn_30seed,configs/strong_baselines/dueling_double_dqn_30seed.yaml,ApplicationNavigationSupportShift-v0,ApplicationNavigationSupportShift-v0,native_gymnasium_observation,a654625acfbaab6f0875c6312e90326207cf3149,1.5.0,3.14.3,2.11.0+cpu,2.4.3,1.3.0,3.1.0,0.9591666666666668,-0.1042499999999999,not-installed,not-installed
ApplicationNavigation-deployment-goal-shift,dueling_double_dqn,617,12000,-2.410333333333333,0.1,113.03333333333332,21.59852410000167,12000,719,8.731805900002655,12.866718199999012,,,,,,0.9,0.0081609195402298,0.0447222222222222,0.4,0.0,1.0,0.0,,,0.0,,514.0399578544061,469.225,0.0,0.0,0.0,12000,-2.410333333333333,12000,0.7276504916668879,-3.1972333333333327,0.0866666666666666,asoc_dueling_double_dqn_30seed,configs/strong_baselines/dueling_double_dqn_30seed.yaml,ApplicationNavigationSupportShift-v0,ApplicationNavigationSupportShift-v0,native_gymnasium_observation,a654625acfbaab6f0875c6312e90326207cf3149,1.5.0,3.14.3,2.11.0+cpu,2.4.3,1.3.0,3.1.0,0.9477941981390258,-0.0029403393541324,not-installed,not-installed
ApplicationNavigation-deployment-goal-shift,dueling_double_dqn,618,12000,-2.412333333333334,0.1,113.3,21.9180697999982,12000,719,9.039598699986527,12.878471100011666,,,,,,0.9,0.008611111111111,0.0480658930238762,0.4,0.0,1.0,0.0,,,0.0,,511.3788603045738,458.5750000000001,0.0,0.0,0.0,12000,-2.412333333333334,12000,0.7532998916655439,-3.7398000000000016,0.05,asoc_dueling_double_dqn_30seed,configs/strong_baselines/dueling_double_dqn_30seed.yaml,ApplicationNavigationSupportShift-v0,ApplicationNavigationSupportShift-v0,native_gymnasium_observation,a654625acfbaab6f0875c6312e90326207cf3149,1.5.0,3.14.3,2.11.0+cpu,2.4.3,1.3.0,3.1.0,0.9562935343628975,-0.0042404645474008,not-installed,not-installed
ApplicationNavigation-deployment-goal-shift,dueling_double_dqn,619,12000,-5.628666666666665,0.0333333333333333,119.5,21.802179800004524,12000,719,9.051281300002302,12.750898500002222,,,,,,0.9666666666666668,0.106111111111111,0.0497222222222222,0.5,0.0,1.0,0.0,,,0.0,,531.0233373015873,483.7000000000001,0.0,0.0,0.0,12000,-5.628666666666665,12000,0.7542734416668585,-6.305633333333333,0.1033333333333333,asoc_dueling_double_dqn_30seed,configs/strong_baselines/dueling_double_dqn_30seed.yaml,ApplicationNavigationSupportShift-v0,ApplicationNavigationSupportShift-v0,native_gymnasium_observation,a654625acfbaab6f0875c6312e90326207cf3149,1.5.0,3.14.3,2.11.0+cpu,2.4.3,1.3.0,3.1.0,0.7718253968253969,-0.1499603174603174,not-installed,not-installed
ApplicationNavigation-deployment-goal-shift,dueling_double_dqn,620,12000,-3.2350000000000008,0.1666666666666666,107.9,21.87801490000129,12000,719,8.940962400003627,12.937052499997662,,,,,,0.8333333333333334,0.0597469397363465,0.0372222222222222,0.3333333333333333,0.0,1.0,0.0,,,0.0,,532.723579903912,472.475,0.0,0.0,0.0,12000,-3.2350000000000008,12000,0.7450802000003023,-4.5439,0.06,asoc_dueling_double_dqn_30seed,configs/strong_baselines/dueling_double_dqn_30seed.yaml,ApplicationNavigationSupportShift-v0,ApplicationNavigationSupportShift-v0,native_gymnasium_observation,a654625acfbaab6f0875c6312e90326207cf3149,1.5.0,3.14.3,2.11.0+cpu,2.4.3,1.3.0,3.1.0,0.7624589111453518,0.0306738358157849,not-installed,not-installed
ApplicationNavigation-deployment-goal-shift,dueling_double_dqn,621,12000,-6.549999999999998,0.2,100.06666666666666,20.848939500006963,12000,719,8.947656300006201,11.901283200000762,,,,,,0.8,0.1883531746031746,0.0369642857142857,0.3333333333333333,0.0,1.0,0.0,,,0.0,,542.464117063492,467.775,0.0,0.0,0.0,12000,-6.549999999999998,12000,0.7456380250005168,-4.330866666666665,0.1233333333333333,asoc_dueling_double_dqn_30seed,configs/strong_baselines/dueling_double_dqn_30seed.yaml,ApplicationNavigationSupportShift-v0,ApplicationNavigationSupportShift-v0,native_gymnasium_observation,a654625acfbaab6f0875c6312e90326207cf3149,1.5.0,3.14.3,2.11.0+cpu,2.4.3,1.3.0,3.1.0,0.5653769841269842,-0.044890873015873,not-installed,not-installed
ApplicationNavigation-deployment-goal-shift,dueling_double_dqn,622,12000,-3.799000000000001,0.0666666666666666,115.03333333333332,22.315397999998822,12000,719,8.951994999981252,13.36340300001757,,,,,,0.9333333333333332,0.0502777777777777,0.0463888888888888,0.4666666666666667,0.0,1.0,0.0,,,0.0,,532.7514563492064,475.575,0.0,0.0,0.0,12000,-3.799000000000001,12000,0.7459995833317711,-3.4187333333333334,0.0466666666666666,asoc_dueling_double_dqn_30seed,configs/strong_baselines/dueling_double_dqn_30seed.yaml,ApplicationNavigationSupportShift-v0,ApplicationNavigationSupportShift-v0,native_gymnasium_observation,a654625acfbaab6f0875c6312e90326207cf3149,1.5.0,3.14.3,2.11.0+cpu,2.4.3,1.3.0,3.1.0,0.7583730158730159,-0.0594484126984126,not-installed,not-installed
ApplicationNavigation-deployment-goal-shift,dueling_double_dqn,623,12000,-2.646333333333334,0.0333333333333333,118.93333333333334,22.037157200000365,12000,719,8.93486459999258,13.102292600007786,,,,,,0.9666666666666668,0.006590909090909,0.0284595959595959,0.3,0.0,1.0,0.0,,,0.0,,518.4318888888889,469.25,0.0,0.0,0.0,12000,-2.646333333333334,12000,0.7445720499993816,-2.873300000000001,0.0466666666666666,asoc_dueling_double_dqn_30seed,configs/strong_baselines/dueling_double_dqn_30seed.yaml,ApplicationNavigationSupportShift-v0,ApplicationNavigationSupportShift-v0,native_gymnasium_observation,a654625acfbaab6f0875c6312e90326207cf3149,1.5.0,3.14.3,2.11.0+cpu,2.4.3,1.3.0,3.1.0,0.9507323232323232,-0.068330808080808,not-installed,not-installed
ApplicationNavigation-deployment-goal-shift,dueling_double_dqn,624,12000,-10.260666666666662,0.0666666666666666,112.13333333333334,22.59554349999962,12000,719,9.476940600005037,13.118602899994585,,,,,,0.9333333333333332,0.295,0.0219444444444444,0.4,0.0,1.0,0.0,,,0.0,,560.2938611111111,510.125,0.0,0.0,0.0,12000,-10.260666666666662,12000,0.7897450500004197,-4.660566666666666,0.0666666666666666,asoc_dueling_double_dqn_30seed,configs/strong_baselines/dueling_double_dqn_30seed.yaml,ApplicationNavigationSupportShift-v0,ApplicationNavigationSupportShift-v0,native_gymnasium_observation,a654625acfbaab6f0875c6312e90326207cf3149,1.5.0,3.14.3,2.11.0+cpu,2.4.3,1.3.0,3.1.0,0.5933333333333334,-0.2876666666666666,not-installed,not-installed
ApplicationNavigation-deployment-goal-shift,dueling_double_dqn,625,12000,-3.133666666666666,0.0,120.0,22.702058300004865,12000,719,9.405020500009414,13.29703779999545,,,,,,1.0,0.0108333333333333,0.0452777777777777,0.2333333333333333,0.0,1.0,0.0,,,0.0,,532.0691666666667,492.75,0.0,0.0,0.0,12000,-3.133666666666666,12000,0.7837517083341178,-3.5058666666666665,0.0433333333333333,asoc_dueling_double_dqn_30seed,configs/strong_baselines/dueling_double_dqn_30seed.yaml,ApplicationNavigationSupportShift-v0,ApplicationNavigationSupportShift-v0,native_gymnasium_observation,a654625acfbaab6f0875c6312e90326207cf3149,1.5.0,3.14.3,2.11.0+cpu,2.4.3,1.3.0,3.1.0,0.9572222222222224,-0.1065555555555555,not-installed,not-installed
ApplicationNavigation-deployment-goal-shift,dueling_double_dqn,626,12000,-2.6463333333333336,0.0666666666666666,116.8,22.74516830000357,12000,719,9.681489100010369,13.063679199993205,,,,,,0.9333333333333332,0.0052455912582494,0.0587820512820512,0.2333333333333333,0.0,1.0,0.0,,,0.0,,544.2465321324245,493.975,0.0,0.0,0.0,12000,-2.6463333333333336,12000,0.8067907583341974,-3.384299999999999,0.0633333333333333,asoc_dueling_double_dqn_30seed,configs/strong_baselines/dueling_double_dqn_30seed.yaml,ApplicationNavigationSupportShift-v0,ApplicationNavigationSupportShift-v0,native_gymnasium_observation,a654625acfbaab6f0875c6312e90326207cf3149,1.5.0,3.14.3,2.11.0+cpu,2.4.3,1.3.0,3.1.0,0.9601820296440552,-0.0345971275559882,not-installed,not-installed
ApplicationNavigation-deployment-goal-shift,dueling_double_dqn,627,12000,-2.854666666666667,0.0,120.0,23.220373299998755,12000,719,9.546929999996792,13.673443300001964,,,,,,1.0,0.0099999999999999,0.0186111111111111,0.5,0.0,1.0,0.0,,,0.0,,539.8641388888889,502.275,0.0,0.0,0.0,12000,-2.854666666666667,12000,0.7955774999997326,-3.1510666666666665,0.0433333333333333,asoc_dueling_double_dqn_30seed,configs/strong_baselines/dueling_double_dqn_30seed.yaml,ApplicationNavigationSupportShift-v0,ApplicationNavigationSupportShift-v0,native_gymnasium_observation,a654625acfbaab6f0875c6312e90326207cf3149,1.5.0,3.14.3,2.11.0+cpu,2.4.3,1.3.0,3.1.0,0.9494444444444444,-0.1049444444444444,not-installed,not-installed
ApplicationNavigation-deployment-goal-shift,dueling_double_dqn,628,12000,-2.671666666666667,0.1,113.76666666666668,22.85686250000436,12000,719,9.401192400015134,13.45567009998922,,,,,,0.9,0.0158333333333333,0.0501133786848072,0.4333333333333333,0.0,1.0,0.0,,,0.0,,527.6980143390689,485.4,0.0,0.0,0.0,12000,-2.671666666666667,12000,0.7834327000012612,-3.0181,0.07,asoc_dueling_double_dqn_30seed,configs/strong_baselines/dueling_double_dqn_30seed.yaml,ApplicationNavigationSupportShift-v0,ApplicationNavigationSupportShift-v0,native_gymnasium_observation,a654625acfbaab6f0875c6312e90326207cf3149,1.5.0,3.14.3,2.11.0+cpu,2.4.3,1.3.0,3.1.0,0.9442767106842738,-0.0102610044017606,not-installed,not-installed
ApplicationNavigation-deployment-goal-shift,dueling_double_dqn,629,12000,-2.7400000000000007,0.0666666666666666,117.56666666666666,23.46528039999976,12000,719,9.696479700003692,13.768800699996063,,,,,,0.9333333333333332,0.011849087893864,0.0518888888888888,0.5059701492537313,0.0,1.0,0.0,,,0.0,,531.5225078772803,490.1,0.0,0.0,0.0,12000,-2.7400000000000007,12000,0.8080399750003077,-6.082,0.0233333333333333,asoc_dueling_double_dqn_30seed,configs/strong_baselines/dueling_double_dqn_30seed.yaml,ApplicationNavigationSupportShift-v0,ApplicationNavigationSupportShift-v0,native_gymnasium_observation,a654625acfbaab6f0875c6312e90326207cf3149,1.5.0,3.14.3,2.11.0+cpu,2.4.3,1.3.0,3.1.0,0.9039941956882256,-0.0355818407960198,not-installed,not-installed
