environment,candidate_id,estimator_family,estimator_type,representation,slot_id,k,h,tau_approx,regularization,requested_index,effective_index,seed,return_auc,failure_probability,median_query_latency_seconds,checkpoint_first,checkpoint_last,checkpoint_count,evaluation_episodes_per_checkpoint,source_row_count,execution_source_commit,source_snapshot_sha256,source_file
ApplicationNavigation-support-estimator-development,frozen_embedding_s1,frozen_embedding,gaussian_affinity,frozen_dqn_penultimate,s1,3,0.25,1.0,0.0001,brute_force,brute_force,13000,-7.006833333333334,0.63125,0.00070635,1000,16000,16,10,160,e273c8ef07f45e6b8d788fcd9200e3cdb8a2c2d8,742ca77d888656ad8bef598c19c64970034574038d720df6054167dd41c2715c,results/reviewer1_remaining/support_development/execution/raw.csv.gz
ApplicationNavigation-support-estimator-development,frozen_embedding_s1,frozen_embedding,gaussian_affinity,frozen_dqn_penultimate,s1,3,0.25,1.0,0.0001,brute_force,brute_force,13001,-3.0697000000000005,0.75,0.0008837000000000001,1000,16000,16,10,160,e273c8ef07f45e6b8d788fcd9200e3cdb8a2c2d8,742ca77d888656ad8bef598c19c64970034574038d720df6054167dd41c2715c,results/reviewer1_remaining/support_development/execution/raw.csv.gz
ApplicationNavigation-support-estimator-development,frozen_embedding_s1,frozen_embedding,gaussian_affinity,frozen_dqn_penultimate,s1,3,0.25,1.0,0.0001,brute_force,brute_force,13002,-2.605866666666667,0.8125,0.0007390000000000001,1000,16000,16,10,160,e273c8ef07f45e6b8d788fcd9200e3cdb8a2c2d8,742ca77d888656ad8bef598c19c64970034574038d720df6054167dd41c2715c,results/reviewer1_remaining/support_development/execution/raw.csv.gz
ApplicationNavigation-support-estimator-development,frozen_embedding_s1,frozen_embedding,gaussian_affinity,frozen_dqn_penultimate,s1,3,0.25,1.0,0.0001,brute_force,brute_force,13003,-3.668533333333333,0.6125,0.0007286,1000,16000,16,10,160,e273c8ef07f45e6b8d788fcd9200e3cdb8a2c2d8,742ca77d888656ad8bef598c19c64970034574038d720df6054167dd41c2715c,results/reviewer1_remaining/support_development/execution/raw.csv.gz
ApplicationNavigation-support-estimator-development,frozen_embedding_s1,frozen_embedding,gaussian_affinity,frozen_dqn_penultimate,s1,3,0.25,1.0,0.0001,brute_force,brute_force,13004,-1.8625333333333336,0.73125,0.0006975,1000,16000,16,10,160,e273c8ef07f45e6b8d788fcd9200e3cdb8a2c2d8,742ca77d888656ad8bef598c19c64970034574038d720df6054167dd41c2715c,results/reviewer1_remaining/support_development/execution/raw.csv.gz
Reviewer1-transition-dynamics-support-estimator-development,frozen_embedding_s1,frozen_embedding,gaussian_affinity,frozen_dqn_penultimate,s1,3,0.25,1.0,0.0001,brute_force,brute_force,13000,-1.699666666666667,0.68125,0.0043798,1000,16000,16,10,160,e273c8ef07f45e6b8d788fcd9200e3cdb8a2c2d8,742ca77d888656ad8bef598c19c64970034574038d720df6054167dd41c2715c,results/reviewer1_remaining/support_development/execution/raw.csv.gz
Reviewer1-transition-dynamics-support-estimator-development,frozen_embedding_s1,frozen_embedding,gaussian_affinity,frozen_dqn_penultimate,s1,3,0.25,1.0,0.0001,brute_force,brute_force,13001,-2.093233333333334,0.7625,0.0047493,1000,16000,16,10,160,e273c8ef07f45e6b8d788fcd9200e3cdb8a2c2d8,742ca77d888656ad8bef598c19c64970034574038d720df6054167dd41c2715c,results/reviewer1_remaining/support_development/execution/raw.csv.gz
Reviewer1-transition-dynamics-support-estimator-development,frozen_embedding_s1,frozen_embedding,gaussian_affinity,frozen_dqn_penultimate,s1,3,0.25,1.0,0.0001,brute_force,brute_force,13002,-2.0545000000000004,0.76875,0.00441385,1000,16000,16,10,160,e273c8ef07f45e6b8d788fcd9200e3cdb8a2c2d8,742ca77d888656ad8bef598c19c64970034574038d720df6054167dd41c2715c,results/reviewer1_remaining/support_development/execution/raw.csv.gz
Reviewer1-transition-dynamics-support-estimator-development,frozen_embedding_s1,frozen_embedding,gaussian_affinity,frozen_dqn_penultimate,s1,3,0.25,1.0,0.0001,brute_force,brute_force,13003,-1.8434000000000006,0.7375,0.00528905,1000,16000,16,10,160,e273c8ef07f45e6b8d788fcd9200e3cdb8a2c2d8,742ca77d888656ad8bef598c19c64970034574038d720df6054167dd41c2715c,results/reviewer1_remaining/support_development/execution/raw.csv.gz
Reviewer1-transition-dynamics-support-estimator-development,frozen_embedding_s1,frozen_embedding,gaussian_affinity,frozen_dqn_penultimate,s1,3,0.25,1.0,0.0001,brute_force,brute_force,13004,-1.7519000000000005,0.66875,0.0042655,1000,16000,16,10,160,e273c8ef07f45e6b8d788fcd9200e3cdb8a2c2d8,742ca77d888656ad8bef598c19c64970034574038d720df6054167dd41c2715c,results/reviewer1_remaining/support_development/execution/raw.csv.gz
ApplicationNavigation-support-estimator-development,frozen_embedding_s2,frozen_embedding,gaussian_affinity,frozen_dqn_penultimate,s2,5,0.5,4.0,0.001,auto,auto,13000,-6.5694,0.78125,0.0012709000000000002,1000,16000,16,10,160,e273c8ef07f45e6b8d788fcd9200e3cdb8a2c2d8,742ca77d888656ad8bef598c19c64970034574038d720df6054167dd41c2715c,results/reviewer1_remaining/support_development/execution/raw.csv.gz
ApplicationNavigation-support-estimator-development,frozen_embedding_s2,frozen_embedding,gaussian_affinity,frozen_dqn_penultimate,s2,5,0.5,4.0,0.001,auto,auto,13001,-4.291133333333334,0.86875,0.00125835,1000,16000,16,10,160,e273c8ef07f45e6b8d788fcd9200e3cdb8a2c2d8,742ca77d888656ad8bef598c19c64970034574038d720df6054167dd41c2715c,results/reviewer1_remaining/support_development/execution/raw.csv.gz
ApplicationNavigation-support-estimator-development,frozen_embedding_s2,frozen_embedding,gaussian_affinity,frozen_dqn_penultimate,s2,5,0.5,4.0,0.001,auto,auto,13002,-3.056233333333333,0.88125,0.0014353500000000002,1000,16000,16,10,160,e273c8ef07f45e6b8d788fcd9200e3cdb8a2c2d8,742ca77d888656ad8bef598c19c64970034574038d720df6054167dd41c2715c,results/reviewer1_remaining/support_development/execution/raw.csv.gz
ApplicationNavigation-support-estimator-development,frozen_embedding_s2,frozen_embedding,gaussian_affinity,frozen_dqn_penultimate,s2,5,0.5,4.0,0.001,auto,auto,13003,-4.812399999999999,0.73125,0.0014612000000000002,1000,16000,16,10,160,e273c8ef07f45e6b8d788fcd9200e3cdb8a2c2d8,742ca77d888656ad8bef598c19c64970034574038d720df6054167dd41c2715c,results/reviewer1_remaining/support_development/execution/raw.csv.gz
ApplicationNavigation-support-estimator-development,frozen_embedding_s2,frozen_embedding,gaussian_affinity,frozen_dqn_penultimate,s2,5,0.5,4.0,0.001,auto,auto,13004,-2.925933333333333,0.84375,0.0010761500000000001,1000,16000,16,10,160,e273c8ef07f45e6b8d788fcd9200e3cdb8a2c2d8,742ca77d888656ad8bef598c19c64970034574038d720df6054167dd41c2715c,results/reviewer1_remaining/support_development/execution/raw.csv.gz
Reviewer1-transition-dynamics-support-estimator-development,frozen_embedding_s2,frozen_embedding,gaussian_affinity,frozen_dqn_penultimate,s2,5,0.5,4.0,0.001,auto,auto,13000,-2.033466666666667,0.75,0.01316165,1000,16000,16,10,160,e273c8ef07f45e6b8d788fcd9200e3cdb8a2c2d8,742ca77d888656ad8bef598c19c64970034574038d720df6054167dd41c2715c,results/reviewer1_remaining/support_development/execution/raw.csv.gz
Reviewer1-transition-dynamics-support-estimator-development,frozen_embedding_s2,frozen_embedding,gaussian_affinity,frozen_dqn_penultimate,s2,5,0.5,4.0,0.001,auto,auto,13001,-2.156033333333334,0.76875,0.005358150000000001,1000,16000,16,10,160,e273c8ef07f45e6b8d788fcd9200e3cdb8a2c2d8,742ca77d888656ad8bef598c19c64970034574038d720df6054167dd41c2715c,results/reviewer1_remaining/support_development/execution/raw.csv.gz
Reviewer1-transition-dynamics-support-estimator-development,frozen_embedding_s2,frozen_embedding,gaussian_affinity,frozen_dqn_penultimate,s2,5,0.5,4.0,0.001,auto,auto,13002,-2.135700000000001,0.8125,0.00577555,1000,16000,16,10,160,e273c8ef07f45e6b8d788fcd9200e3cdb8a2c2d8,742ca77d888656ad8bef598c19c64970034574038d720df6054167dd41c2715c,results/reviewer1_remaining/support_development/execution/raw.csv.gz
Reviewer1-transition-dynamics-support-estimator-development,frozen_embedding_s2,frozen_embedding,gaussian_affinity,frozen_dqn_penultimate,s2,5,0.5,4.0,0.001,auto,auto,13003,-2.2141000000000006,0.79375,0.0054376,1000,16000,16,10,160,e273c8ef07f45e6b8d788fcd9200e3cdb8a2c2d8,742ca77d888656ad8bef598c19c64970034574038d720df6054167dd41c2715c,results/reviewer1_remaining/support_development/execution/raw.csv.gz
Reviewer1-transition-dynamics-support-estimator-development,frozen_embedding_s2,frozen_embedding,gaussian_affinity,frozen_dqn_penultimate,s2,5,0.5,4.0,0.001,auto,auto,13004,-1.9951000000000005,0.7125,0.0056707,1000,16000,16,10,160,e273c8ef07f45e6b8d788fcd9200e3cdb8a2c2d8,742ca77d888656ad8bef598c19c64970034574038d720df6054167dd41c2715c,results/reviewer1_remaining/support_development/execution/raw.csv.gz
ApplicationNavigation-support-estimator-development,frozen_embedding_s3,frozen_embedding,gaussian_affinity,frozen_dqn_penultimate,s3,7,1.0,8.0,0.01,brute_force,brute_force,13000,-7.7918,0.83125,1.86e-05,1000,16000,16,10,160,e273c8ef07f45e6b8d788fcd9200e3cdb8a2c2d8,742ca77d888656ad8bef598c19c64970034574038d720df6054167dd41c2715c,results/reviewer1_remaining/support_development/execution/raw.csv.gz
ApplicationNavigation-support-estimator-development,frozen_embedding_s3,frozen_embedding,gaussian_affinity,frozen_dqn_penultimate,s3,7,1.0,8.0,0.01,brute_force,brute_force,13001,-4.696133333333333,0.925,2.2199999999999998e-05,1000,16000,16,10,160,e273c8ef07f45e6b8d788fcd9200e3cdb8a2c2d8,742ca77d888656ad8bef598c19c64970034574038d720df6054167dd41c2715c,results/reviewer1_remaining/support_development/execution/raw.csv.gz
ApplicationNavigation-support-estimator-development,frozen_embedding_s3,frozen_embedding,gaussian_affinity,frozen_dqn_penultimate,s3,7,1.0,8.0,0.01,brute_force,brute_force,13002,-2.850633333333333,0.94375,2.0249999999999998e-05,1000,16000,16,10,160,e273c8ef07f45e6b8d788fcd9200e3cdb8a2c2d8,742ca77d888656ad8bef598c19c64970034574038d720df6054167dd41c2715c,results/reviewer1_remaining/support_development/execution/raw.csv.gz
ApplicationNavigation-support-estimator-development,frozen_embedding_s3,frozen_embedding,gaussian_affinity,frozen_dqn_penultimate,s3,7,1.0,8.0,0.01,brute_force,brute_force,13003,-4.666633333333333,0.90625,2.205e-05,1000,16000,16,10,160,e273c8ef07f45e6b8d788fcd9200e3cdb8a2c2d8,742ca77d888656ad8bef598c19c64970034574038d720df6054167dd41c2715c,results/reviewer1_remaining/support_development/execution/raw.csv.gz
ApplicationNavigation-support-estimator-development,frozen_embedding_s3,frozen_embedding,gaussian_affinity,frozen_dqn_penultimate,s3,7,1.0,8.0,0.01,brute_force,brute_force,13004,-4.333433333333333,0.9125,1.9149999999999998e-05,1000,16000,16,10,160,e273c8ef07f45e6b8d788fcd9200e3cdb8a2c2d8,742ca77d888656ad8bef598c19c64970034574038d720df6054167dd41c2715c,results/reviewer1_remaining/support_development/execution/raw.csv.gz
Reviewer1-transition-dynamics-support-estimator-development,frozen_embedding_s3,frozen_embedding,gaussian_affinity,frozen_dqn_penultimate,s3,7,1.0,8.0,0.01,brute_force,brute_force,13000,-2.1094000000000004,0.78125,2.0150000000000002e-05,1000,16000,16,10,160,e273c8ef07f45e6b8d788fcd9200e3cdb8a2c2d8,742ca77d888656ad8bef598c19c64970034574038d720df6054167dd41c2715c,results/reviewer1_remaining/support_development/execution/raw.csv.gz
Reviewer1-transition-dynamics-support-estimator-development,frozen_embedding_s3,frozen_embedding,gaussian_affinity,frozen_dqn_penultimate,s3,7,1.0,8.0,0.01,brute_force,brute_force,13001,-2.3260666666666676,0.85,1.205e-05,1000,16000,16,10,160,e273c8ef07f45e6b8d788fcd9200e3cdb8a2c2d8,742ca77d888656ad8bef598c19c64970034574038d720df6054167dd41c2715c,results/reviewer1_remaining/support_development/execution/raw.csv.gz
Reviewer1-transition-dynamics-support-estimator-development,frozen_embedding_s3,frozen_embedding,gaussian_affinity,frozen_dqn_penultimate,s3,7,1.0,8.0,0.01,brute_force,brute_force,13002,-2.2410666666666677,0.81875,1.045e-05,1000,16000,16,10,160,e273c8ef07f45e6b8d788fcd9200e3cdb8a2c2d8,742ca77d888656ad8bef598c19c64970034574038d720df6054167dd41c2715c,results/reviewer1_remaining/support_development/execution/raw.csv.gz
Reviewer1-transition-dynamics-support-estimator-development,frozen_embedding_s3,frozen_embedding,gaussian_affinity,frozen_dqn_penultimate,s3,7,1.0,8.0,0.01,brute_force,brute_force,13003,-2.1630000000000007,0.78125,8.25e-06,1000,16000,16,10,160,e273c8ef07f45e6b8d788fcd9200e3cdb8a2c2d8,742ca77d888656ad8bef598c19c64970034574038d720df6054167dd41c2715c,results/reviewer1_remaining/support_development/execution/raw.csv.gz
Reviewer1-transition-dynamics-support-estimator-development,frozen_embedding_s3,frozen_embedding,gaussian_affinity,frozen_dqn_penultimate,s3,7,1.0,8.0,0.01,brute_force,brute_force,13004,-2.1119000000000003,0.7625,9.299999999999999e-06,1000,16000,16,10,160,e273c8ef07f45e6b8d788fcd9200e3cdb8a2c2d8,742ca77d888656ad8bef598c19c64970034574038d720df6054167dd41c2715c,results/reviewer1_remaining/support_development/execution/raw.csv.gz
ApplicationNavigation-support-estimator-development,frozen_embedding_s4,frozen_embedding,gaussian_affinity,frozen_dqn_penultimate,s4,9,2.0,2.0,0.1,auto,auto,13000,-6.0679333333333325,0.8125,0.0015546,1000,16000,16,10,160,e273c8ef07f45e6b8d788fcd9200e3cdb8a2c2d8,742ca77d888656ad8bef598c19c64970034574038d720df6054167dd41c2715c,results/reviewer1_remaining/support_development/execution/raw.csv.gz
ApplicationNavigation-support-estimator-development,frozen_embedding_s4,frozen_embedding,gaussian_affinity,frozen_dqn_penultimate,s4,9,2.0,2.0,0.1,auto,auto,13001,-6.143066666666667,0.8375,0.0013127999999999998,1000,16000,16,10,160,e273c8ef07f45e6b8d788fcd9200e3cdb8a2c2d8,742ca77d888656ad8bef598c19c64970034574038d720df6054167dd41c2715c,results/reviewer1_remaining/support_development/execution/raw.csv.gz
ApplicationNavigation-support-estimator-development,frozen_embedding_s4,frozen_embedding,gaussian_affinity,frozen_dqn_penultimate,s4,9,2.0,2.0,0.1,auto,auto,13002,-4.835966666666667,0.86875,0.0013551499999999998,1000,16000,16,10,160,e273c8ef07f45e6b8d788fcd9200e3cdb8a2c2d8,742ca77d888656ad8bef598c19c64970034574038d720df6054167dd41c2715c,results/reviewer1_remaining/support_development/execution/raw.csv.gz
ApplicationNavigation-support-estimator-development,frozen_embedding_s4,frozen_embedding,gaussian_affinity,frozen_dqn_penultimate,s4,9,2.0,2.0,0.1,auto,auto,13003,-5.521699999999999,0.74375,0.00150385,1000,16000,16,10,160,e273c8ef07f45e6b8d788fcd9200e3cdb8a2c2d8,742ca77d888656ad8bef598c19c64970034574038d720df6054167dd41c2715c,results/reviewer1_remaining/support_development/execution/raw.csv.gz
ApplicationNavigation-support-estimator-development,frozen_embedding_s4,frozen_embedding,gaussian_affinity,frozen_dqn_penultimate,s4,9,2.0,2.0,0.1,auto,auto,13004,-4.673266666666667,0.8375,0.00127625,1000,16000,16,10,160,e273c8ef07f45e6b8d788fcd9200e3cdb8a2c2d8,742ca77d888656ad8bef598c19c64970034574038d720df6054167dd41c2715c,results/reviewer1_remaining/support_development/execution/raw.csv.gz
Reviewer1-transition-dynamics-support-estimator-development,frozen_embedding_s4,frozen_embedding,gaussian_affinity,frozen_dqn_penultimate,s4,9,2.0,2.0,0.1,auto,auto,13000,-1.9061000000000006,0.74375,0.0044816000000000005,1000,16000,16,10,160,e273c8ef07f45e6b8d788fcd9200e3cdb8a2c2d8,742ca77d888656ad8bef598c19c64970034574038d720df6054167dd41c2715c,results/reviewer1_remaining/support_development/execution/raw.csv.gz
Reviewer1-transition-dynamics-support-estimator-development,frozen_embedding_s4,frozen_embedding,gaussian_affinity,frozen_dqn_penultimate,s4,9,2.0,2.0,0.1,auto,auto,13001,-1.9082000000000008,0.7625,0.0042933,1000,16000,16,10,160,e273c8ef07f45e6b8d788fcd9200e3cdb8a2c2d8,742ca77d888656ad8bef598c19c64970034574038d720df6054167dd41c2715c,results/reviewer1_remaining/support_development/execution/raw.csv.gz
Reviewer1-transition-dynamics-support-estimator-development,frozen_embedding_s4,frozen_embedding,gaussian_affinity,frozen_dqn_penultimate,s4,9,2.0,2.0,0.1,auto,auto,13002,-1.952500000000001,0.7625,0.004553150000000001,1000,16000,16,10,160,e273c8ef07f45e6b8d788fcd9200e3cdb8a2c2d8,742ca77d888656ad8bef598c19c64970034574038d720df6054167dd41c2715c,results/reviewer1_remaining/support_development/execution/raw.csv.gz
Reviewer1-transition-dynamics-support-estimator-development,frozen_embedding_s4,frozen_embedding,gaussian_affinity,frozen_dqn_penultimate,s4,9,2.0,2.0,0.1,auto,auto,13003,-1.9893000000000007,0.75,0.005237250000000001,1000,16000,16,10,160,e273c8ef07f45e6b8d788fcd9200e3cdb8a2c2d8,742ca77d888656ad8bef598c19c64970034574038d720df6054167dd41c2715c,results/reviewer1_remaining/support_development/execution/raw.csv.gz
Reviewer1-transition-dynamics-support-estimator-development,frozen_embedding_s4,frozen_embedding,gaussian_affinity,frozen_dqn_penultimate,s4,9,2.0,2.0,0.1,auto,auto,13004,-1.9347666666666672,0.73125,0.00489065,1000,16000,16,10,160,e273c8ef07f45e6b8d788fcd9200e3cdb8a2c2d8,742ca77d888656ad8bef598c19c64970034574038d720df6054167dd41c2715c,results/reviewer1_remaining/support_development/execution/raw.csv.gz
ApplicationNavigation-support-estimator-development,gaussian_density_s1,gaussian_density,regularized_gaussian_density,raw_state,s1,3,0.25,1.0,0.0001,brute_force,brute_force_density_preserving,13000,-6.248266666666667,0.91875,0.00116245,1000,16000,16,10,160,e273c8ef07f45e6b8d788fcd9200e3cdb8a2c2d8,742ca77d888656ad8bef598c19c64970034574038d720df6054167dd41c2715c,results/reviewer1_remaining/support_development/execution/raw.csv.gz
ApplicationNavigation-support-estimator-development,gaussian_density_s1,gaussian_density,regularized_gaussian_density,raw_state,s1,3,0.25,1.0,0.0001,brute_force,brute_force_density_preserving,13001,-5.9559333333333315,0.9625,0.0011589,1000,16000,16,10,160,e273c8ef07f45e6b8d788fcd9200e3cdb8a2c2d8,742ca77d888656ad8bef598c19c64970034574038d720df6054167dd41c2715c,results/reviewer1_remaining/support_development/execution/raw.csv.gz
ApplicationNavigation-support-estimator-development,gaussian_density_s1,gaussian_density,regularized_gaussian_density,raw_state,s1,3,0.25,1.0,0.0001,brute_force,brute_force_density_preserving,13002,-4.4964,0.98125,0.0010547500000000001,1000,16000,16,10,160,e273c8ef07f45e6b8d788fcd9200e3cdb8a2c2d8,742ca77d888656ad8bef598c19c64970034574038d720df6054167dd41c2715c,results/reviewer1_remaining/support_development/execution/raw.csv.gz
ApplicationNavigation-support-estimator-development,gaussian_density_s1,gaussian_density,regularized_gaussian_density,raw_state,s1,3,0.25,1.0,0.0001,brute_force,brute_force_density_preserving,13003,-6.7126666666666654,0.93125,0.00109955,1000,16000,16,10,160,e273c8ef07f45e6b8d788fcd9200e3cdb8a2c2d8,742ca77d888656ad8bef598c19c64970034574038d720df6054167dd41c2715c,results/reviewer1_remaining/support_development/execution/raw.csv.gz
ApplicationNavigation-support-estimator-development,gaussian_density_s1,gaussian_density,regularized_gaussian_density,raw_state,s1,3,0.25,1.0,0.0001,brute_force,brute_force_density_preserving,13004,-5.838233333333331,0.8875,0.00114365,1000,16000,16,10,160,e273c8ef07f45e6b8d788fcd9200e3cdb8a2c2d8,742ca77d888656ad8bef598c19c64970034574038d720df6054167dd41c2715c,results/reviewer1_remaining/support_development/execution/raw.csv.gz
Reviewer1-transition-dynamics-support-estimator-development,gaussian_density_s1,gaussian_density,regularized_gaussian_density,raw_state,s1,3,0.25,1.0,0.0001,brute_force,brute_force_density_preserving,13000,-2.103500000000001,0.79375,0.0023440500000000003,1000,16000,16,10,160,e273c8ef07f45e6b8d788fcd9200e3cdb8a2c2d8,742ca77d888656ad8bef598c19c64970034574038d720df6054167dd41c2715c,results/reviewer1_remaining/support_development/execution/raw.csv.gz
Reviewer1-transition-dynamics-support-estimator-development,gaussian_density_s1,gaussian_density,regularized_gaussian_density,raw_state,s1,3,0.25,1.0,0.0001,brute_force,brute_force_density_preserving,13001,-2.2181666666666673,0.79375,0.0020102,1000,16000,16,10,160,e273c8ef07f45e6b8d788fcd9200e3cdb8a2c2d8,742ca77d888656ad8bef598c19c64970034574038d720df6054167dd41c2715c,results/reviewer1_remaining/support_development/execution/raw.csv.gz
Reviewer1-transition-dynamics-support-estimator-development,gaussian_density_s1,gaussian_density,regularized_gaussian_density,raw_state,s1,3,0.25,1.0,0.0001,brute_force,brute_force_density_preserving,13002,-2.318300000000001,0.84375,0.0019911499999999997,1000,16000,16,10,160,e273c8ef07f45e6b8d788fcd9200e3cdb8a2c2d8,742ca77d888656ad8bef598c19c64970034574038d720df6054167dd41c2715c,results/reviewer1_remaining/support_development/execution/raw.csv.gz
Reviewer1-transition-dynamics-support-estimator-development,gaussian_density_s1,gaussian_density,regularized_gaussian_density,raw_state,s1,3,0.25,1.0,0.0001,brute_force,brute_force_density_preserving,13003,-2.1514666666666673,0.8,0.0020126,1000,16000,16,10,160,e273c8ef07f45e6b8d788fcd9200e3cdb8a2c2d8,742ca77d888656ad8bef598c19c64970034574038d720df6054167dd41c2715c,results/reviewer1_remaining/support_development/execution/raw.csv.gz
Reviewer1-transition-dynamics-support-estimator-development,gaussian_density_s1,gaussian_density,regularized_gaussian_density,raw_state,s1,3,0.25,1.0,0.0001,brute_force,brute_force_density_preserving,13004,-1.9796000000000005,0.725,0.0020489,1000,16000,16,10,160,e273c8ef07f45e6b8d788fcd9200e3cdb8a2c2d8,742ca77d888656ad8bef598c19c64970034574038d720df6054167dd41c2715c,results/reviewer1_remaining/support_development/execution/raw.csv.gz
ApplicationNavigation-support-estimator-development,gaussian_density_s2,gaussian_density,regularized_gaussian_density,raw_state,s2,5,0.5,4.0,0.001,auto,brute_force_density_preserving,13000,-8.3455,0.925,0.0010100999999999999,1000,16000,16,10,160,e273c8ef07f45e6b8d788fcd9200e3cdb8a2c2d8,742ca77d888656ad8bef598c19c64970034574038d720df6054167dd41c2715c,results/reviewer1_remaining/support_development/execution/raw.csv.gz
ApplicationNavigation-support-estimator-development,gaussian_density_s2,gaussian_density,regularized_gaussian_density,raw_state,s2,5,0.5,4.0,0.001,auto,brute_force_density_preserving,13001,-6.559399999999998,0.89375,0.0011009499999999998,1000,16000,16,10,160,e273c8ef07f45e6b8d788fcd9200e3cdb8a2c2d8,742ca77d888656ad8bef598c19c64970034574038d720df6054167dd41c2715c,results/reviewer1_remaining/support_development/execution/raw.csv.gz
ApplicationNavigation-support-estimator-development,gaussian_density_s2,gaussian_density,regularized_gaussian_density,raw_state,s2,5,0.5,4.0,0.001,auto,brute_force_density_preserving,13002,-4.693499999999999,0.93125,0.0011611,1000,16000,16,10,160,e273c8ef07f45e6b8d788fcd9200e3cdb8a2c2d8,742ca77d888656ad8bef598c19c64970034574038d720df6054167dd41c2715c,results/reviewer1_remaining/support_development/execution/raw.csv.gz
ApplicationNavigation-support-estimator-development,gaussian_density_s2,gaussian_density,regularized_gaussian_density,raw_state,s2,5,0.5,4.0,0.001,auto,brute_force_density_preserving,13003,-7.405333333333332,0.95,0.00100545,1000,16000,16,10,160,e273c8ef07f45e6b8d788fcd9200e3cdb8a2c2d8,742ca77d888656ad8bef598c19c64970034574038d720df6054167dd41c2715c,results/reviewer1_remaining/support_development/execution/raw.csv.gz
ApplicationNavigation-support-estimator-development,gaussian_density_s2,gaussian_density,regularized_gaussian_density,raw_state,s2,5,0.5,4.0,0.001,auto,brute_force_density_preserving,13004,-5.704199999999999,0.90625,0.0009743499999999999,1000,16000,16,10,160,e273c8ef07f45e6b8d788fcd9200e3cdb8a2c2d8,742ca77d888656ad8bef598c19c64970034574038d720df6054167dd41c2715c,results/reviewer1_remaining/support_development/execution/raw.csv.gz
Reviewer1-transition-dynamics-support-estimator-development,gaussian_density_s2,gaussian_density,regularized_gaussian_density,raw_state,s2,5,0.5,4.0,0.001,auto,brute_force_density_preserving,13000,-2.174566666666667,0.81875,0.00170405,1000,16000,16,10,160,e273c8ef07f45e6b8d788fcd9200e3cdb8a2c2d8,742ca77d888656ad8bef598c19c64970034574038d720df6054167dd41c2715c,results/reviewer1_remaining/support_development/execution/raw.csv.gz
Reviewer1-transition-dynamics-support-estimator-development,gaussian_density_s2,gaussian_density,regularized_gaussian_density,raw_state,s2,5,0.5,4.0,0.001,auto,brute_force_density_preserving,13001,-2.1831000000000005,0.81875,0.00166685,1000,16000,16,10,160,e273c8ef07f45e6b8d788fcd9200e3cdb8a2c2d8,742ca77d888656ad8bef598c19c64970034574038d720df6054167dd41c2715c,results/reviewer1_remaining/support_development/execution/raw.csv.gz
Reviewer1-transition-dynamics-support-estimator-development,gaussian_density_s2,gaussian_density,regularized_gaussian_density,raw_state,s2,5,0.5,4.0,0.001,auto,brute_force_density_preserving,13002,-2.261000000000001,0.8375,0.00157295,1000,16000,16,10,160,e273c8ef07f45e6b8d788fcd9200e3cdb8a2c2d8,742ca77d888656ad8bef598c19c64970034574038d720df6054167dd41c2715c,results/reviewer1_remaining/support_development/execution/raw.csv.gz
Reviewer1-transition-dynamics-support-estimator-development,gaussian_density_s2,gaussian_density,regularized_gaussian_density,raw_state,s2,5,0.5,4.0,0.001,auto,brute_force_density_preserving,13003,-2.1061333333333336,0.825,0.0017936,1000,16000,16,10,160,e273c8ef07f45e6b8d788fcd9200e3cdb8a2c2d8,742ca77d888656ad8bef598c19c64970034574038d720df6054167dd41c2715c,results/reviewer1_remaining/support_development/execution/raw.csv.gz
Reviewer1-transition-dynamics-support-estimator-development,gaussian_density_s2,gaussian_density,regularized_gaussian_density,raw_state,s2,5,0.5,4.0,0.001,auto,brute_force_density_preserving,13004,-2.0853666666666673,0.80625,0.0018591,1000,16000,16,10,160,e273c8ef07f45e6b8d788fcd9200e3cdb8a2c2d8,742ca77d888656ad8bef598c19c64970034574038d720df6054167dd41c2715c,results/reviewer1_remaining/support_development/execution/raw.csv.gz
ApplicationNavigation-support-estimator-development,gaussian_density_s3,gaussian_density,regularized_gaussian_density,raw_state,s3,7,1.0,8.0,0.01,brute_force,brute_force_density_preserving,13000,-5.8232,0.8875,0.0010743,1000,16000,16,10,160,e273c8ef07f45e6b8d788fcd9200e3cdb8a2c2d8,742ca77d888656ad8bef598c19c64970034574038d720df6054167dd41c2715c,results/reviewer1_remaining/support_development/execution/raw.csv.gz
ApplicationNavigation-support-estimator-development,gaussian_density_s3,gaussian_density,regularized_gaussian_density,raw_state,s3,7,1.0,8.0,0.01,brute_force,brute_force_density_preserving,13001,-3.6242666666666667,0.95,0.0009812,1000,16000,16,10,160,e273c8ef07f45e6b8d788fcd9200e3cdb8a2c2d8,742ca77d888656ad8bef598c19c64970034574038d720df6054167dd41c2715c,results/reviewer1_remaining/support_development/execution/raw.csv.gz
ApplicationNavigation-support-estimator-development,gaussian_density_s3,gaussian_density,regularized_gaussian_density,raw_state,s3,7,1.0,8.0,0.01,brute_force,brute_force_density_preserving,13002,-3.1864666666666666,0.95625,0.00095735,1000,16000,16,10,160,e273c8ef07f45e6b8d788fcd9200e3cdb8a2c2d8,742ca77d888656ad8bef598c19c64970034574038d720df6054167dd41c2715c,results/reviewer1_remaining/support_development/execution/raw.csv.gz
ApplicationNavigation-support-estimator-development,gaussian_density_s3,gaussian_density,regularized_gaussian_density,raw_state,s3,7,1.0,8.0,0.01,brute_force,brute_force_density_preserving,13003,-5.856166666666666,0.95,0.00101185,1000,16000,16,10,160,e273c8ef07f45e6b8d788fcd9200e3cdb8a2c2d8,742ca77d888656ad8bef598c19c64970034574038d720df6054167dd41c2715c,results/reviewer1_remaining/support_development/execution/raw.csv.gz
ApplicationNavigation-support-estimator-development,gaussian_density_s3,gaussian_density,regularized_gaussian_density,raw_state,s3,7,1.0,8.0,0.01,brute_force,brute_force_density_preserving,13004,-6.881899999999998,0.88125,0.0010314500000000002,1000,16000,16,10,160,e273c8ef07f45e6b8d788fcd9200e3cdb8a2c2d8,742ca77d888656ad8bef598c19c64970034574038d720df6054167dd41c2715c,results/reviewer1_remaining/support_development/execution/raw.csv.gz
Reviewer1-transition-dynamics-support-estimator-development,gaussian_density_s3,gaussian_density,regularized_gaussian_density,raw_state,s3,7,1.0,8.0,0.01,brute_force,brute_force_density_preserving,13000,-2.066966666666667,0.80625,0.0016394,1000,16000,16,10,160,e273c8ef07f45e6b8d788fcd9200e3cdb8a2c2d8,742ca77d888656ad8bef598c19c64970034574038d720df6054167dd41c2715c,results/reviewer1_remaining/support_development/execution/raw.csv.gz
Reviewer1-transition-dynamics-support-estimator-development,gaussian_density_s3,gaussian_density,regularized_gaussian_density,raw_state,s3,7,1.0,8.0,0.01,brute_force,brute_force_density_preserving,13001,-2.1251,0.81875,0.0017946,1000,16000,16,10,160,e273c8ef07f45e6b8d788fcd9200e3cdb8a2c2d8,742ca77d888656ad8bef598c19c64970034574038d720df6054167dd41c2715c,results/reviewer1_remaining/support_development/execution/raw.csv.gz
Reviewer1-transition-dynamics-support-estimator-development,gaussian_density_s3,gaussian_density,regularized_gaussian_density,raw_state,s3,7,1.0,8.0,0.01,brute_force,brute_force_density_preserving,13002,-2.266733333333334,0.8375,0.0018487500000000001,1000,16000,16,10,160,e273c8ef07f45e6b8d788fcd9200e3cdb8a2c2d8,742ca77d888656ad8bef598c19c64970034574038d720df6054167dd41c2715c,results/reviewer1_remaining/support_development/execution/raw.csv.gz
Reviewer1-transition-dynamics-support-estimator-development,gaussian_density_s3,gaussian_density,regularized_gaussian_density,raw_state,s3,7,1.0,8.0,0.01,brute_force,brute_force_density_preserving,13003,-2.0232333333333337,0.775,0.00208865,1000,16000,16,10,160,e273c8ef07f45e6b8d788fcd9200e3cdb8a2c2d8,742ca77d888656ad8bef598c19c64970034574038d720df6054167dd41c2715c,results/reviewer1_remaining/support_development/execution/raw.csv.gz
Reviewer1-transition-dynamics-support-estimator-development,gaussian_density_s3,gaussian_density,regularized_gaussian_density,raw_state,s3,7,1.0,8.0,0.01,brute_force,brute_force_density_preserving,13004,-2.1084,0.83125,0.00189315,1000,16000,16,10,160,e273c8ef07f45e6b8d788fcd9200e3cdb8a2c2d8,742ca77d888656ad8bef598c19c64970034574038d720df6054167dd41c2715c,results/reviewer1_remaining/support_development/execution/raw.csv.gz
ApplicationNavigation-support-estimator-development,gaussian_density_s4,gaussian_density,regularized_gaussian_density,raw_state,s4,9,2.0,2.0,0.1,auto,brute_force_density_preserving,13000,-3.423966666666667,0.95625,0.000959,1000,16000,16,10,160,e273c8ef07f45e6b8d788fcd9200e3cdb8a2c2d8,742ca77d888656ad8bef598c19c64970034574038d720df6054167dd41c2715c,results/reviewer1_remaining/support_development/execution/raw.csv.gz
ApplicationNavigation-support-estimator-development,gaussian_density_s4,gaussian_density,regularized_gaussian_density,raw_state,s4,9,2.0,2.0,0.1,auto,brute_force_density_preserving,13001,-2.7627333333333337,0.95,0.00103065,1000,16000,16,10,160,e273c8ef07f45e6b8d788fcd9200e3cdb8a2c2d8,742ca77d888656ad8bef598c19c64970034574038d720df6054167dd41c2715c,results/reviewer1_remaining/support_development/execution/raw.csv.gz
ApplicationNavigation-support-estimator-development,gaussian_density_s4,gaussian_density,regularized_gaussian_density,raw_state,s4,9,2.0,2.0,0.1,auto,brute_force_density_preserving,13002,-3.349,0.95625,0.0009256500000000001,1000,16000,16,10,160,e273c8ef07f45e6b8d788fcd9200e3cdb8a2c2d8,742ca77d888656ad8bef598c19c64970034574038d720df6054167dd41c2715c,results/reviewer1_remaining/support_development/execution/raw.csv.gz
ApplicationNavigation-support-estimator-development,gaussian_density_s4,gaussian_density,regularized_gaussian_density,raw_state,s4,9,2.0,2.0,0.1,auto,brute_force_density_preserving,13003,-3.7533666666666656,0.95625,0.00108515,1000,16000,16,10,160,e273c8ef07f45e6b8d788fcd9200e3cdb8a2c2d8,742ca77d888656ad8bef598c19c64970034574038d720df6054167dd41c2715c,results/reviewer1_remaining/support_development/execution/raw.csv.gz
ApplicationNavigation-support-estimator-development,gaussian_density_s4,gaussian_density,regularized_gaussian_density,raw_state,s4,9,2.0,2.0,0.1,auto,brute_force_density_preserving,13004,-21.584666666666667,0.88125,0.00101225,1000,16000,16,10,160,e273c8ef07f45e6b8d788fcd9200e3cdb8a2c2d8,742ca77d888656ad8bef598c19c64970034574038d720df6054167dd41c2715c,results/reviewer1_remaining/support_development/execution/raw.csv.gz
Reviewer1-transition-dynamics-support-estimator-development,gaussian_density_s4,gaussian_density,regularized_gaussian_density,raw_state,s4,9,2.0,2.0,0.1,auto,brute_force_density_preserving,13000,-2.3395666666666672,0.85,0.00165,1000,16000,16,10,160,e273c8ef07f45e6b8d788fcd9200e3cdb8a2c2d8,742ca77d888656ad8bef598c19c64970034574038d720df6054167dd41c2715c,results/reviewer1_remaining/support_development/execution/raw.csv.gz
Reviewer1-transition-dynamics-support-estimator-development,gaussian_density_s4,gaussian_density,regularized_gaussian_density,raw_state,s4,9,2.0,2.0,0.1,auto,brute_force_density_preserving,13001,-2.3549666666666673,0.8625,0.0015907500000000001,1000,16000,16,10,160,e273c8ef07f45e6b8d788fcd9200e3cdb8a2c2d8,742ca77d888656ad8bef598c19c64970034574038d720df6054167dd41c2715c,results/reviewer1_remaining/support_development/execution/raw.csv.gz
Reviewer1-transition-dynamics-support-estimator-development,gaussian_density_s4,gaussian_density,regularized_gaussian_density,raw_state,s4,9,2.0,2.0,0.1,auto,brute_force_density_preserving,13002,-2.337566666666667,0.88125,0.0016596,1000,16000,16,10,160,e273c8ef07f45e6b8d788fcd9200e3cdb8a2c2d8,742ca77d888656ad8bef598c19c64970034574038d720df6054167dd41c2715c,results/reviewer1_remaining/support_development/execution/raw.csv.gz
Reviewer1-transition-dynamics-support-estimator-development,gaussian_density_s4,gaussian_density,regularized_gaussian_density,raw_state,s4,9,2.0,2.0,0.1,auto,brute_force_density_preserving,13003,-2.3800000000000003,0.875,0.0015562,1000,16000,16,10,160,e273c8ef07f45e6b8d788fcd9200e3cdb8a2c2d8,742ca77d888656ad8bef598c19c64970034574038d720df6054167dd41c2715c,results/reviewer1_remaining/support_development/execution/raw.csv.gz
Reviewer1-transition-dynamics-support-estimator-development,gaussian_density_s4,gaussian_density,regularized_gaussian_density,raw_state,s4,9,2.0,2.0,0.1,auto,brute_force_density_preserving,13004,-2.279266666666667,0.8625,0.00150695,1000,16000,16,10,160,e273c8ef07f45e6b8d788fcd9200e3cdb8a2c2d8,742ca77d888656ad8bef598c19c64970034574038d720df6054167dd41c2715c,results/reviewer1_remaining/support_development/execution/raw.csv.gz
ApplicationNavigation-support-estimator-development,mahalanobis_s1,mahalanobis,regularized_mahalanobis,raw_state,s1,3,0.25,1.0,0.0001,brute_force,brute_force_metric_preserving,13000,-5.777466666666666,0.68125,0.0009261,1000,16000,16,10,160,e273c8ef07f45e6b8d788fcd9200e3cdb8a2c2d8,742ca77d888656ad8bef598c19c64970034574038d720df6054167dd41c2715c,results/reviewer1_remaining/support_development/execution/raw.csv.gz
ApplicationNavigation-support-estimator-development,mahalanobis_s1,mahalanobis,regularized_mahalanobis,raw_state,s1,3,0.25,1.0,0.0001,brute_force,brute_force_metric_preserving,13001,-3.012366666666667,0.6875,0.0008858,1000,16000,16,10,160,e273c8ef07f45e6b8d788fcd9200e3cdb8a2c2d8,742ca77d888656ad8bef598c19c64970034574038d720df6054167dd41c2715c,results/reviewer1_remaining/support_development/execution/raw.csv.gz
ApplicationNavigation-support-estimator-development,mahalanobis_s1,mahalanobis,regularized_mahalanobis,raw_state,s1,3,0.25,1.0,0.0001,brute_force,brute_force_metric_preserving,13002,-2.1809333333333343,0.69375,0.0009316999999999999,1000,16000,16,10,160,e273c8ef07f45e6b8d788fcd9200e3cdb8a2c2d8,742ca77d888656ad8bef598c19c64970034574038d720df6054167dd41c2715c,results/reviewer1_remaining/support_development/execution/raw.csv.gz
ApplicationNavigation-support-estimator-development,mahalanobis_s1,mahalanobis,regularized_mahalanobis,raw_state,s1,3,0.25,1.0,0.0001,brute_force,brute_force_metric_preserving,13003,-3.8834333333333335,0.69375,0.00086995,1000,16000,16,10,160,e273c8ef07f45e6b8d788fcd9200e3cdb8a2c2d8,742ca77d888656ad8bef598c19c64970034574038d720df6054167dd41c2715c,results/reviewer1_remaining/support_development/execution/raw.csv.gz
ApplicationNavigation-support-estimator-development,mahalanobis_s1,mahalanobis,regularized_mahalanobis,raw_state,s1,3,0.25,1.0,0.0001,brute_force,brute_force_metric_preserving,13004,-1.5532333333333335,0.79375,0.0008881,1000,16000,16,10,160,e273c8ef07f45e6b8d788fcd9200e3cdb8a2c2d8,742ca77d888656ad8bef598c19c64970034574038d720df6054167dd41c2715c,results/reviewer1_remaining/support_development/execution/raw.csv.gz
Reviewer1-transition-dynamics-support-estimator-development,mahalanobis_s1,mahalanobis,regularized_mahalanobis,raw_state,s1,3,0.25,1.0,0.0001,brute_force,brute_force_metric_preserving,13000,-1.8465333333333338,0.70625,0.00455195,1000,16000,16,10,160,e273c8ef07f45e6b8d788fcd9200e3cdb8a2c2d8,742ca77d888656ad8bef598c19c64970034574038d720df6054167dd41c2715c,results/reviewer1_remaining/support_development/execution/raw.csv.gz
Reviewer1-transition-dynamics-support-estimator-development,mahalanobis_s1,mahalanobis,regularized_mahalanobis,raw_state,s1,3,0.25,1.0,0.0001,brute_force,brute_force_metric_preserving,13001,-1.9668333333333339,0.75,0.00375145,1000,16000,16,10,160,e273c8ef07f45e6b8d788fcd9200e3cdb8a2c2d8,742ca77d888656ad8bef598c19c64970034574038d720df6054167dd41c2715c,results/reviewer1_remaining/support_development/execution/raw.csv.gz
Reviewer1-transition-dynamics-support-estimator-development,mahalanobis_s1,mahalanobis,regularized_mahalanobis,raw_state,s1,3,0.25,1.0,0.0001,brute_force,brute_force_metric_preserving,13002,-1.9902666666666673,0.76875,0.0038454,1000,16000,16,10,160,e273c8ef07f45e6b8d788fcd9200e3cdb8a2c2d8,742ca77d888656ad8bef598c19c64970034574038d720df6054167dd41c2715c,results/reviewer1_remaining/support_development/execution/raw.csv.gz
Reviewer1-transition-dynamics-support-estimator-development,mahalanobis_s1,mahalanobis,regularized_mahalanobis,raw_state,s1,3,0.25,1.0,0.0001,brute_force,brute_force_metric_preserving,13003,-1.9808000000000006,0.74375,0.0041204,1000,16000,16,10,160,e273c8ef07f45e6b8d788fcd9200e3cdb8a2c2d8,742ca77d888656ad8bef598c19c64970034574038d720df6054167dd41c2715c,results/reviewer1_remaining/support_development/execution/raw.csv.gz
Reviewer1-transition-dynamics-support-estimator-development,mahalanobis_s1,mahalanobis,regularized_mahalanobis,raw_state,s1,3,0.25,1.0,0.0001,brute_force,brute_force_metric_preserving,13004,-1.8975333333333337,0.7375,0.00475145,1000,16000,16,10,160,e273c8ef07f45e6b8d788fcd9200e3cdb8a2c2d8,742ca77d888656ad8bef598c19c64970034574038d720df6054167dd41c2715c,results/reviewer1_remaining/support_development/execution/raw.csv.gz
ApplicationNavigation-support-estimator-development,mahalanobis_s2,mahalanobis,regularized_mahalanobis,raw_state,s2,5,0.5,4.0,0.001,auto,brute_force_metric_preserving,13000,-5.4597,0.84375,0.00093665,1000,16000,16,10,160,e273c8ef07f45e6b8d788fcd9200e3cdb8a2c2d8,742ca77d888656ad8bef598c19c64970034574038d720df6054167dd41c2715c,results/reviewer1_remaining/support_development/execution/raw.csv.gz
ApplicationNavigation-support-estimator-development,mahalanobis_s2,mahalanobis,regularized_mahalanobis,raw_state,s2,5,0.5,4.0,0.001,auto,brute_force_metric_preserving,13001,-3.1207666666666674,0.7625,0.0008560499999999999,1000,16000,16,10,160,e273c8ef07f45e6b8d788fcd9200e3cdb8a2c2d8,742ca77d888656ad8bef598c19c64970034574038d720df6054167dd41c2715c,results/reviewer1_remaining/support_development/execution/raw.csv.gz
ApplicationNavigation-support-estimator-development,mahalanobis_s2,mahalanobis,regularized_mahalanobis,raw_state,s2,5,0.5,4.0,0.001,auto,brute_force_metric_preserving,13002,-1.8347666666666669,0.78125,0.0008933,1000,16000,16,10,160,e273c8ef07f45e6b8d788fcd9200e3cdb8a2c2d8,742ca77d888656ad8bef598c19c64970034574038d720df6054167dd41c2715c,results/reviewer1_remaining/support_development/execution/raw.csv.gz
ApplicationNavigation-support-estimator-development,mahalanobis_s2,mahalanobis,regularized_mahalanobis,raw_state,s2,5,0.5,4.0,0.001,auto,brute_force_metric_preserving,13003,-4.074333333333333,0.80625,0.0009503999999999999,1000,16000,16,10,160,e273c8ef07f45e6b8d788fcd9200e3cdb8a2c2d8,742ca77d888656ad8bef598c19c64970034574038d720df6054167dd41c2715c,results/reviewer1_remaining/support_development/execution/raw.csv.gz
ApplicationNavigation-support-estimator-development,mahalanobis_s2,mahalanobis,regularized_mahalanobis,raw_state,s2,5,0.5,4.0,0.001,auto,brute_force_metric_preserving,13004,-1.5369333333333335,0.76875,0.0009307499999999999,1000,16000,16,10,160,e273c8ef07f45e6b8d788fcd9200e3cdb8a2c2d8,742ca77d888656ad8bef598c19c64970034574038d720df6054167dd41c2715c,results/reviewer1_remaining/support_development/execution/raw.csv.gz
Reviewer1-transition-dynamics-support-estimator-development,mahalanobis_s2,mahalanobis,regularized_mahalanobis,raw_state,s2,5,0.5,4.0,0.001,auto,brute_force_metric_preserving,13000,-2.041833333333334,0.75,0.00395885,1000,16000,16,10,160,e273c8ef07f45e6b8d788fcd9200e3cdb8a2c2d8,742ca77d888656ad8bef598c19c64970034574038d720df6054167dd41c2715c,results/reviewer1_remaining/support_development/execution/raw.csv.gz
Reviewer1-transition-dynamics-support-estimator-development,mahalanobis_s2,mahalanobis,regularized_mahalanobis,raw_state,s2,5,0.5,4.0,0.001,auto,brute_force_metric_preserving,13001,-2.2543000000000006,0.83125,0.0037136499999999998,1000,16000,16,10,160,e273c8ef07f45e6b8d788fcd9200e3cdb8a2c2d8,742ca77d888656ad8bef598c19c64970034574038d720df6054167dd41c2715c,results/reviewer1_remaining/support_development/execution/raw.csv.gz
Reviewer1-transition-dynamics-support-estimator-development,mahalanobis_s2,mahalanobis,regularized_mahalanobis,raw_state,s2,5,0.5,4.0,0.001,auto,brute_force_metric_preserving,13002,-1.9673000000000007,0.74375,0.00467595,1000,16000,16,10,160,e273c8ef07f45e6b8d788fcd9200e3cdb8a2c2d8,742ca77d888656ad8bef598c19c64970034574038d720df6054167dd41c2715c,results/reviewer1_remaining/support_development/execution/raw.csv.gz
Reviewer1-transition-dynamics-support-estimator-development,mahalanobis_s2,mahalanobis,regularized_mahalanobis,raw_state,s2,5,0.5,4.0,0.001,auto,brute_force_metric_preserving,13003,-1.6371000000000004,0.66875,0.0038181,1000,16000,16,10,160,e273c8ef07f45e6b8d788fcd9200e3cdb8a2c2d8,742ca77d888656ad8bef598c19c64970034574038d720df6054167dd41c2715c,results/reviewer1_remaining/support_development/execution/raw.csv.gz
Reviewer1-transition-dynamics-support-estimator-development,mahalanobis_s2,mahalanobis,regularized_mahalanobis,raw_state,s2,5,0.5,4.0,0.001,auto,brute_force_metric_preserving,13004,-1.8993000000000004,0.70625,0.00476655,1000,16000,16,10,160,e273c8ef07f45e6b8d788fcd9200e3cdb8a2c2d8,742ca77d888656ad8bef598c19c64970034574038d720df6054167dd41c2715c,results/reviewer1_remaining/support_development/execution/raw.csv.gz
ApplicationNavigation-support-estimator-development,mahalanobis_s3,mahalanobis,regularized_mahalanobis,raw_state,s3,7,1.0,8.0,0.01,brute_force,brute_force_metric_preserving,13000,-6.221733333333331,0.8125,0.0008813499999999999,1000,16000,16,10,160,e273c8ef07f45e6b8d788fcd9200e3cdb8a2c2d8,742ca77d888656ad8bef598c19c64970034574038d720df6054167dd41c2715c,results/reviewer1_remaining/support_development/execution/raw.csv.gz
ApplicationNavigation-support-estimator-development,mahalanobis_s3,mahalanobis,regularized_mahalanobis,raw_state,s3,7,1.0,8.0,0.01,brute_force,brute_force_metric_preserving,13001,-2.9788,0.8125,0.0009471,1000,16000,16,10,160,e273c8ef07f45e6b8d788fcd9200e3cdb8a2c2d8,742ca77d888656ad8bef598c19c64970034574038d720df6054167dd41c2715c,results/reviewer1_remaining/support_development/execution/raw.csv.gz
ApplicationNavigation-support-estimator-development,mahalanobis_s3,mahalanobis,regularized_mahalanobis,raw_state,s3,7,1.0,8.0,0.01,brute_force,brute_force_metric_preserving,13002,-2.7968,0.88125,0.00088605,1000,16000,16,10,160,e273c8ef07f45e6b8d788fcd9200e3cdb8a2c2d8,742ca77d888656ad8bef598c19c64970034574038d720df6054167dd41c2715c,results/reviewer1_remaining/support_development/execution/raw.csv.gz
ApplicationNavigation-support-estimator-development,mahalanobis_s3,mahalanobis,regularized_mahalanobis,raw_state,s3,7,1.0,8.0,0.01,brute_force,brute_force_metric_preserving,13003,-2.9947999999999992,0.75,0.0010057,1000,16000,16,10,160,e273c8ef07f45e6b8d788fcd9200e3cdb8a2c2d8,742ca77d888656ad8bef598c19c64970034574038d720df6054167dd41c2715c,results/reviewer1_remaining/support_development/execution/raw.csv.gz
ApplicationNavigation-support-estimator-development,mahalanobis_s3,mahalanobis,regularized_mahalanobis,raw_state,s3,7,1.0,8.0,0.01,brute_force,brute_force_metric_preserving,13004,-2.143766666666666,0.81875,0.0009198,1000,16000,16,10,160,e273c8ef07f45e6b8d788fcd9200e3cdb8a2c2d8,742ca77d888656ad8bef598c19c64970034574038d720df6054167dd41c2715c,results/reviewer1_remaining/support_development/execution/raw.csv.gz
Reviewer1-transition-dynamics-support-estimator-development,mahalanobis_s3,mahalanobis,regularized_mahalanobis,raw_state,s3,7,1.0,8.0,0.01,brute_force,brute_force_metric_preserving,13000,-2.023366666666667,0.74375,0.0043146,1000,16000,16,10,160,e273c8ef07f45e6b8d788fcd9200e3cdb8a2c2d8,742ca77d888656ad8bef598c19c64970034574038d720df6054167dd41c2715c,results/reviewer1_remaining/support_development/execution/raw.csv.gz
Reviewer1-transition-dynamics-support-estimator-development,mahalanobis_s3,mahalanobis,regularized_mahalanobis,raw_state,s3,7,1.0,8.0,0.01,brute_force,brute_force_metric_preserving,13001,-2.150966666666667,0.7625,0.00437765,1000,16000,16,10,160,e273c8ef07f45e6b8d788fcd9200e3cdb8a2c2d8,742ca77d888656ad8bef598c19c64970034574038d720df6054167dd41c2715c,results/reviewer1_remaining/support_development/execution/raw.csv.gz
Reviewer1-transition-dynamics-support-estimator-development,mahalanobis_s3,mahalanobis,regularized_mahalanobis,raw_state,s3,7,1.0,8.0,0.01,brute_force,brute_force_metric_preserving,13002,-2.1998666666666677,0.80625,0.00381715,1000,16000,16,10,160,e273c8ef07f45e6b8d788fcd9200e3cdb8a2c2d8,742ca77d888656ad8bef598c19c64970034574038d720df6054167dd41c2715c,results/reviewer1_remaining/support_development/execution/raw.csv.gz
Reviewer1-transition-dynamics-support-estimator-development,mahalanobis_s3,mahalanobis,regularized_mahalanobis,raw_state,s3,7,1.0,8.0,0.01,brute_force,brute_force_metric_preserving,13003,-1.8267000000000004,0.7125,0.0039944,1000,16000,16,10,160,e273c8ef07f45e6b8d788fcd9200e3cdb8a2c2d8,742ca77d888656ad8bef598c19c64970034574038d720df6054167dd41c2715c,results/reviewer1_remaining/support_development/execution/raw.csv.gz
Reviewer1-transition-dynamics-support-estimator-development,mahalanobis_s3,mahalanobis,regularized_mahalanobis,raw_state,s3,7,1.0,8.0,0.01,brute_force,brute_force_metric_preserving,13004,-1.9432333333333338,0.71875,0.0043004,1000,16000,16,10,160,e273c8ef07f45e6b8d788fcd9200e3cdb8a2c2d8,742ca77d888656ad8bef598c19c64970034574038d720df6054167dd41c2715c,results/reviewer1_remaining/support_development/execution/raw.csv.gz
ApplicationNavigation-support-estimator-development,mahalanobis_s4,mahalanobis,regularized_mahalanobis,raw_state,s4,9,2.0,2.0,0.1,auto,brute_force_metric_preserving,13000,-6.898066666666666,0.73125,0.0009061500000000001,1000,16000,16,10,160,e273c8ef07f45e6b8d788fcd9200e3cdb8a2c2d8,742ca77d888656ad8bef598c19c64970034574038d720df6054167dd41c2715c,results/reviewer1_remaining/support_development/execution/raw.csv.gz
ApplicationNavigation-support-estimator-development,mahalanobis_s4,mahalanobis,regularized_mahalanobis,raw_state,s4,9,2.0,2.0,0.1,auto,brute_force_metric_preserving,13001,-4.6479,0.8375,0.0009839,1000,16000,16,10,160,e273c8ef07f45e6b8d788fcd9200e3cdb8a2c2d8,742ca77d888656ad8bef598c19c64970034574038d720df6054167dd41c2715c,results/reviewer1_remaining/support_development/execution/raw.csv.gz
ApplicationNavigation-support-estimator-development,mahalanobis_s4,mahalanobis,regularized_mahalanobis,raw_state,s4,9,2.0,2.0,0.1,auto,brute_force_metric_preserving,13002,-3.4038666666666666,0.80625,0.0009040000000000001,1000,16000,16,10,160,e273c8ef07f45e6b8d788fcd9200e3cdb8a2c2d8,742ca77d888656ad8bef598c19c64970034574038d720df6054167dd41c2715c,results/reviewer1_remaining/support_development/execution/raw.csv.gz
ApplicationNavigation-support-estimator-development,mahalanobis_s4,mahalanobis,regularized_mahalanobis,raw_state,s4,9,2.0,2.0,0.1,auto,brute_force_metric_preserving,13003,-3.7911999999999995,0.76875,0.0009374,1000,16000,16,10,160,e273c8ef07f45e6b8d788fcd9200e3cdb8a2c2d8,742ca77d888656ad8bef598c19c64970034574038d720df6054167dd41c2715c,results/reviewer1_remaining/support_development/execution/raw.csv.gz
ApplicationNavigation-support-estimator-development,mahalanobis_s4,mahalanobis,regularized_mahalanobis,raw_state,s4,9,2.0,2.0,0.1,auto,brute_force_metric_preserving,13004,-5.262866666666666,0.75,0.00105605,1000,16000,16,10,160,e273c8ef07f45e6b8d788fcd9200e3cdb8a2c2d8,742ca77d888656ad8bef598c19c64970034574038d720df6054167dd41c2715c,results/reviewer1_remaining/support_development/execution/raw.csv.gz
Reviewer1-transition-dynamics-support-estimator-development,mahalanobis_s4,mahalanobis,regularized_mahalanobis,raw_state,s4,9,2.0,2.0,0.1,auto,brute_force_metric_preserving,13000,-1.7598000000000005,0.65625,0.0047355999999999995,1000,16000,16,10,160,e273c8ef07f45e6b8d788fcd9200e3cdb8a2c2d8,742ca77d888656ad8bef598c19c64970034574038d720df6054167dd41c2715c,results/reviewer1_remaining/support_development/execution/raw.csv.gz
Reviewer1-transition-dynamics-support-estimator-development,mahalanobis_s4,mahalanobis,regularized_mahalanobis,raw_state,s4,9,2.0,2.0,0.1,auto,brute_force_metric_preserving,13001,-2.2233000000000005,0.8375,0.00410625,1000,16000,16,10,160,e273c8ef07f45e6b8d788fcd9200e3cdb8a2c2d8,742ca77d888656ad8bef598c19c64970034574038d720df6054167dd41c2715c,results/reviewer1_remaining/support_development/execution/raw.csv.gz
Reviewer1-transition-dynamics-support-estimator-development,mahalanobis_s4,mahalanobis,regularized_mahalanobis,raw_state,s4,9,2.0,2.0,0.1,auto,brute_force_metric_preserving,13002,-1.798466666666667,0.725,0.00382025,1000,16000,16,10,160,e273c8ef07f45e6b8d788fcd9200e3cdb8a2c2d8,742ca77d888656ad8bef598c19c64970034574038d720df6054167dd41c2715c,results/reviewer1_remaining/support_development/execution/raw.csv.gz
Reviewer1-transition-dynamics-support-estimator-development,mahalanobis_s4,mahalanobis,regularized_mahalanobis,raw_state,s4,9,2.0,2.0,0.1,auto,brute_force_metric_preserving,13003,-1.5685000000000004,0.675,0.003993099999999999,1000,16000,16,10,160,e273c8ef07f45e6b8d788fcd9200e3cdb8a2c2d8,742ca77d888656ad8bef598c19c64970034574038d720df6054167dd41c2715c,results/reviewer1_remaining/support_development/execution/raw.csv.gz
Reviewer1-transition-dynamics-support-estimator-development,mahalanobis_s4,mahalanobis,regularized_mahalanobis,raw_state,s4,9,2.0,2.0,0.1,auto,brute_force_metric_preserving,13004,-1.5429333333333337,0.65,0.0045800500000000004,1000,16000,16,10,160,e273c8ef07f45e6b8d788fcd9200e3cdb8a2c2d8,742ca77d888656ad8bef598c19c64970034574038d720df6054167dd41c2715c,results/reviewer1_remaining/support_development/execution/raw.csv.gz
ApplicationNavigation-support-estimator-development,raw_normalized_s1,raw_normalized,gaussian_affinity,raw_state,s1,3,0.25,1.0,0.0001,brute_force,brute_force,13000,-3.9737666666666667,0.64375,0.00044605000000000003,1000,16000,16,10,160,e273c8ef07f45e6b8d788fcd9200e3cdb8a2c2d8,742ca77d888656ad8bef598c19c64970034574038d720df6054167dd41c2715c,results/reviewer1_remaining/support_development/execution/raw.csv.gz
ApplicationNavigation-support-estimator-development,raw_normalized_s1,raw_normalized,gaussian_affinity,raw_state,s1,3,0.25,1.0,0.0001,brute_force,brute_force,13001,-1.4801666666666673,0.70625,0.00044380000000000005,1000,16000,16,10,160,e273c8ef07f45e6b8d788fcd9200e3cdb8a2c2d8,742ca77d888656ad8bef598c19c64970034574038d720df6054167dd41c2715c,results/reviewer1_remaining/support_development/execution/raw.csv.gz
ApplicationNavigation-support-estimator-development,raw_normalized_s1,raw_normalized,gaussian_affinity,raw_state,s1,3,0.25,1.0,0.0001,brute_force,brute_force,13002,-1.6493000000000004,0.8125,0.00045905,1000,16000,16,10,160,e273c8ef07f45e6b8d788fcd9200e3cdb8a2c2d8,742ca77d888656ad8bef598c19c64970034574038d720df6054167dd41c2715c,results/reviewer1_remaining/support_development/execution/raw.csv.gz
ApplicationNavigation-support-estimator-development,raw_normalized_s1,raw_normalized,gaussian_affinity,raw_state,s1,3,0.25,1.0,0.0001,brute_force,brute_force,13003,-3.248533333333334,0.7125,0.00043975,1000,16000,16,10,160,e273c8ef07f45e6b8d788fcd9200e3cdb8a2c2d8,742ca77d888656ad8bef598c19c64970034574038d720df6054167dd41c2715c,results/reviewer1_remaining/support_development/execution/raw.csv.gz
ApplicationNavigation-support-estimator-development,raw_normalized_s1,raw_normalized,gaussian_affinity,raw_state,s1,3,0.25,1.0,0.0001,brute_force,brute_force,13004,-2.032166666666667,0.8,0.00044865,1000,16000,16,10,160,e273c8ef07f45e6b8d788fcd9200e3cdb8a2c2d8,742ca77d888656ad8bef598c19c64970034574038d720df6054167dd41c2715c,results/reviewer1_remaining/support_development/execution/raw.csv.gz
Reviewer1-transition-dynamics-support-estimator-development,raw_normalized_s1,raw_normalized,gaussian_affinity,raw_state,s1,3,0.25,1.0,0.0001,brute_force,brute_force,13000,-1.9316333333333338,0.75625,0.0032232,1000,16000,16,10,160,e273c8ef07f45e6b8d788fcd9200e3cdb8a2c2d8,742ca77d888656ad8bef598c19c64970034574038d720df6054167dd41c2715c,results/reviewer1_remaining/support_development/execution/raw.csv.gz
Reviewer1-transition-dynamics-support-estimator-development,raw_normalized_s1,raw_normalized,gaussian_affinity,raw_state,s1,3,0.25,1.0,0.0001,brute_force,brute_force,13001,-2.0817333333333337,0.8,0.0031501000000000003,1000,16000,16,10,160,e273c8ef07f45e6b8d788fcd9200e3cdb8a2c2d8,742ca77d888656ad8bef598c19c64970034574038d720df6054167dd41c2715c,results/reviewer1_remaining/support_development/execution/raw.csv.gz
Reviewer1-transition-dynamics-support-estimator-development,raw_normalized_s1,raw_normalized,gaussian_affinity,raw_state,s1,3,0.25,1.0,0.0001,brute_force,brute_force,13002,-2.066933333333334,0.78125,0.00332315,1000,16000,16,10,160,e273c8ef07f45e6b8d788fcd9200e3cdb8a2c2d8,742ca77d888656ad8bef598c19c64970034574038d720df6054167dd41c2715c,results/reviewer1_remaining/support_development/execution/raw.csv.gz
Reviewer1-transition-dynamics-support-estimator-development,raw_normalized_s1,raw_normalized,gaussian_affinity,raw_state,s1,3,0.25,1.0,0.0001,brute_force,brute_force,13003,-1.6606333333333338,0.65,0.0036971,1000,16000,16,10,160,e273c8ef07f45e6b8d788fcd9200e3cdb8a2c2d8,742ca77d888656ad8bef598c19c64970034574038d720df6054167dd41c2715c,results/reviewer1_remaining/support_development/execution/raw.csv.gz
Reviewer1-transition-dynamics-support-estimator-development,raw_normalized_s1,raw_normalized,gaussian_affinity,raw_state,s1,3,0.25,1.0,0.0001,brute_force,brute_force,13004,-1.6984666666666672,0.66875,0.00294085,1000,16000,16,10,160,e273c8ef07f45e6b8d788fcd9200e3cdb8a2c2d8,742ca77d888656ad8bef598c19c64970034574038d720df6054167dd41c2715c,results/reviewer1_remaining/support_development/execution/raw.csv.gz
ApplicationNavigation-support-estimator-development,raw_normalized_s2,raw_normalized,gaussian_affinity,raw_state,s2,5,0.5,4.0,0.001,auto,auto,13000,-3.2888999999999995,0.7125,0.0007795,1000,16000,16,10,160,e273c8ef07f45e6b8d788fcd9200e3cdb8a2c2d8,742ca77d888656ad8bef598c19c64970034574038d720df6054167dd41c2715c,results/reviewer1_remaining/support_development/execution/raw.csv.gz
ApplicationNavigation-support-estimator-development,raw_normalized_s2,raw_normalized,gaussian_affinity,raw_state,s2,5,0.5,4.0,0.001,auto,auto,13001,-2.4158999999999997,0.81875,0.0007352,1000,16000,16,10,160,e273c8ef07f45e6b8d788fcd9200e3cdb8a2c2d8,742ca77d888656ad8bef598c19c64970034574038d720df6054167dd41c2715c,results/reviewer1_remaining/support_development/execution/raw.csv.gz
ApplicationNavigation-support-estimator-development,raw_normalized_s2,raw_normalized,gaussian_affinity,raw_state,s2,5,0.5,4.0,0.001,auto,auto,13002,-1.8555666666666668,0.7625,0.0006629,1000,16000,16,10,160,e273c8ef07f45e6b8d788fcd9200e3cdb8a2c2d8,742ca77d888656ad8bef598c19c64970034574038d720df6054167dd41c2715c,results/reviewer1_remaining/support_development/execution/raw.csv.gz
ApplicationNavigation-support-estimator-development,raw_normalized_s2,raw_normalized,gaussian_affinity,raw_state,s2,5,0.5,4.0,0.001,auto,auto,13003,-2.3170666666666664,0.79375,0.0006898500000000001,1000,16000,16,10,160,e273c8ef07f45e6b8d788fcd9200e3cdb8a2c2d8,742ca77d888656ad8bef598c19c64970034574038d720df6054167dd41c2715c,results/reviewer1_remaining/support_development/execution/raw.csv.gz
ApplicationNavigation-support-estimator-development,raw_normalized_s2,raw_normalized,gaussian_affinity,raw_state,s2,5,0.5,4.0,0.001,auto,auto,13004,-2.4333666666666667,0.84375,0.0006824,1000,16000,16,10,160,e273c8ef07f45e6b8d788fcd9200e3cdb8a2c2d8,742ca77d888656ad8bef598c19c64970034574038d720df6054167dd41c2715c,results/reviewer1_remaining/support_development/execution/raw.csv.gz
Reviewer1-transition-dynamics-support-estimator-development,raw_normalized_s2,raw_normalized,gaussian_affinity,raw_state,s2,5,0.5,4.0,0.001,auto,auto,13000,-1.993333333333334,0.7375,0.00362955,1000,16000,16,10,160,e273c8ef07f45e6b8d788fcd9200e3cdb8a2c2d8,742ca77d888656ad8bef598c19c64970034574038d720df6054167dd41c2715c,results/reviewer1_remaining/support_development/execution/raw.csv.gz
Reviewer1-transition-dynamics-support-estimator-development,raw_normalized_s2,raw_normalized,gaussian_affinity,raw_state,s2,5,0.5,4.0,0.001,auto,auto,13001,-2.125466666666667,0.80625,0.00361445,1000,16000,16,10,160,e273c8ef07f45e6b8d788fcd9200e3cdb8a2c2d8,742ca77d888656ad8bef598c19c64970034574038d720df6054167dd41c2715c,results/reviewer1_remaining/support_development/execution/raw.csv.gz
Reviewer1-transition-dynamics-support-estimator-development,raw_normalized_s2,raw_normalized,gaussian_affinity,raw_state,s2,5,0.5,4.0,0.001,auto,auto,13002,-1.9616000000000005,0.75625,0.0039120000000000005,1000,16000,16,10,160,e273c8ef07f45e6b8d788fcd9200e3cdb8a2c2d8,742ca77d888656ad8bef598c19c64970034574038d720df6054167dd41c2715c,results/reviewer1_remaining/support_development/execution/raw.csv.gz
Reviewer1-transition-dynamics-support-estimator-development,raw_normalized_s2,raw_normalized,gaussian_affinity,raw_state,s2,5,0.5,4.0,0.001,auto,auto,13003,-1.7886000000000004,0.7,0.0048509,1000,16000,16,10,160,e273c8ef07f45e6b8d788fcd9200e3cdb8a2c2d8,742ca77d888656ad8bef598c19c64970034574038d720df6054167dd41c2715c,results/reviewer1_remaining/support_development/execution/raw.csv.gz
Reviewer1-transition-dynamics-support-estimator-development,raw_normalized_s2,raw_normalized,gaussian_affinity,raw_state,s2,5,0.5,4.0,0.001,auto,auto,13004,-1.9623666666666675,0.73125,0.004028449999999999,1000,16000,16,10,160,e273c8ef07f45e6b8d788fcd9200e3cdb8a2c2d8,742ca77d888656ad8bef598c19c64970034574038d720df6054167dd41c2715c,results/reviewer1_remaining/support_development/execution/raw.csv.gz
ApplicationNavigation-support-estimator-development,raw_normalized_s3,raw_normalized,gaussian_affinity,raw_state,s3,7,1.0,8.0,0.01,brute_force,brute_force,13000,-5.822033333333333,0.725,0.00043035,1000,16000,16,10,160,e273c8ef07f45e6b8d788fcd9200e3cdb8a2c2d8,742ca77d888656ad8bef598c19c64970034574038d720df6054167dd41c2715c,results/reviewer1_remaining/support_development/execution/raw.csv.gz
ApplicationNavigation-support-estimator-development,raw_normalized_s3,raw_normalized,gaussian_affinity,raw_state,s3,7,1.0,8.0,0.01,brute_force,brute_force,13001,-3.5312333333333332,0.8,0.00046135,1000,16000,16,10,160,e273c8ef07f45e6b8d788fcd9200e3cdb8a2c2d8,742ca77d888656ad8bef598c19c64970034574038d720df6054167dd41c2715c,results/reviewer1_remaining/support_development/execution/raw.csv.gz
ApplicationNavigation-support-estimator-development,raw_normalized_s3,raw_normalized,gaussian_affinity,raw_state,s3,7,1.0,8.0,0.01,brute_force,brute_force,13002,-2.564333333333334,0.8875,0.0004782,1000,16000,16,10,160,e273c8ef07f45e6b8d788fcd9200e3cdb8a2c2d8,742ca77d888656ad8bef598c19c64970034574038d720df6054167dd41c2715c,results/reviewer1_remaining/support_development/execution/raw.csv.gz
ApplicationNavigation-support-estimator-development,raw_normalized_s3,raw_normalized,gaussian_affinity,raw_state,s3,7,1.0,8.0,0.01,brute_force,brute_force,13003,-3.1169333333333333,0.75625,0.0004344,1000,16000,16,10,160,e273c8ef07f45e6b8d788fcd9200e3cdb8a2c2d8,742ca77d888656ad8bef598c19c64970034574038d720df6054167dd41c2715c,results/reviewer1_remaining/support_development/execution/raw.csv.gz
ApplicationNavigation-support-estimator-development,raw_normalized_s3,raw_normalized,gaussian_affinity,raw_state,s3,7,1.0,8.0,0.01,brute_force,brute_force,13004,-2.238266666666666,0.84375,0.0004947,1000,16000,16,10,160,e273c8ef07f45e6b8d788fcd9200e3cdb8a2c2d8,742ca77d888656ad8bef598c19c64970034574038d720df6054167dd41c2715c,results/reviewer1_remaining/support_development/execution/raw.csv.gz
Reviewer1-transition-dynamics-support-estimator-development,raw_normalized_s3,raw_normalized,gaussian_affinity,raw_state,s3,7,1.0,8.0,0.01,brute_force,brute_force,13000,-1.9408666666666672,0.7375,0.0032570000000000003,1000,16000,16,10,160,e273c8ef07f45e6b8d788fcd9200e3cdb8a2c2d8,742ca77d888656ad8bef598c19c64970034574038d720df6054167dd41c2715c,results/reviewer1_remaining/support_development/execution/raw.csv.gz
Reviewer1-transition-dynamics-support-estimator-development,raw_normalized_s3,raw_normalized,gaussian_affinity,raw_state,s3,7,1.0,8.0,0.01,brute_force,brute_force,13001,-2.1261000000000005,0.7875,0.0032078000000000002,1000,16000,16,10,160,e273c8ef07f45e6b8d788fcd9200e3cdb8a2c2d8,742ca77d888656ad8bef598c19c64970034574038d720df6054167dd41c2715c,results/reviewer1_remaining/support_development/execution/raw.csv.gz
Reviewer1-transition-dynamics-support-estimator-development,raw_normalized_s3,raw_normalized,gaussian_affinity,raw_state,s3,7,1.0,8.0,0.01,brute_force,brute_force,13002,-2.1731666666666674,0.8125,0.0029182,1000,16000,16,10,160,e273c8ef07f45e6b8d788fcd9200e3cdb8a2c2d8,742ca77d888656ad8bef598c19c64970034574038d720df6054167dd41c2715c,results/reviewer1_remaining/support_development/execution/raw.csv.gz
Reviewer1-transition-dynamics-support-estimator-development,raw_normalized_s3,raw_normalized,gaussian_affinity,raw_state,s3,7,1.0,8.0,0.01,brute_force,brute_force,13003,-1.8315000000000006,0.6875,0.00339155,1000,16000,16,10,160,e273c8ef07f45e6b8d788fcd9200e3cdb8a2c2d8,742ca77d888656ad8bef598c19c64970034574038d720df6054167dd41c2715c,results/reviewer1_remaining/support_development/execution/raw.csv.gz
Reviewer1-transition-dynamics-support-estimator-development,raw_normalized_s3,raw_normalized,gaussian_affinity,raw_state,s3,7,1.0,8.0,0.01,brute_force,brute_force,13004,-1.9037000000000004,0.71875,0.0034739999999999997,1000,16000,16,10,160,e273c8ef07f45e6b8d788fcd9200e3cdb8a2c2d8,742ca77d888656ad8bef598c19c64970034574038d720df6054167dd41c2715c,results/reviewer1_remaining/support_development/execution/raw.csv.gz
ApplicationNavigation-support-estimator-development,raw_normalized_s4,raw_normalized,gaussian_affinity,raw_state,s4,9,2.0,2.0,0.1,auto,auto,13000,-4.391299999999998,0.75625,0.0006965,1000,16000,16,10,160,e273c8ef07f45e6b8d788fcd9200e3cdb8a2c2d8,742ca77d888656ad8bef598c19c64970034574038d720df6054167dd41c2715c,results/reviewer1_remaining/support_development/execution/raw.csv.gz
ApplicationNavigation-support-estimator-development,raw_normalized_s4,raw_normalized,gaussian_affinity,raw_state,s4,9,2.0,2.0,0.1,auto,auto,13001,-4.105333333333332,0.81875,0.00074535,1000,16000,16,10,160,e273c8ef07f45e6b8d788fcd9200e3cdb8a2c2d8,742ca77d888656ad8bef598c19c64970034574038d720df6054167dd41c2715c,results/reviewer1_remaining/support_development/execution/raw.csv.gz
ApplicationNavigation-support-estimator-development,raw_normalized_s4,raw_normalized,gaussian_affinity,raw_state,s4,9,2.0,2.0,0.1,auto,auto,13002,-4.314233333333333,0.80625,0.0006796,1000,16000,16,10,160,e273c8ef07f45e6b8d788fcd9200e3cdb8a2c2d8,742ca77d888656ad8bef598c19c64970034574038d720df6054167dd41c2715c,results/reviewer1_remaining/support_development/execution/raw.csv.gz
ApplicationNavigation-support-estimator-development,raw_normalized_s4,raw_normalized,gaussian_affinity,raw_state,s4,9,2.0,2.0,0.1,auto,auto,13003,-4.523699999999999,0.76875,0.00069485,1000,16000,16,10,160,e273c8ef07f45e6b8d788fcd9200e3cdb8a2c2d8,742ca77d888656ad8bef598c19c64970034574038d720df6054167dd41c2715c,results/reviewer1_remaining/support_development/execution/raw.csv.gz
ApplicationNavigation-support-estimator-development,raw_normalized_s4,raw_normalized,gaussian_affinity,raw_state,s4,9,2.0,2.0,0.1,auto,auto,13004,-3.3425333333333334,0.83125,0.00069885,1000,16000,16,10,160,e273c8ef07f45e6b8d788fcd9200e3cdb8a2c2d8,742ca77d888656ad8bef598c19c64970034574038d720df6054167dd41c2715c,results/reviewer1_remaining/support_development/execution/raw.csv.gz
Reviewer1-transition-dynamics-support-estimator-development,raw_normalized_s4,raw_normalized,gaussian_affinity,raw_state,s4,9,2.0,2.0,0.1,auto,auto,13000,-1.927866666666667,0.73125,0.00404325,1000,16000,16,10,160,e273c8ef07f45e6b8d788fcd9200e3cdb8a2c2d8,742ca77d888656ad8bef598c19c64970034574038d720df6054167dd41c2715c,results/reviewer1_remaining/support_development/execution/raw.csv.gz
Reviewer1-transition-dynamics-support-estimator-development,raw_normalized_s4,raw_normalized,gaussian_affinity,raw_state,s4,9,2.0,2.0,0.1,auto,auto,13001,-1.9409333333333338,0.78125,0.004293399999999999,1000,16000,16,10,160,e273c8ef07f45e6b8d788fcd9200e3cdb8a2c2d8,742ca77d888656ad8bef598c19c64970034574038d720df6054167dd41c2715c,results/reviewer1_remaining/support_development/execution/raw.csv.gz
Reviewer1-transition-dynamics-support-estimator-development,raw_normalized_s4,raw_normalized,gaussian_affinity,raw_state,s4,9,2.0,2.0,0.1,auto,auto,13002,-1.7577333333333338,0.75625,0.00378915,1000,16000,16,10,160,e273c8ef07f45e6b8d788fcd9200e3cdb8a2c2d8,742ca77d888656ad8bef598c19c64970034574038d720df6054167dd41c2715c,results/reviewer1_remaining/support_development/execution/raw.csv.gz
Reviewer1-transition-dynamics-support-estimator-development,raw_normalized_s4,raw_normalized,gaussian_affinity,raw_state,s4,9,2.0,2.0,0.1,auto,auto,13003,-1.7598000000000005,0.70625,0.0046644,1000,16000,16,10,160,e273c8ef07f45e6b8d788fcd9200e3cdb8a2c2d8,742ca77d888656ad8bef598c19c64970034574038d720df6054167dd41c2715c,results/reviewer1_remaining/support_development/execution/raw.csv.gz
Reviewer1-transition-dynamics-support-estimator-development,raw_normalized_s4,raw_normalized,gaussian_affinity,raw_state,s4,9,2.0,2.0,0.1,auto,auto,13004,-1.7096000000000005,0.7,0.00505,1000,16000,16,10,160,e273c8ef07f45e6b8d788fcd9200e3cdb8a2c2d8,742ca77d888656ad8bef598c19c64970034574038d720df6054167dd41c2715c,results/reviewer1_remaining/support_development/execution/raw.csv.gz
ApplicationNavigation-support-estimator-development,zscore_s1,zscore,zscore_knn,zscore_normalized_raw_state,s1,3,0.25,1.0,0.0001,brute_force,brute_force,13000,-7.3171,0.75625,0.00049625,1000,16000,16,10,160,e273c8ef07f45e6b8d788fcd9200e3cdb8a2c2d8,742ca77d888656ad8bef598c19c64970034574038d720df6054167dd41c2715c,results/reviewer1_remaining/support_development/execution/raw.csv.gz
ApplicationNavigation-support-estimator-development,zscore_s1,zscore,zscore_knn,zscore_normalized_raw_state,s1,3,0.25,1.0,0.0001,brute_force,brute_force,13001,-2.731966666666667,0.76875,0.00051545,1000,16000,16,10,160,e273c8ef07f45e6b8d788fcd9200e3cdb8a2c2d8,742ca77d888656ad8bef598c19c64970034574038d720df6054167dd41c2715c,results/reviewer1_remaining/support_development/execution/raw.csv.gz
ApplicationNavigation-support-estimator-development,zscore_s1,zscore,zscore_knn,zscore_normalized_raw_state,s1,3,0.25,1.0,0.0001,brute_force,brute_force,13002,-1.5751333333333337,0.79375,0.00057885,1000,16000,16,10,160,e273c8ef07f45e6b8d788fcd9200e3cdb8a2c2d8,742ca77d888656ad8bef598c19c64970034574038d720df6054167dd41c2715c,results/reviewer1_remaining/support_development/execution/raw.csv.gz
ApplicationNavigation-support-estimator-development,zscore_s1,zscore,zscore_knn,zscore_normalized_raw_state,s1,3,0.25,1.0,0.0001,brute_force,brute_force,13003,-3.4508,0.70625,0.0005595,1000,16000,16,10,160,e273c8ef07f45e6b8d788fcd9200e3cdb8a2c2d8,742ca77d888656ad8bef598c19c64970034574038d720df6054167dd41c2715c,results/reviewer1_remaining/support_development/execution/raw.csv.gz
ApplicationNavigation-support-estimator-development,zscore_s1,zscore,zscore_knn,zscore_normalized_raw_state,s1,3,0.25,1.0,0.0001,brute_force,brute_force,13004,-2.559933333333334,0.8625,0.0005823499999999999,1000,16000,16,10,160,e273c8ef07f45e6b8d788fcd9200e3cdb8a2c2d8,742ca77d888656ad8bef598c19c64970034574038d720df6054167dd41c2715c,results/reviewer1_remaining/support_development/execution/raw.csv.gz
Reviewer1-transition-dynamics-support-estimator-development,zscore_s1,zscore,zscore_knn,zscore_normalized_raw_state,s1,3,0.25,1.0,0.0001,brute_force,brute_force,13000,-1.942166666666667,0.74375,0.0035259,1000,16000,16,10,160,e273c8ef07f45e6b8d788fcd9200e3cdb8a2c2d8,742ca77d888656ad8bef598c19c64970034574038d720df6054167dd41c2715c,results/reviewer1_remaining/support_development/execution/raw.csv.gz
Reviewer1-transition-dynamics-support-estimator-development,zscore_s1,zscore,zscore_knn,zscore_normalized_raw_state,s1,3,0.25,1.0,0.0001,brute_force,brute_force,13001,-2.2178000000000004,0.8125,0.0032178,1000,16000,16,10,160,e273c8ef07f45e6b8d788fcd9200e3cdb8a2c2d8,742ca77d888656ad8bef598c19c64970034574038d720df6054167dd41c2715c,results/reviewer1_remaining/support_development/execution/raw.csv.gz
Reviewer1-transition-dynamics-support-estimator-development,zscore_s1,zscore,zscore_knn,zscore_normalized_raw_state,s1,3,0.25,1.0,0.0001,brute_force,brute_force,13002,-2.2626000000000004,0.83125,0.00289,1000,16000,16,10,160,e273c8ef07f45e6b8d788fcd9200e3cdb8a2c2d8,742ca77d888656ad8bef598c19c64970034574038d720df6054167dd41c2715c,results/reviewer1_remaining/support_development/execution/raw.csv.gz
Reviewer1-transition-dynamics-support-estimator-development,zscore_s1,zscore,zscore_knn,zscore_normalized_raw_state,s1,3,0.25,1.0,0.0001,brute_force,brute_force,13003,-1.9524666666666672,0.725,0.00365215,1000,16000,16,10,160,e273c8ef07f45e6b8d788fcd9200e3cdb8a2c2d8,742ca77d888656ad8bef598c19c64970034574038d720df6054167dd41c2715c,results/reviewer1_remaining/support_development/execution/raw.csv.gz
Reviewer1-transition-dynamics-support-estimator-development,zscore_s1,zscore,zscore_knn,zscore_normalized_raw_state,s1,3,0.25,1.0,0.0001,brute_force,brute_force,13004,-2.192766666666667,0.775,0.0043422,1000,16000,16,10,160,e273c8ef07f45e6b8d788fcd9200e3cdb8a2c2d8,742ca77d888656ad8bef598c19c64970034574038d720df6054167dd41c2715c,results/reviewer1_remaining/support_development/execution/raw.csv.gz
ApplicationNavigation-support-estimator-development,zscore_s2,zscore,zscore_knn,zscore_normalized_raw_state,s2,5,0.5,4.0,0.001,auto,auto,13000,-5.452133333333333,0.74375,0.0007569499999999999,1000,16000,16,10,160,e273c8ef07f45e6b8d788fcd9200e3cdb8a2c2d8,742ca77d888656ad8bef598c19c64970034574038d720df6054167dd41c2715c,results/reviewer1_remaining/support_development/execution/raw.csv.gz
ApplicationNavigation-support-estimator-development,zscore_s2,zscore,zscore_knn,zscore_normalized_raw_state,s2,5,0.5,4.0,0.001,auto,auto,13001,-2.6339000000000006,0.75,0.0007717,1000,16000,16,10,160,e273c8ef07f45e6b8d788fcd9200e3cdb8a2c2d8,742ca77d888656ad8bef598c19c64970034574038d720df6054167dd41c2715c,results/reviewer1_remaining/support_development/execution/raw.csv.gz
ApplicationNavigation-support-estimator-development,zscore_s2,zscore,zscore_knn,zscore_normalized_raw_state,s2,5,0.5,4.0,0.001,auto,auto,13002,-3.0228,0.725,0.00087075,1000,16000,16,10,160,e273c8ef07f45e6b8d788fcd9200e3cdb8a2c2d8,742ca77d888656ad8bef598c19c64970034574038d720df6054167dd41c2715c,results/reviewer1_remaining/support_development/execution/raw.csv.gz
ApplicationNavigation-support-estimator-development,zscore_s2,zscore,zscore_knn,zscore_normalized_raw_state,s2,5,0.5,4.0,0.001,auto,auto,13003,-4.740433333333334,0.65,0.0008553,1000,16000,16,10,160,e273c8ef07f45e6b8d788fcd9200e3cdb8a2c2d8,742ca77d888656ad8bef598c19c64970034574038d720df6054167dd41c2715c,results/reviewer1_remaining/support_development/execution/raw.csv.gz
ApplicationNavigation-support-estimator-development,zscore_s2,zscore,zscore_knn,zscore_normalized_raw_state,s2,5,0.5,4.0,0.001,auto,auto,13004,-2.0502,0.8125,0.0008850500000000001,1000,16000,16,10,160,e273c8ef07f45e6b8d788fcd9200e3cdb8a2c2d8,742ca77d888656ad8bef598c19c64970034574038d720df6054167dd41c2715c,results/reviewer1_remaining/support_development/execution/raw.csv.gz
Reviewer1-transition-dynamics-support-estimator-development,zscore_s2,zscore,zscore_knn,zscore_normalized_raw_state,s2,5,0.5,4.0,0.001,auto,auto,13000,-1.8706000000000005,0.6875,0.0043219999999999995,1000,16000,16,10,160,e273c8ef07f45e6b8d788fcd9200e3cdb8a2c2d8,742ca77d888656ad8bef598c19c64970034574038d720df6054167dd41c2715c,results/reviewer1_remaining/support_development/execution/raw.csv.gz
Reviewer1-transition-dynamics-support-estimator-development,zscore_s2,zscore,zscore_knn,zscore_normalized_raw_state,s2,5,0.5,4.0,0.001,auto,auto,13001,-2.136333333333334,0.80625,0.00466365,1000,16000,16,10,160,e273c8ef07f45e6b8d788fcd9200e3cdb8a2c2d8,742ca77d888656ad8bef598c19c64970034574038d720df6054167dd41c2715c,results/reviewer1_remaining/support_development/execution/raw.csv.gz
Reviewer1-transition-dynamics-support-estimator-development,zscore_s2,zscore,zscore_knn,zscore_normalized_raw_state,s2,5,0.5,4.0,0.001,auto,auto,13002,-2.0390000000000006,0.75625,0.0042203,1000,16000,16,10,160,e273c8ef07f45e6b8d788fcd9200e3cdb8a2c2d8,742ca77d888656ad8bef598c19c64970034574038d720df6054167dd41c2715c,results/reviewer1_remaining/support_development/execution/raw.csv.gz
Reviewer1-transition-dynamics-support-estimator-development,zscore_s2,zscore,zscore_knn,zscore_normalized_raw_state,s2,5,0.5,4.0,0.001,auto,auto,13003,-2.074933333333334,0.775,0.0039493,1000,16000,16,10,160,e273c8ef07f45e6b8d788fcd9200e3cdb8a2c2d8,742ca77d888656ad8bef598c19c64970034574038d720df6054167dd41c2715c,results/reviewer1_remaining/support_development/execution/raw.csv.gz
Reviewer1-transition-dynamics-support-estimator-development,zscore_s2,zscore,zscore_knn,zscore_normalized_raw_state,s2,5,0.5,4.0,0.001,auto,auto,13004,-1.784433333333334,0.68125,0.00507505,1000,16000,16,10,160,e273c8ef07f45e6b8d788fcd9200e3cdb8a2c2d8,742ca77d888656ad8bef598c19c64970034574038d720df6054167dd41c2715c,results/reviewer1_remaining/support_development/execution/raw.csv.gz
ApplicationNavigation-support-estimator-development,zscore_s3,zscore,zscore_knn,zscore_normalized_raw_state,s3,7,1.0,8.0,0.01,brute_force,brute_force,13000,-7.465633333333332,0.7875,0.0005649,1000,16000,16,10,160,e273c8ef07f45e6b8d788fcd9200e3cdb8a2c2d8,742ca77d888656ad8bef598c19c64970034574038d720df6054167dd41c2715c,results/reviewer1_remaining/support_development/execution/raw.csv.gz
ApplicationNavigation-support-estimator-development,zscore_s3,zscore,zscore_knn,zscore_normalized_raw_state,s3,7,1.0,8.0,0.01,brute_force,brute_force,13001,-2.4258999999999995,0.85625,0.00058905,1000,16000,16,10,160,e273c8ef07f45e6b8d788fcd9200e3cdb8a2c2d8,742ca77d888656ad8bef598c19c64970034574038d720df6054167dd41c2715c,results/reviewer1_remaining/support_development/execution/raw.csv.gz
ApplicationNavigation-support-estimator-development,zscore_s3,zscore,zscore_knn,zscore_normalized_raw_state,s3,7,1.0,8.0,0.01,brute_force,brute_force,13002,-2.7511000000000005,0.9125,0.0005171500000000001,1000,16000,16,10,160,e273c8ef07f45e6b8d788fcd9200e3cdb8a2c2d8,742ca77d888656ad8bef598c19c64970034574038d720df6054167dd41c2715c,results/reviewer1_remaining/support_development/execution/raw.csv.gz
ApplicationNavigation-support-estimator-development,zscore_s3,zscore,zscore_knn,zscore_normalized_raw_state,s3,7,1.0,8.0,0.01,brute_force,brute_force,13003,-4.5218,0.73125,0.0005219000000000001,1000,16000,16,10,160,e273c8ef07f45e6b8d788fcd9200e3cdb8a2c2d8,742ca77d888656ad8bef598c19c64970034574038d720df6054167dd41c2715c,results/reviewer1_remaining/support_development/execution/raw.csv.gz
ApplicationNavigation-support-estimator-development,zscore_s3,zscore,zscore_knn,zscore_normalized_raw_state,s3,7,1.0,8.0,0.01,brute_force,brute_force,13004,-2.9316333333333335,0.875,0.00054915,1000,16000,16,10,160,e273c8ef07f45e6b8d788fcd9200e3cdb8a2c2d8,742ca77d888656ad8bef598c19c64970034574038d720df6054167dd41c2715c,results/reviewer1_remaining/support_development/execution/raw.csv.gz
Reviewer1-transition-dynamics-support-estimator-development,zscore_s3,zscore,zscore_knn,zscore_normalized_raw_state,s3,7,1.0,8.0,0.01,brute_force,brute_force,13000,-1.8573000000000006,0.68125,0.00334725,1000,16000,16,10,160,e273c8ef07f45e6b8d788fcd9200e3cdb8a2c2d8,742ca77d888656ad8bef598c19c64970034574038d720df6054167dd41c2715c,results/reviewer1_remaining/support_development/execution/raw.csv.gz
Reviewer1-transition-dynamics-support-estimator-development,zscore_s3,zscore,zscore_knn,zscore_normalized_raw_state,s3,7,1.0,8.0,0.01,brute_force,brute_force,13001,-2.136433333333334,0.79375,0.0035776000000000002,1000,16000,16,10,160,e273c8ef07f45e6b8d788fcd9200e3cdb8a2c2d8,742ca77d888656ad8bef598c19c64970034574038d720df6054167dd41c2715c,results/reviewer1_remaining/support_development/execution/raw.csv.gz
Reviewer1-transition-dynamics-support-estimator-development,zscore_s3,zscore,zscore_knn,zscore_normalized_raw_state,s3,7,1.0,8.0,0.01,brute_force,brute_force,13002,-2.338133333333334,0.85,0.0037634499999999998,1000,16000,16,10,160,e273c8ef07f45e6b8d788fcd9200e3cdb8a2c2d8,742ca77d888656ad8bef598c19c64970034574038d720df6054167dd41c2715c,results/reviewer1_remaining/support_development/execution/raw.csv.gz
Reviewer1-transition-dynamics-support-estimator-development,zscore_s3,zscore,zscore_knn,zscore_normalized_raw_state,s3,7,1.0,8.0,0.01,brute_force,brute_force,13003,-1.8814000000000004,0.725,0.0037919499999999997,1000,16000,16,10,160,e273c8ef07f45e6b8d788fcd9200e3cdb8a2c2d8,742ca77d888656ad8bef598c19c64970034574038d720df6054167dd41c2715c,results/reviewer1_remaining/support_development/execution/raw.csv.gz
Reviewer1-transition-dynamics-support-estimator-development,zscore_s3,zscore,zscore_knn,zscore_normalized_raw_state,s3,7,1.0,8.0,0.01,brute_force,brute_force,13004,-1.8487000000000005,0.7125,0.00399825,1000,16000,16,10,160,e273c8ef07f45e6b8d788fcd9200e3cdb8a2c2d8,742ca77d888656ad8bef598c19c64970034574038d720df6054167dd41c2715c,results/reviewer1_remaining/support_development/execution/raw.csv.gz
ApplicationNavigation-support-estimator-development,zscore_s4,zscore,zscore_knn,zscore_normalized_raw_state,s4,9,2.0,2.0,0.1,auto,auto,13000,-6.3539666666666665,0.85,0.00078775,1000,16000,16,10,160,e273c8ef07f45e6b8d788fcd9200e3cdb8a2c2d8,742ca77d888656ad8bef598c19c64970034574038d720df6054167dd41c2715c,results/reviewer1_remaining/support_development/execution/raw.csv.gz
ApplicationNavigation-support-estimator-development,zscore_s4,zscore,zscore_knn,zscore_normalized_raw_state,s4,9,2.0,2.0,0.1,auto,auto,13001,-5.397699999999999,0.825,0.0008507,1000,16000,16,10,160,e273c8ef07f45e6b8d788fcd9200e3cdb8a2c2d8,742ca77d888656ad8bef598c19c64970034574038d720df6054167dd41c2715c,results/reviewer1_remaining/support_development/execution/raw.csv.gz
ApplicationNavigation-support-estimator-development,zscore_s4,zscore,zscore_knn,zscore_normalized_raw_state,s4,9,2.0,2.0,0.1,auto,auto,13002,-6.972066666666667,0.8625,0.00077385,1000,16000,16,10,160,e273c8ef07f45e6b8d788fcd9200e3cdb8a2c2d8,742ca77d888656ad8bef598c19c64970034574038d720df6054167dd41c2715c,results/reviewer1_remaining/support_development/execution/raw.csv.gz
ApplicationNavigation-support-estimator-development,zscore_s4,zscore,zscore_knn,zscore_normalized_raw_state,s4,9,2.0,2.0,0.1,auto,auto,13003,-8.0969,0.7625,0.0008193,1000,16000,16,10,160,e273c8ef07f45e6b8d788fcd9200e3cdb8a2c2d8,742ca77d888656ad8bef598c19c64970034574038d720df6054167dd41c2715c,results/reviewer1_remaining/support_development/execution/raw.csv.gz
ApplicationNavigation-support-estimator-development,zscore_s4,zscore,zscore_knn,zscore_normalized_raw_state,s4,9,2.0,2.0,0.1,auto,auto,13004,-4.3377333333333326,0.775,0.0008352,1000,16000,16,10,160,e273c8ef07f45e6b8d788fcd9200e3cdb8a2c2d8,742ca77d888656ad8bef598c19c64970034574038d720df6054167dd41c2715c,results/reviewer1_remaining/support_development/execution/raw.csv.gz
Reviewer1-transition-dynamics-support-estimator-development,zscore_s4,zscore,zscore_knn,zscore_normalized_raw_state,s4,9,2.0,2.0,0.1,auto,auto,13000,-2.0105000000000004,0.7625,0.0042509,1000,16000,16,10,160,e273c8ef07f45e6b8d788fcd9200e3cdb8a2c2d8,742ca77d888656ad8bef598c19c64970034574038d720df6054167dd41c2715c,results/reviewer1_remaining/support_development/execution/raw.csv.gz
Reviewer1-transition-dynamics-support-estimator-development,zscore_s4,zscore,zscore_knn,zscore_normalized_raw_state,s4,9,2.0,2.0,0.1,auto,auto,13001,-1.9655666666666674,0.8,0.0046361,1000,16000,16,10,160,e273c8ef07f45e6b8d788fcd9200e3cdb8a2c2d8,742ca77d888656ad8bef598c19c64970034574038d720df6054167dd41c2715c,results/reviewer1_remaining/support_development/execution/raw.csv.gz
Reviewer1-transition-dynamics-support-estimator-development,zscore_s4,zscore,zscore_knn,zscore_normalized_raw_state,s4,9,2.0,2.0,0.1,auto,auto,13002,-1.9778666666666675,0.7375,0.00407115,1000,16000,16,10,160,e273c8ef07f45e6b8d788fcd9200e3cdb8a2c2d8,742ca77d888656ad8bef598c19c64970034574038d720df6054167dd41c2715c,results/reviewer1_remaining/support_development/execution/raw.csv.gz
Reviewer1-transition-dynamics-support-estimator-development,zscore_s4,zscore,zscore_knn,zscore_normalized_raw_state,s4,9,2.0,2.0,0.1,auto,auto,13003,-1.7991666666666672,0.7,0.00494,1000,16000,16,10,160,e273c8ef07f45e6b8d788fcd9200e3cdb8a2c2d8,742ca77d888656ad8bef598c19c64970034574038d720df6054167dd41c2715c,results/reviewer1_remaining/support_development/execution/raw.csv.gz
Reviewer1-transition-dynamics-support-estimator-development,zscore_s4,zscore,zscore_knn,zscore_normalized_raw_state,s4,9,2.0,2.0,0.1,auto,auto,13004,-1.791233333333334,0.71875,0.00492105,1000,16000,16,10,160,e273c8ef07f45e6b8d788fcd9200e3cdb8a2c2d8,742ca77d888656ad8bef598c19c64970034574038d720df6054167dd41c2715c,results/reviewer1_remaining/support_development/execution/raw.csv.gz
