environment,agent,metric,n_seeds,mean,std,median,q25,q75,t_ci_low,t_ci_high,bootstrap_ci_low,bootstrap_ci_high
architecture_filtered_belief,temporal_filtered_alpha035,mean_return,2,-1.4418069658703947,0.07723238924837747,-1.4418069658703947,-1.469112738952778,-1.4145011927880113,-2.1357124523989763,-0.747901479341813,-1.4964185120351614,-1.387195419705628
architecture_filtered_belief,temporal_filtered_alpha035,success_rate,2,0.0,0.0,0.0,0.0,0.0,0.0,0.0,0.0,0.0
architecture_filtered_belief,temporal_filtered_alpha035,return_auc,2,-1.2467390839447035,0.07931743114609292,-1.2467390839447035,-1.2747820306595532,-1.218696137229854,-1.9593779286737387,-0.5341002392156682,-1.302824977374403,-1.1906531905150042
architecture_filtered_belief,temporal_filtered_alpha035,success_rate_auc,2,0.0,0.0,0.0,0.0,0.0,0.0,0.0,0.0,0.0
architecture_filtered_belief,temporal_filtered_alpha035,seconds_per_1000_steps,2,8.202694999999949,0.22881916525081775,8.202694999999949,8.121795208292799,8.283594791707099,6.146836366910097,10.2585536330898,8.04089541658565,8.364494583414247
architecture_filtered_belief,temporal_filtered_alpha035,gradient_updates,2,53.0,0.0,53.0,53.0,53.0,53.0,53.0,53.0,53.0
architecture_filtered_belief,temporal_filtered_alpha035,failure_rate,2,1.0,0.0,1.0,1.0,1.0,1.0,1.0,1.0,1.0
architecture_filtered_belief,temporal_filtered_alpha035,collision_rate,2,0.0,0.0,0.0,0.0,0.0,0.0,0.0,0.0,0.0
architecture_filtered_belief,temporal_filtered_alpha035,risk_zone_rate,2,0.9555555555555555,0.0628539361054709,0.9555555555555555,0.9333333333333333,0.9777777777777777,0.3908353450589024,1.5202757660522086,0.9111111111111111,1.0
architecture_filtered_belief,temporal_filtered_alpha035,idle_rate,2,0.11666666666666668,0.16499158227686112,0.11666666666666668,0.05833333333333334,0.17500000000000002,-1.3657238858870477,1.5990572192203811,0.0,0.23333333333333336
architecture_filtered_belief,temporal_filtered_alpha035,risk_adjusted_score,2,-0.005833333333333334,0.008249579113843055,-0.005833333333333334,-0.00875,-0.002916666666666667,-0.07995286096101904,0.06828619429435238,-0.011666666666666667,0.0
architecture_filtered_belief,temporal_filtered_alpha035,localization_error_mean,2,0.02968664744823598,0.0029972238704364176,0.02968664744823598,0.028626968786476092,0.03074632610999587,0.0027576593864824146,0.05661563550998955,0.0275672901247162,0.03180600477175576
architecture_filtered_belief,temporal_filtered_alpha035,sensor_dropout_rate,2,0.22222222222222215,0.031426968052735434,0.22222222222222215,0.21111111111111105,0.23333333333333328,-0.06013788302610429,0.5045823274705485,0.19999999999999996,0.24444444444444438
architecture_filtered_belief,temporal_filtered_alpha035,camera_visible_rate,2,0.25,0.1021376461713902,0.25,0.2138888888888889,0.28611111111111115,-0.6676703420570613,1.1676703420570613,0.17777777777777778,0.32222222222222224
architecture_filtered_belief,temporal_filtered_alpha035,motor_saturation_rate,2,0.0,0.0,0.0,0.0,0.0,0.0,0.0,0.0,0.0
architecture_filtered_belief,temporal_filtered_alpha035,unsupported_state_ratio,2,1.0,0.0,1.0,1.0,1.0,1.0,1.0,1.0,1.0
architecture_filtered_belief,temporal_filtered_alpha035,memory_branch_usage_ratio,2,0.0,0.0,0.0,0.0,0.0,0.0,0.0,0.0,0.0
architecture_filtered_belief,temporal_filtered_alpha035,neural_branch_usage_ratio,2,1.0,0.0,1.0,1.0,1.0,1.0,1.0,1.0,1.0
architecture_filtered_belief,temporal_filtered_alpha035,abstention_ratio,2,0.0,0.0,0.0,0.0,0.0,0.0,0.0,0.0,0.0
architecture_filtered_belief,temporal_filtered_alpha035,support_score_mean,2,0.0,0.0,0.0,0.0,0.0,0.0,0.0,0.0,0.0
architecture_filtered_belief,temporal_filtered_alpha035,exact_support_coverage,2,0.0,0.0,0.0,0.0,0.0,0.0,0.0,0.0,0.0
architecture_filtered_belief,temporal_filtered_alpha035,approximate_support_coverage,2,0.0,0.0,0.0,0.0,0.0,0.0,0.0,0.0,0.0
architecture_filtered_belief,temporal_filtered_alpha035,neural_only_fallback_rate,2,1.0,0.0,1.0,1.0,1.0,1.0,1.0,1.0,1.0
architecture_filtered_belief,temporal_filtered_alpha035,inference_time_us_per_decision_mean,2,1017.9394444444445,9.790286222628374,1017.9394444444445,1014.4780555555557,1021.4008333333334,929.9772126569599,1105.901676231929,1011.0166666666668,1024.8622222222223
architecture_filtered_belief,temporal_filtered_alpha035,inference_time_us_per_decision_median,2,1004.325,15.026019100214135,1004.325,999.0125,1009.6375,869.3215746781439,1139.3284253218562,993.7,1014.95
architecture_filtered_belief,temporal_filtered_alpha035,memory_cost_states,2,0.0,0.0,0.0,0.0,0.0,0.0,0.0,0.0,0.0
architecture_filtered_belief,temporal_filtered_alpha035,memory_cost_entries,2,0.0,0.0,0.0,0.0,0.0,0.0,0.0,0.0,0.0
architecture_filtered_belief,temporal_filtered_alpha035,memory_cost_bytes_estimated,2,0.0,0.0,0.0,0.0,0.0,0.0,0.0,0.0,0.0
architecture_frame_stack,temporal_frame_stack_4,mean_return,2,-1.534241746130089,0.13947091953502821,-1.534241746130089,-1.5835521626208597,-1.484931329639318,-2.7873382412456484,-0.2811452510145296,-1.6328625791116307,-1.4356209131485471
architecture_frame_stack,temporal_frame_stack_4,success_rate,2,0.0,0.0,0.0,0.0,0.0,0.0,0.0,0.0,0.0
architecture_frame_stack,temporal_frame_stack_4,return_auc,2,-1.2013050612745184,0.2340566680135897,-1.2013050612745184,-1.2840565898416874,-1.1185535327073497,-3.304220789686232,0.9016106671371951,-1.3668081184088563,-1.0358020041401808
architecture_frame_stack,temporal_frame_stack_4,success_rate_auc,2,0.0,0.0,0.0,0.0,0.0,0.0,0.0,0.0,0.0
architecture_frame_stack,temporal_frame_stack_4,seconds_per_1000_steps,2,8.303742499932318,0.16101292804285225,8.303742499932318,8.246815833293416,8.360669166571219,6.857098737408628,9.750386262456006,8.189889166654515,8.41759583321012
architecture_frame_stack,temporal_frame_stack_4,gradient_updates,2,53.0,0.0,53.0,53.0,53.0,53.0,53.0,53.0,53.0
architecture_frame_stack,temporal_frame_stack_4,failure_rate,2,1.0,0.0,1.0,1.0,1.0,1.0,1.0,1.0,1.0
architecture_frame_stack,temporal_frame_stack_4,collision_rate,2,0.0,0.0,0.0,0.0,0.0,0.0,0.0,0.0,0.0
architecture_frame_stack,temporal_frame_stack_4,risk_zone_rate,2,0.9166666666666667,0.05499719409228707,0.9166666666666667,0.8972222222222223,0.9361111111111111,0.42253648248209497,1.4107968508512385,0.8777777777777778,0.9555555555555556
architecture_frame_stack,temporal_frame_stack_4,idle_rate,2,0.00555555555555555,0.007856742013183853,0.00555555555555555,0.002777777777777775,0.008333333333333325,-0.065034470756526,0.0761455818676371,0.0,0.0111111111111111
architecture_frame_stack,temporal_frame_stack_4,risk_adjusted_score,2,-0.00027777777777776666,0.00039283710065917733,-0.00027777777777776666,-0.00041666666666665,-0.00013888888888888333,-0.0038072790933817062,0.003251723537826173,-0.0005555555555555333,0.0
architecture_frame_stack,temporal_frame_stack_4,localization_error_mean,2,0.02919441057670657,0.0019956681572956296,0.02919441057670657,0.02848883533319567,0.029899985820217467,0.011264043575054932,0.0471247775783582,0.027783260089684767,0.03060556106372837
architecture_frame_stack,temporal_frame_stack_4,sensor_dropout_rate,2,0.22222222222222215,0.031426968052735434,0.22222222222222215,0.21111111111111105,0.23333333333333328,-0.06013788302610429,0.5045823274705485,0.19999999999999996,0.24444444444444438
architecture_frame_stack,temporal_frame_stack_4,camera_visible_rate,2,0.2277777777777778,0.13356461422412566,0.2277777777777778,0.18055555555555555,0.275,-0.9722526695276101,1.4278082250831658,0.13333333333333333,0.32222222222222224
architecture_frame_stack,temporal_frame_stack_4,motor_saturation_rate,2,0.0,0.0,0.0,0.0,0.0,0.0,0.0,0.0,0.0
architecture_frame_stack,temporal_frame_stack_4,unsupported_state_ratio,2,1.0,0.0,1.0,1.0,1.0,1.0,1.0,1.0,1.0
architecture_frame_stack,temporal_frame_stack_4,memory_branch_usage_ratio,2,0.0,0.0,0.0,0.0,0.0,0.0,0.0,0.0,0.0
architecture_frame_stack,temporal_frame_stack_4,neural_branch_usage_ratio,2,1.0,0.0,1.0,1.0,1.0,1.0,1.0,1.0,1.0
architecture_frame_stack,temporal_frame_stack_4,abstention_ratio,2,0.0,0.0,0.0,0.0,0.0,0.0,0.0,0.0,0.0
architecture_frame_stack,temporal_frame_stack_4,support_score_mean,2,0.0,0.0,0.0,0.0,0.0,0.0,0.0,0.0,0.0
architecture_frame_stack,temporal_frame_stack_4,exact_support_coverage,2,0.0,0.0,0.0,0.0,0.0,0.0,0.0,0.0,0.0
architecture_frame_stack,temporal_frame_stack_4,approximate_support_coverage,2,0.0,0.0,0.0,0.0,0.0,0.0,0.0,0.0,0.0
architecture_frame_stack,temporal_frame_stack_4,neural_only_fallback_rate,2,1.0,0.0,1.0,1.0,1.0,1.0,1.0,1.0,1.0
architecture_frame_stack,temporal_frame_stack_4,inference_time_us_per_decision_mean,2,1138.6455555555556,42.718677674083345,1138.6455555555556,1123.5422222222223,1153.7488888888888,754.8334644915049,1522.4576466196063,1108.4388888888889,1168.8522222222223
architecture_frame_stack,temporal_frame_stack_4,inference_time_us_per_decision_median,2,1101.45,39.45655839020916,1101.45,1087.5,1115.4,746.9468878607279,1455.9531121392722,1073.5500000000002,1129.35
architecture_frame_stack,temporal_frame_stack_4,memory_cost_states,2,0.0,0.0,0.0,0.0,0.0,0.0,0.0,0.0,0.0
architecture_frame_stack,temporal_frame_stack_4,memory_cost_entries,2,0.0,0.0,0.0,0.0,0.0,0.0,0.0,0.0,0.0
architecture_frame_stack,temporal_frame_stack_4,memory_cost_bytes_estimated,2,0.0,0.0,0.0,0.0,0.0,0.0,0.0,0.0,0.0
architecture_sensorized_low_level,feedforward_capacity_h064,mean_return,2,-1.3925016581565917,0.029261037441065424,-1.3925016581565917,-1.4028469971561572,-1.3821563191570263,-1.6554016489438133,-1.12960166736937,-1.4131923361557226,-1.371810980157461
architecture_sensorized_low_level,feedforward_capacity_h064,success_rate,2,0.0,0.0,0.0,0.0,0.0,0.0,0.0,0.0,0.0
architecture_sensorized_low_level,feedforward_capacity_h064,return_auc,2,-1.2677068042838557,0.15867047103646068,-1.2677068042838557,-1.3238052873058281,-1.2116083212618833,-2.693304425615861,0.1578908170481499,-1.3799037703278008,-1.1555098382399107
architecture_sensorized_low_level,feedforward_capacity_h064,success_rate_auc,2,0.0,0.0,0.0,0.0,0.0,0.0,0.0,0.0,0.0
architecture_sensorized_low_level,feedforward_capacity_h064,seconds_per_1000_steps,2,10.700797083457775,0.007454673239054942,10.700797083457775,10.698161458458344,10.703432708457209,10.633819501756628,10.767774665158923,10.69552583345891,10.706068333456642
architecture_sensorized_low_level,feedforward_capacity_h064,gradient_updates,2,53.0,0.0,53.0,53.0,53.0,53.0,53.0,53.0,53.0
architecture_sensorized_low_level,feedforward_capacity_h064,failure_rate,2,1.0,0.0,1.0,1.0,1.0,1.0,1.0,1.0,1.0
architecture_sensorized_low_level,feedforward_capacity_h064,collision_rate,2,0.0,0.0,0.0,0.0,0.0,0.0,0.0,0.0,0.0
architecture_sensorized_low_level,feedforward_capacity_h064,risk_zone_rate,2,0.8055555555555556,0.19641855032959663,0.8055555555555556,0.7361111111111112,0.875,-0.959195102246486,2.570306213357597,0.6666666666666666,0.9444444444444445
architecture_sensorized_low_level,feedforward_capacity_h064,idle_rate,2,0.33888888888888896,0.47926126280421566,0.33888888888888896,0.16944444444444448,0.5083333333333334,-3.967102716148091,4.644880493925869,0.0,0.6777777777777779
architecture_sensorized_low_level,feedforward_capacity_h064,risk_adjusted_score,2,-0.016944444444444432,0.02396306314021076,-0.016944444444444432,-0.02541666666666665,-0.008472222222222216,-0.23224402469629327,0.1983551358074044,-0.033888888888888864,0.0
architecture_sensorized_low_level,feedforward_capacity_h064,localization_error_mean,2,0.029606081636706583,0.003397423721548173,0.029606081636706583,0.028404910960671208,0.030807252312741958,-0.0009185594288830985,0.06013072270229626,0.027203740284635833,0.03200842298877733
architecture_sensorized_low_level,feedforward_capacity_h064,sensor_dropout_rate,2,0.22222222222222215,0.031426968052735434,0.22222222222222215,0.21111111111111105,0.23333333333333328,-0.06013788302610429,0.5045823274705485,0.19999999999999996,0.24444444444444438
architecture_sensorized_low_level,feedforward_capacity_h064,camera_visible_rate,2,0.23333333333333334,0.12570787221094182,0.23333333333333334,0.18888888888888888,0.2777777777777778,-0.896107087659973,1.3627737543266398,0.14444444444444443,0.32222222222222224
architecture_sensorized_low_level,feedforward_capacity_h064,motor_saturation_rate,2,0.0,0.0,0.0,0.0,0.0,0.0,0.0,0.0,0.0
architecture_sensorized_low_level,feedforward_capacity_h064,unsupported_state_ratio,2,1.0,0.0,1.0,1.0,1.0,1.0,1.0,1.0,1.0
architecture_sensorized_low_level,feedforward_capacity_h064,memory_branch_usage_ratio,2,0.0,0.0,0.0,0.0,0.0,0.0,0.0,0.0,0.0
architecture_sensorized_low_level,feedforward_capacity_h064,neural_branch_usage_ratio,2,1.0,0.0,1.0,1.0,1.0,1.0,1.0,1.0,1.0
architecture_sensorized_low_level,feedforward_capacity_h064,abstention_ratio,2,0.0,0.0,0.0,0.0,0.0,0.0,0.0,0.0,0.0
architecture_sensorized_low_level,feedforward_capacity_h064,support_score_mean,2,0.0,0.0,0.0,0.0,0.0,0.0,0.0,0.0,0.0
architecture_sensorized_low_level,feedforward_capacity_h064,exact_support_coverage,2,0.0,0.0,0.0,0.0,0.0,0.0,0.0,0.0,0.0
architecture_sensorized_low_level,feedforward_capacity_h064,approximate_support_coverage,2,0.0,0.0,0.0,0.0,0.0,0.0,0.0,0.0,0.0
architecture_sensorized_low_level,feedforward_capacity_h064,neural_only_fallback_rate,2,1.0,0.0,1.0,1.0,1.0,1.0,1.0,1.0,1.0
architecture_sensorized_low_level,feedforward_capacity_h064,inference_time_us_per_decision_mean,2,1094.1483333333335,29.6945564388283,1094.1483333333335,1083.6497222222224,1104.6469444444444,827.3533288868219,1360.943337779845,1073.1511111111113,1115.1455555555556
architecture_sensorized_low_level,feedforward_capacity_h064,inference_time_us_per_decision_median,2,1012.3,10.465180361560952,1012.3,1008.6,1016.0,918.2740849523068,1106.3259150476931,1004.9,1019.7
architecture_sensorized_low_level,feedforward_capacity_h064,memory_cost_states,2,0.0,0.0,0.0,0.0,0.0,0.0,0.0,0.0,0.0
architecture_sensorized_low_level,feedforward_capacity_h064,memory_cost_entries,2,0.0,0.0,0.0,0.0,0.0,0.0,0.0,0.0,0.0
architecture_sensorized_low_level,feedforward_capacity_h064,memory_cost_bytes_estimated,2,0.0,0.0,0.0,0.0,0.0,0.0,0.0,0.0,0.0
architecture_sensorized_low_level,feedforward_capacity_h096,mean_return,2,-1.48390050065044,0.3080691668591136,-1.48390050065044,-1.5928193991307247,-1.3749816021701555,-4.251792148108686,1.2839911468078062,-1.7017382976110094,-1.2660627036898708
architecture_sensorized_low_level,feedforward_capacity_h096,success_rate,2,0.0,0.0,0.0,0.0,0.0,0.0,0.0,0.0,0.0
architecture_sensorized_low_level,feedforward_capacity_h096,return_auc,2,-1.2644859484973128,0.13096057420986165,-1.2644859484973128,-1.3107875035432515,-1.2181843934513743,-2.44112002453123,-0.08785187246339543,-1.3570890585891902,-1.1718828384054356
architecture_sensorized_low_level,feedforward_capacity_h096,success_rate_auc,2,0.0,0.0,0.0,0.0,0.0,0.0,0.0,0.0,0.0
architecture_sensorized_low_level,feedforward_capacity_h096,seconds_per_1000_steps,2,9.246068125018306,0.2610370125083127,9.246068125018306,9.153777604175653,9.338358645860959,6.900743618948418,11.591392631088194,9.061487083333,9.430649166703612
architecture_sensorized_low_level,feedforward_capacity_h096,gradient_updates,2,53.0,0.0,53.0,53.0,53.0,53.0,53.0,53.0,53.0
architecture_sensorized_low_level,feedforward_capacity_h096,failure_rate,2,1.0,0.0,1.0,1.0,1.0,1.0,1.0,1.0,1.0
architecture_sensorized_low_level,feedforward_capacity_h096,collision_rate,2,0.0,0.0,0.0,0.0,0.0,0.0,0.0,0.0,0.0
architecture_sensorized_low_level,feedforward_capacity_h096,risk_zone_rate,2,0.9388888888888889,0.08642416214502248,0.9388888888888889,0.9083333333333333,0.9694444444444444,0.1623985994559909,1.7153791783217869,0.8777777777777778,1.0
architecture_sensorized_low_level,feedforward_capacity_h096,idle_rate,2,0.0,0.0,0.0,0.0,0.0,0.0,0.0,0.0,0.0
architecture_sensorized_low_level,feedforward_capacity_h096,risk_adjusted_score,2,0.0,0.0,0.0,0.0,0.0,0.0,0.0,0.0,0.0
architecture_sensorized_low_level,feedforward_capacity_h096,localization_error_mean,2,0.029010609458418865,0.0022931095208379745,0.029010609458418865,0.028199872812324882,0.02982134610451285,0.008407837833639353,0.04961338108319838,0.0273891361662309,0.03063208275060683
architecture_sensorized_low_level,feedforward_capacity_h096,sensor_dropout_rate,2,0.22222222222222215,0.031426968052735434,0.22222222222222215,0.21111111111111105,0.23333333333333328,-0.06013788302610429,0.5045823274705485,0.19999999999999996,0.24444444444444438
architecture_sensorized_low_level,feedforward_capacity_h096,camera_visible_rate,2,0.2111111111111111,0.15713484026367724,0.2111111111111111,0.15555555555555556,0.26666666666666666,-1.2006894151305219,1.622911637352744,0.09999999999999999,0.32222222222222224
architecture_sensorized_low_level,feedforward_capacity_h096,motor_saturation_rate,2,0.0,0.0,0.0,0.0,0.0,0.0,0.0,0.0,0.0
architecture_sensorized_low_level,feedforward_capacity_h096,unsupported_state_ratio,2,1.0,0.0,1.0,1.0,1.0,1.0,1.0,1.0,1.0
architecture_sensorized_low_level,feedforward_capacity_h096,memory_branch_usage_ratio,2,0.0,0.0,0.0,0.0,0.0,0.0,0.0,0.0,0.0
architecture_sensorized_low_level,feedforward_capacity_h096,neural_branch_usage_ratio,2,1.0,0.0,1.0,1.0,1.0,1.0,1.0,1.0,1.0
architecture_sensorized_low_level,feedforward_capacity_h096,abstention_ratio,2,0.0,0.0,0.0,0.0,0.0,0.0,0.0,0.0,0.0
architecture_sensorized_low_level,feedforward_capacity_h096,support_score_mean,2,0.0,0.0,0.0,0.0,0.0,0.0,0.0,0.0,0.0
architecture_sensorized_low_level,feedforward_capacity_h096,exact_support_coverage,2,0.0,0.0,0.0,0.0,0.0,0.0,0.0,0.0,0.0
architecture_sensorized_low_level,feedforward_capacity_h096,approximate_support_coverage,2,0.0,0.0,0.0,0.0,0.0,0.0,0.0,0.0,0.0
architecture_sensorized_low_level,feedforward_capacity_h096,neural_only_fallback_rate,2,1.0,0.0,1.0,1.0,1.0,1.0,1.0,1.0,1.0
architecture_sensorized_low_level,feedforward_capacity_h096,inference_time_us_per_decision_mean,2,1166.758888888889,2.3460231651365504,1166.758888888889,1165.9294444444445,1167.5883333333334,1145.6807070321029,1187.8370707456752,1165.1000000000001,1168.4177777777777
architecture_sensorized_low_level,feedforward_capacity_h096,inference_time_us_per_decision_median,2,1160.1999999999998,26.657925650732874,1160.1999999999998,1150.7749999999999,1169.625,920.6880407231065,1399.7119592768931,1141.35,1179.05
architecture_sensorized_low_level,feedforward_capacity_h096,memory_cost_states,2,0.0,0.0,0.0,0.0,0.0,0.0,0.0,0.0,0.0
architecture_sensorized_low_level,feedforward_capacity_h096,memory_cost_entries,2,0.0,0.0,0.0,0.0,0.0,0.0,0.0,0.0,0.0
architecture_sensorized_low_level,feedforward_capacity_h096,memory_cost_bytes_estimated,2,0.0,0.0,0.0,0.0,0.0,0.0,0.0,0.0,0.0
architecture_sensorized_low_level,feedforward_capacity_h128,mean_return,2,-1.4325945354344247,0.5106446062833145,-1.4325945354344247,-1.6131346673740579,-1.2520544034947914,-6.0205542944763675,3.155365223607518,-1.793674799313691,-1.0715142715551582
architecture_sensorized_low_level,feedforward_capacity_h128,success_rate,2,0.0,0.0,0.0,0.0,0.0,0.0,0.0,0.0,0.0
architecture_sensorized_low_level,feedforward_capacity_h128,return_auc,2,-1.2660233767950557,0.2542901384405457,-1.2660233767950557,-1.3559285174351436,-1.1761182361549678,-3.5507296244101294,1.018682870820018,-1.4458336580752316,-1.0862130955148799
architecture_sensorized_low_level,feedforward_capacity_h128,success_rate_auc,2,0.0,0.0,0.0,0.0,0.0,0.0,0.0,0.0,0.0
architecture_sensorized_low_level,feedforward_capacity_h128,seconds_per_1000_steps,2,8.656906250022683,0.11783227389735629,8.656906250022683,8.615246250064956,8.69856624998041,7.598225272478901,9.715587227566465,8.573586250107232,8.740226249938134
architecture_sensorized_low_level,feedforward_capacity_h128,gradient_updates,2,53.0,0.0,53.0,53.0,53.0,53.0,53.0,53.0,53.0
architecture_sensorized_low_level,feedforward_capacity_h128,failure_rate,2,1.0,0.0,1.0,1.0,1.0,1.0,1.0,1.0,1.0
architecture_sensorized_low_level,feedforward_capacity_h128,collision_rate,2,0.0,0.0,0.0,0.0,0.0,0.0,0.0,0.0,0.0
architecture_sensorized_low_level,feedforward_capacity_h128,risk_zone_rate,2,0.8277777777777777,0.2435590024086997,0.8277777777777777,0.7416666666666667,0.9138888888888889,-1.3605130378967527,3.0160685934523084,0.6555555555555556,1.0
architecture_sensorized_low_level,feedforward_capacity_h128,idle_rate,2,0.05555555555555555,0.07856742013183861,0.05555555555555555,0.027777777777777776,0.08333333333333333,-0.6503447075652606,0.7614558186763718,0.0,0.1111111111111111
architecture_sensorized_low_level,feedforward_capacity_h128,risk_adjusted_score,2,-0.0027777777777777666,0.0039283710065919145,-0.0027777777777777666,-0.00416666666666665,-0.0013888888888888833,-0.038072790933818434,0.0325172353782629,-0.005555555555555533,0.0
architecture_sensorized_low_level,feedforward_capacity_h128,localization_error_mean,2,0.02867742689591568,0.002445524330778471,0.02867742689591568,0.027812803476990604,0.029542050314840758,0.006705262534808985,0.050649591257022376,0.02694818005806553,0.03040667373376583
architecture_sensorized_low_level,feedforward_capacity_h128,sensor_dropout_rate,2,0.22222222222222215,0.031426968052735434,0.22222222222222215,0.21111111111111105,0.23333333333333328,-0.06013788302610429,0.5045823274705485,0.19999999999999996,0.24444444444444438
architecture_sensorized_low_level,feedforward_capacity_h128,camera_visible_rate,2,0.23333333333333334,0.12570787221094182,0.23333333333333334,0.18888888888888888,0.2777777777777778,-0.896107087659973,1.3627737543266398,0.14444444444444443,0.32222222222222224
architecture_sensorized_low_level,feedforward_capacity_h128,motor_saturation_rate,2,0.0,0.0,0.0,0.0,0.0,0.0,0.0,0.0,0.0
architecture_sensorized_low_level,feedforward_capacity_h128,unsupported_state_ratio,2,1.0,0.0,1.0,1.0,1.0,1.0,1.0,1.0,1.0
architecture_sensorized_low_level,feedforward_capacity_h128,memory_branch_usage_ratio,2,0.0,0.0,0.0,0.0,0.0,0.0,0.0,0.0,0.0
architecture_sensorized_low_level,feedforward_capacity_h128,neural_branch_usage_ratio,2,1.0,0.0,1.0,1.0,1.0,1.0,1.0,1.0,1.0
architecture_sensorized_low_level,feedforward_capacity_h128,abstention_ratio,2,0.0,0.0,0.0,0.0,0.0,0.0,0.0,0.0,0.0
architecture_sensorized_low_level,feedforward_capacity_h128,support_score_mean,2,0.0,0.0,0.0,0.0,0.0,0.0,0.0,0.0,0.0
architecture_sensorized_low_level,feedforward_capacity_h128,exact_support_coverage,2,0.0,0.0,0.0,0.0,0.0,0.0,0.0,0.0,0.0
architecture_sensorized_low_level,feedforward_capacity_h128,approximate_support_coverage,2,0.0,0.0,0.0,0.0,0.0,0.0,0.0,0.0,0.0
architecture_sensorized_low_level,feedforward_capacity_h128,neural_only_fallback_rate,2,1.0,0.0,1.0,1.0,1.0,1.0,1.0,1.0,1.0
architecture_sensorized_low_level,feedforward_capacity_h128,inference_time_us_per_decision_mean,2,1174.5572222222222,2.522799860433348,1174.5572222222222,1173.6652777777776,1175.4491666666668,1151.8907647734127,1197.2236796710317,1172.7733333333333,1176.341111111111
architecture_sensorized_low_level,feedforward_capacity_h128,inference_time_us_per_decision_median,2,1156.425,9.086322138247072,1156.425,1153.2125,1159.6374999999998,1074.7876345700781,1238.0623654299218,1150.0,1162.85
architecture_sensorized_low_level,feedforward_capacity_h128,memory_cost_states,2,0.0,0.0,0.0,0.0,0.0,0.0,0.0,0.0,0.0
architecture_sensorized_low_level,feedforward_capacity_h128,memory_cost_entries,2,0.0,0.0,0.0,0.0,0.0,0.0,0.0,0.0,0.0
architecture_sensorized_low_level,feedforward_capacity_h128,memory_cost_bytes_estimated,2,0.0,0.0,0.0,0.0,0.0,0.0,0.0,0.0,0.0
architecture_sensorized_low_level,temporal_drqn_seq4,mean_return,2,-1.2774587018132055,0.3586049844043786,-1.2774587018132055,-1.4042447099330215,-1.1506726936933895,-4.499396655518587,1.9444792518921759,-1.5310307180528377,-1.0238866855735733
architecture_sensorized_low_level,temporal_drqn_seq4,success_rate,2,0.0,0.0,0.0,0.0,0.0,0.0,0.0,0.0,0.0
architecture_sensorized_low_level,temporal_drqn_seq4,return_auc,2,-1.1007088925214097,0.013747090484617622,-1.1007088925214097,-1.105569222973039,-1.0958485620697807,-1.224221600129137,-0.9771961849136824,-1.110429553424668,-1.0909882316181516
architecture_sensorized_low_level,temporal_drqn_seq4,success_rate_auc,2,0.0,0.0,0.0,0.0,0.0,0.0,0.0,0.0,0.0
architecture_sensorized_low_level,temporal_drqn_seq4,seconds_per_1000_steps,2,13.017337708333798,0.1039385097210472,13.017337708333798,12.98058989580871,13.054085520858887,12.083487249233128,13.951188167434468,12.943842083283622,13.090833333383975
architecture_sensorized_low_level,temporal_drqn_seq4,gradient_updates,2,53.0,0.0,53.0,53.0,53.0,53.0,53.0,53.0,53.0
architecture_sensorized_low_level,temporal_drqn_seq4,failure_rate,2,1.0,0.0,1.0,1.0,1.0,1.0,1.0,1.0,1.0
architecture_sensorized_low_level,temporal_drqn_seq4,collision_rate,2,0.0,0.0,0.0,0.0,0.0,0.0,0.0,0.0,0.0
architecture_sensorized_low_level,temporal_drqn_seq4,risk_zone_rate,2,0.8333333333333333,0.23570226039551587,0.8333333333333333,0.75,0.9166666666666666,-1.284367456029116,2.9510341226957824,0.6666666666666666,1.0
architecture_sensorized_low_level,temporal_drqn_seq4,idle_rate,2,0.0,0.0,0.0,0.0,0.0,0.0,0.0,0.0,0.0
architecture_sensorized_low_level,temporal_drqn_seq4,risk_adjusted_score,2,0.0,0.0,0.0,0.0,0.0,0.0,0.0,0.0,0.0
architecture_sensorized_low_level,temporal_drqn_seq4,localization_error_mean,2,0.02956915381978937,0.0019449599535579518,0.02956915381978937,0.028881506633640818,0.030256801005937917,0.012094381952873552,0.047043925686705186,0.028193859447492267,0.030944448192086468
architecture_sensorized_low_level,temporal_drqn_seq4,sensor_dropout_rate,2,0.22222222222222215,0.031426968052735434,0.22222222222222215,0.21111111111111105,0.23333333333333328,-0.06013788302610429,0.5045823274705485,0.19999999999999996,0.24444444444444438
architecture_sensorized_low_level,temporal_drqn_seq4,camera_visible_rate,2,0.24444444444444446,0.10999438818457409,0.24444444444444446,0.20555555555555555,0.2833333333333333,-0.7438159239246986,1.2327048128135876,0.16666666666666666,0.32222222222222224
architecture_sensorized_low_level,temporal_drqn_seq4,motor_saturation_rate,2,0.0,0.0,0.0,0.0,0.0,0.0,0.0,0.0,0.0
architecture_sensorized_low_level,temporal_drqn_seq4,unsupported_state_ratio,2,1.0,0.0,1.0,1.0,1.0,1.0,1.0,1.0,1.0
architecture_sensorized_low_level,temporal_drqn_seq4,memory_branch_usage_ratio,2,0.0,0.0,0.0,0.0,0.0,0.0,0.0,0.0,0.0
architecture_sensorized_low_level,temporal_drqn_seq4,neural_branch_usage_ratio,2,1.0,0.0,1.0,1.0,1.0,1.0,1.0,1.0,1.0
architecture_sensorized_low_level,temporal_drqn_seq4,abstention_ratio,2,0.0,0.0,0.0,0.0,0.0,0.0,0.0,0.0,0.0
architecture_sensorized_low_level,temporal_drqn_seq4,support_score_mean,2,0.0,0.0,0.0,0.0,0.0,0.0,0.0,0.0,0.0
architecture_sensorized_low_level,temporal_drqn_seq4,exact_support_coverage,2,0.0,0.0,0.0,0.0,0.0,0.0,0.0,0.0,0.0
architecture_sensorized_low_level,temporal_drqn_seq4,approximate_support_coverage,2,0.0,0.0,0.0,0.0,0.0,0.0,0.0,0.0,0.0
architecture_sensorized_low_level,temporal_drqn_seq4,neural_only_fallback_rate,2,1.0,0.0,1.0,1.0,1.0,1.0,1.0,1.0,1.0
architecture_sensorized_low_level,temporal_drqn_seq4,inference_time_us_per_decision_mean,2,1614.668333333333,14.276485912156595,1614.668333333333,1609.6208333333332,1619.7158333333332,1486.3991965216478,1742.9374701450183,1604.573333333333,1624.7633333333333
architecture_sensorized_low_level,temporal_drqn_seq4,inference_time_us_per_decision_median,2,1596.75,40.37579720575196,1596.75,1582.475,1611.0249999999999,1233.9878547822118,1959.5121452177882,1568.1999999999998,1625.3
architecture_sensorized_low_level,temporal_drqn_seq4,memory_cost_states,2,240.0,0.0,240.0,240.0,240.0,240.0,240.0,240.0,240.0
architecture_sensorized_low_level,temporal_drqn_seq4,memory_cost_entries,2,216.0,0.0,216.0,216.0,216.0,216.0,216.0,216.0,216.0
architecture_sensorized_low_level,temporal_drqn_seq4,memory_cost_bytes_estimated,2,112748.0,0.0,112748.0,112748.0,112748.0,112748.0,112748.0,112748.0,112748.0
interface_A_state_low_level,interface_dqn_h064,mean_return,2,-1.2872437857696784,0.2484644319549118,-1.2872437857696784,-1.3750892281291693,-1.1993983434101876,-3.519608137288725,0.9451205657493684,-1.46293467048866,-1.1115529010506968
interface_A_state_low_level,interface_dqn_h064,success_rate,2,0.0,0.0,0.0,0.0,0.0,0.0,0.0,0.0,0.0
interface_A_state_low_level,interface_dqn_h064,return_auc,2,-1.1360521767195315,0.12599158008579572,-1.1360521767195315,-1.1805969270450687,-1.0915074263939943,-2.268041611835648,-0.00406274160341491,-1.2251416773706056,-1.0469626760684574
interface_A_state_low_level,interface_dqn_h064,success_rate_auc,2,0.0,0.0,0.0,0.0,0.0,0.0,0.0,0.0,0.0
interface_A_state_low_level,interface_dqn_h064,seconds_per_1000_steps,2,8.165683958335043,0.02840595240842143,8.165683958335043,8.155640937548014,8.175726979122071,7.910466601755756,8.42090131491433,8.145597916760986,8.1857699999091
interface_A_state_low_level,interface_dqn_h064,gradient_updates,2,53.0,0.0,53.0,53.0,53.0,53.0,53.0,53.0,53.0
interface_A_state_low_level,interface_dqn_h064,failure_rate,2,1.0,0.0,1.0,1.0,1.0,1.0,1.0,1.0,1.0
interface_A_state_low_level,interface_dqn_h064,collision_rate,2,0.0,0.0,0.0,0.0,0.0,0.0,0.0,0.0,0.0
interface_A_state_low_level,interface_dqn_h064,risk_zone_rate,2,0.8444444444444443,0.2199887763691482,0.8444444444444443,0.7666666666666666,0.9222222222222222,-1.132076292293842,2.8209651811827308,0.6888888888888888,1.0
interface_A_state_low_level,interface_dqn_h064,idle_rate,2,0.0,0.0,0.0,0.0,0.0,0.0,0.0,0.0,0.0
interface_A_state_low_level,interface_dqn_h064,risk_adjusted_score,2,0.0,0.0,0.0,0.0,0.0,0.0,0.0,0.0,0.0
interface_A_state_low_level,interface_dqn_h064,localization_error_mean,2,0.029709150202688696,0.0022025851416361654,0.029709150202688696,0.028930418757792866,0.03048788164758453,0.00991970785600152,0.04949859254937587,0.028151687312897033,0.03126661309248036
interface_A_state_low_level,interface_dqn_h064,sensor_dropout_rate,2,0.22222222222222215,0.031426968052735434,0.22222222222222215,0.21111111111111105,0.23333333333333328,-0.06013788302610429,0.5045823274705485,0.19999999999999996,0.24444444444444438
interface_A_state_low_level,interface_dqn_h064,camera_visible_rate,2,0.2388888888888889,0.11785113019775793,0.2388888888888889,0.19722222222222224,0.28055555555555556,-0.8199615057923357,1.2977392835701136,0.15555555555555556,0.32222222222222224
interface_A_state_low_level,interface_dqn_h064,motor_saturation_rate,2,0.0,0.0,0.0,0.0,0.0,0.0,0.0,0.0,0.0
interface_A_state_low_level,interface_dqn_h064,unsupported_state_ratio,2,1.0,0.0,1.0,1.0,1.0,1.0,1.0,1.0,1.0
interface_A_state_low_level,interface_dqn_h064,memory_branch_usage_ratio,2,0.0,0.0,0.0,0.0,0.0,0.0,0.0,0.0,0.0
interface_A_state_low_level,interface_dqn_h064,neural_branch_usage_ratio,2,1.0,0.0,1.0,1.0,1.0,1.0,1.0,1.0,1.0
interface_A_state_low_level,interface_dqn_h064,abstention_ratio,2,0.0,0.0,0.0,0.0,0.0,0.0,0.0,0.0,0.0
interface_A_state_low_level,interface_dqn_h064,support_score_mean,2,0.0,0.0,0.0,0.0,0.0,0.0,0.0,0.0,0.0
interface_A_state_low_level,interface_dqn_h064,exact_support_coverage,2,0.0,0.0,0.0,0.0,0.0,0.0,0.0,0.0,0.0
interface_A_state_low_level,interface_dqn_h064,approximate_support_coverage,2,0.0,0.0,0.0,0.0,0.0,0.0,0.0,0.0,0.0
interface_A_state_low_level,interface_dqn_h064,neural_only_fallback_rate,2,1.0,0.0,1.0,1.0,1.0,1.0,1.0,1.0,1.0
interface_A_state_low_level,interface_dqn_h064,inference_time_us_per_decision_mean,2,1084.0055555555555,30.407162939423966,1084.0055555555555,1073.255,1094.7561111111108,810.808035722539,1357.203075388572,1062.5044444444445,1105.5066666666664
interface_A_state_low_level,interface_dqn_h064,inference_time_us_per_decision_median,2,1036.15,11.667261889578034,1036.15,1032.025,1040.275,931.3238109265588,1140.9761890734412,1027.9,1044.4
interface_A_state_low_level,interface_dqn_h064,memory_cost_states,2,0.0,0.0,0.0,0.0,0.0,0.0,0.0,0.0,0.0
interface_A_state_low_level,interface_dqn_h064,memory_cost_entries,2,0.0,0.0,0.0,0.0,0.0,0.0,0.0,0.0,0.0
interface_A_state_low_level,interface_dqn_h064,memory_cost_bytes_estimated,2,0.0,0.0,0.0,0.0,0.0,0.0,0.0,0.0,0.0
interface_B_sensorized_high_level,interface_dqn_h064,mean_return,2,-1.3833648209751117,0.22413558147214724,-1.3833648209751117,-1.4626087157571843,-1.304120926193039,-3.3971431233609115,0.6304134814106881,-1.541852610539257,-1.2248770314109665
interface_B_sensorized_high_level,interface_dqn_h064,success_rate,2,0.0,0.0,0.0,0.0,0.0,0.0,0.0,0.0,0.0
interface_B_sensorized_high_level,interface_dqn_h064,return_auc,2,-1.296099849557698,0.04393228651462252,-1.296099849557698,-1.311632258411458,-1.2805674407039382,-1.6908157834413908,-0.9013839156740053,-1.327164667265218,-1.2650350318501782
interface_B_sensorized_high_level,interface_dqn_h064,success_rate_auc,2,0.0,0.0,0.0,0.0,0.0,0.0,0.0,0.0,0.0
interface_B_sensorized_high_level,interface_dqn_h064,seconds_per_1000_steps,2,8.59328041660774,0.10210327282706914,8.59328041660774,8.55718145830906,8.62937937490642,7.67591890679641,9.510641926419071,8.52108250001038,8.665478333205101
interface_B_sensorized_high_level,interface_dqn_h064,gradient_updates,2,53.0,0.0,53.0,53.0,53.0,53.0,53.0,53.0,53.0
interface_B_sensorized_high_level,interface_dqn_h064,failure_rate,2,1.0,0.0,1.0,1.0,1.0,1.0,1.0,1.0,1.0
interface_B_sensorized_high_level,interface_dqn_h064,collision_rate,2,0.0,0.0,0.0,0.0,0.0,0.0,0.0,0.0,0.0
interface_B_sensorized_high_level,interface_dqn_h064,risk_zone_rate,2,0.8277777777777777,0.2435590024086997,0.8277777777777777,0.7416666666666667,0.9138888888888889,-1.3605130378967527,3.0160685934523084,0.6555555555555556,1.0
interface_B_sensorized_high_level,interface_dqn_h064,idle_rate,2,0.00555555555555555,0.007856742013183853,0.00555555555555555,0.002777777777777775,0.008333333333333325,-0.065034470756526,0.0761455818676371,0.0,0.0111111111111111
interface_B_sensorized_high_level,interface_dqn_h064,risk_adjusted_score,2,-0.00027777777777776666,0.00039283710065917733,-0.00027777777777776666,-0.00041666666666665,-0.00013888888888888333,-0.0038072790933817062,0.003251723537826173,-0.0005555555555555333,0.0
interface_B_sensorized_high_level,interface_dqn_h064,localization_error_mean,2,0.029103473593972383,0.0030656371869276396,0.029103473593972383,0.02801960717220529,0.030187340015739476,0.0015598162706968767,0.05664713091724789,0.026935740750438197,0.03127120643750657
interface_B_sensorized_high_level,interface_dqn_h064,sensor_dropout_rate,2,0.22222222222222215,0.031426968052735434,0.22222222222222215,0.21111111111111105,0.23333333333333328,-0.06013788302610429,0.5045823274705485,0.19999999999999996,0.24444444444444438
interface_B_sensorized_high_level,interface_dqn_h064,camera_visible_rate,2,0.24444444444444446,0.10999438818457409,0.24444444444444446,0.20555555555555555,0.2833333333333333,-0.7438159239246986,1.2327048128135876,0.16666666666666666,0.32222222222222224
interface_B_sensorized_high_level,interface_dqn_h064,motor_saturation_rate,2,0.0,0.0,0.0,0.0,0.0,0.0,0.0,0.0,0.0
interface_B_sensorized_high_level,interface_dqn_h064,unsupported_state_ratio,2,1.0,0.0,1.0,1.0,1.0,1.0,1.0,1.0,1.0
interface_B_sensorized_high_level,interface_dqn_h064,memory_branch_usage_ratio,2,0.0,0.0,0.0,0.0,0.0,0.0,0.0,0.0,0.0
interface_B_sensorized_high_level,interface_dqn_h064,neural_branch_usage_ratio,2,1.0,0.0,1.0,1.0,1.0,1.0,1.0,1.0,1.0
interface_B_sensorized_high_level,interface_dqn_h064,abstention_ratio,2,0.0,0.0,0.0,0.0,0.0,0.0,0.0,0.0,0.0
interface_B_sensorized_high_level,interface_dqn_h064,support_score_mean,2,0.0,0.0,0.0,0.0,0.0,0.0,0.0,0.0,0.0
interface_B_sensorized_high_level,interface_dqn_h064,exact_support_coverage,2,0.0,0.0,0.0,0.0,0.0,0.0,0.0,0.0,0.0
interface_B_sensorized_high_level,interface_dqn_h064,approximate_support_coverage,2,0.0,0.0,0.0,0.0,0.0,0.0,0.0,0.0,0.0
interface_B_sensorized_high_level,interface_dqn_h064,neural_only_fallback_rate,2,1.0,0.0,1.0,1.0,1.0,1.0,1.0,1.0,1.0
interface_B_sensorized_high_level,interface_dqn_h064,inference_time_us_per_decision_mean,2,1012.4272222222223,12.291872879625904,1012.4272222222223,1008.081388888889,1016.7730555555556,901.9891260569729,1122.865318387472,1003.7355555555558,1021.1188888888888
interface_B_sensorized_high_level,interface_dqn_h064,inference_time_us_per_decision_median,2,976.45,15.414927829866784,976.45,971.0,981.9,837.9523683756954,1114.9476316243047,965.55,987.35
interface_B_sensorized_high_level,interface_dqn_h064,memory_cost_states,2,0.0,0.0,0.0,0.0,0.0,0.0,0.0,0.0,0.0
interface_B_sensorized_high_level,interface_dqn_h064,memory_cost_entries,2,0.0,0.0,0.0,0.0,0.0,0.0,0.0,0.0,0.0
interface_B_sensorized_high_level,interface_dqn_h064,memory_cost_bytes_estimated,2,0.0,0.0,0.0,0.0,0.0,0.0,0.0,0.0,0.0
interface_C_state_high_level,interface_dqn_h064,mean_return,2,-1.4154202215880893,0.17650369510958086,-1.4154202215880893,-1.4778237014463231,-1.3530167417298558,-3.0012430042450324,0.17040256106885399,-1.540227181304557,-1.290613261871622
interface_C_state_high_level,interface_dqn_h064,success_rate,2,0.0,0.0,0.0,0.0,0.0,0.0,0.0,0.0,0.0
interface_C_state_high_level,interface_dqn_h064,return_auc,2,-1.164728092217362,0.025445790431074446,-1.164728092217362,-1.1737245377005943,-1.1557316467341299,-1.393349448632928,-0.9361067358017958,-1.1827209831838266,-1.1467352012508976
interface_C_state_high_level,interface_dqn_h064,success_rate_auc,2,0.0,0.0,0.0,0.0,0.0,0.0,0.0,0.0,0.0
interface_C_state_high_level,interface_dqn_h064,seconds_per_1000_steps,2,9.198233541731799,0.11134663166645337,9.198233541731799,9.158866562574985,9.237600520888614,8.197823747709373,10.198643335754225,9.11949958341817,9.27696750004543
interface_C_state_high_level,interface_dqn_h064,gradient_updates,2,53.0,0.0,53.0,53.0,53.0,53.0,53.0,53.0,53.0
interface_C_state_high_level,interface_dqn_h064,failure_rate,2,1.0,0.0,1.0,1.0,1.0,1.0,1.0,1.0,1.0
interface_C_state_high_level,interface_dqn_h064,collision_rate,2,0.0,0.0,0.0,0.0,0.0,0.0,0.0,0.0,0.0
interface_C_state_high_level,interface_dqn_h064,risk_zone_rate,2,0.8333333333333333,0.23570226039551587,0.8333333333333333,0.75,0.9166666666666666,-1.284367456029116,2.9510341226957824,0.6666666666666666,1.0
interface_C_state_high_level,interface_dqn_h064,idle_rate,2,0.3333333333333333,0.4714045207910317,0.3333333333333333,0.16666666666666666,0.5,-3.9020682453915643,4.568734912058231,0.0,0.6666666666666666
interface_C_state_high_level,interface_dqn_h064,risk_adjusted_score,2,-0.016666666666666666,0.023570226039551584,-0.016666666666666666,-0.025,-0.008333333333333333,-0.22843674560291155,0.19510341226957822,-0.03333333333333333,0.0
interface_C_state_high_level,interface_dqn_h064,localization_error_mean,2,0.028695783643403597,0.002356400163286633,0.028695783643403597,0.027862670376079066,0.02952889691072813,0.007524368157305686,0.04986719912950151,0.027029557108754532,0.030362010178052665
interface_C_state_high_level,interface_dqn_h064,sensor_dropout_rate,2,0.22222222222222215,0.031426968052735434,0.22222222222222215,0.21111111111111105,0.23333333333333328,-0.06013788302610429,0.5045823274705485,0.19999999999999996,0.24444444444444438
interface_C_state_high_level,interface_dqn_h064,camera_visible_rate,2,0.2111111111111111,0.15713484026367724,0.2111111111111111,0.15555555555555556,0.26666666666666666,-1.2006894151305219,1.622911637352744,0.09999999999999999,0.32222222222222224
interface_C_state_high_level,interface_dqn_h064,motor_saturation_rate,2,0.0,0.0,0.0,0.0,0.0,0.0,0.0,0.0,0.0
interface_C_state_high_level,interface_dqn_h064,unsupported_state_ratio,2,1.0,0.0,1.0,1.0,1.0,1.0,1.0,1.0,1.0
interface_C_state_high_level,interface_dqn_h064,memory_branch_usage_ratio,2,0.0,0.0,0.0,0.0,0.0,0.0,0.0,0.0,0.0
interface_C_state_high_level,interface_dqn_h064,neural_branch_usage_ratio,2,1.0,0.0,1.0,1.0,1.0,1.0,1.0,1.0,1.0
interface_C_state_high_level,interface_dqn_h064,abstention_ratio,2,0.0,0.0,0.0,0.0,0.0,0.0,0.0,0.0,0.0
interface_C_state_high_level,interface_dqn_h064,support_score_mean,2,0.0,0.0,0.0,0.0,0.0,0.0,0.0,0.0,0.0
interface_C_state_high_level,interface_dqn_h064,exact_support_coverage,2,0.0,0.0,0.0,0.0,0.0,0.0,0.0,0.0,0.0
interface_C_state_high_level,interface_dqn_h064,approximate_support_coverage,2,0.0,0.0,0.0,0.0,0.0,0.0,0.0,0.0,0.0
interface_C_state_high_level,interface_dqn_h064,neural_only_fallback_rate,2,1.0,0.0,1.0,1.0,1.0,1.0,1.0,1.0,1.0
interface_C_state_high_level,interface_dqn_h064,inference_time_us_per_decision_mean,2,1066.1216666666667,19.85163004471167,1066.1216666666667,1059.1030555555556,1073.1402777777778,887.76184718393,1244.4814861494033,1052.0844444444444,1080.158888888889
interface_C_state_high_level,interface_dqn_h064,inference_time_us_per_decision_median,2,1025.525,48.4721698503378,1025.525,1008.3875,1042.6625,590.0198326676127,1461.0301673323875,991.25,1059.8
interface_C_state_high_level,interface_dqn_h064,memory_cost_states,2,0.0,0.0,0.0,0.0,0.0,0.0,0.0,0.0,0.0
interface_C_state_high_level,interface_dqn_h064,memory_cost_entries,2,0.0,0.0,0.0,0.0,0.0,0.0,0.0,0.0,0.0
interface_C_state_high_level,interface_dqn_h064,memory_cost_bytes_estimated,2,0.0,0.0,0.0,0.0,0.0,0.0,0.0,0.0,0.0
interface_D_sensorized_low_level,interface_dqn_h064,mean_return,2,-1.3925016581565917,0.029261037441065424,-1.3925016581565917,-1.4028469971561572,-1.3821563191570263,-1.6554016489438133,-1.12960166736937,-1.4131923361557226,-1.371810980157461
interface_D_sensorized_low_level,interface_dqn_h064,success_rate,2,0.0,0.0,0.0,0.0,0.0,0.0,0.0,0.0,0.0
interface_D_sensorized_low_level,interface_dqn_h064,return_auc,2,-1.2677068042838557,0.15867047103646068,-1.2677068042838557,-1.3238052873058281,-1.2116083212618833,-2.693304425615861,0.1578908170481499,-1.3799037703278008,-1.1555098382399107
interface_D_sensorized_low_level,interface_dqn_h064,success_rate_auc,2,0.0,0.0,0.0,0.0,0.0,0.0,0.0,0.0,0.0
interface_D_sensorized_low_level,interface_dqn_h064,seconds_per_1000_steps,2,7.81921229160313,0.11958913970748443,7.81921229160313,7.7769311457814165,7.861493437424844,6.744746501021624,8.893678082184636,7.734649999959703,7.903774583246558
interface_D_sensorized_low_level,interface_dqn_h064,gradient_updates,2,53.0,0.0,53.0,53.0,53.0,53.0,53.0,53.0,53.0
interface_D_sensorized_low_level,interface_dqn_h064,failure_rate,2,1.0,0.0,1.0,1.0,1.0,1.0,1.0,1.0,1.0
interface_D_sensorized_low_level,interface_dqn_h064,collision_rate,2,0.0,0.0,0.0,0.0,0.0,0.0,0.0,0.0,0.0
interface_D_sensorized_low_level,interface_dqn_h064,risk_zone_rate,2,0.8055555555555556,0.19641855032959663,0.8055555555555556,0.7361111111111112,0.875,-0.959195102246486,2.570306213357597,0.6666666666666666,0.9444444444444445
interface_D_sensorized_low_level,interface_dqn_h064,idle_rate,2,0.33888888888888896,0.47926126280421566,0.33888888888888896,0.16944444444444448,0.5083333333333334,-3.967102716148091,4.644880493925869,0.0,0.6777777777777779
interface_D_sensorized_low_level,interface_dqn_h064,risk_adjusted_score,2,-0.016944444444444432,0.02396306314021076,-0.016944444444444432,-0.02541666666666665,-0.008472222222222216,-0.23224402469629327,0.1983551358074044,-0.033888888888888864,0.0
interface_D_sensorized_low_level,interface_dqn_h064,localization_error_mean,2,0.029606081636706583,0.003397423721548173,0.029606081636706583,0.028404910960671208,0.030807252312741958,-0.0009185594288830985,0.06013072270229626,0.027203740284635833,0.03200842298877733
interface_D_sensorized_low_level,interface_dqn_h064,sensor_dropout_rate,2,0.22222222222222215,0.031426968052735434,0.22222222222222215,0.21111111111111105,0.23333333333333328,-0.06013788302610429,0.5045823274705485,0.19999999999999996,0.24444444444444438
interface_D_sensorized_low_level,interface_dqn_h064,camera_visible_rate,2,0.23333333333333334,0.12570787221094182,0.23333333333333334,0.18888888888888888,0.2777777777777778,-0.896107087659973,1.3627737543266398,0.14444444444444443,0.32222222222222224
interface_D_sensorized_low_level,interface_dqn_h064,motor_saturation_rate,2,0.0,0.0,0.0,0.0,0.0,0.0,0.0,0.0,0.0
interface_D_sensorized_low_level,interface_dqn_h064,unsupported_state_ratio,2,1.0,0.0,1.0,1.0,1.0,1.0,1.0,1.0,1.0
interface_D_sensorized_low_level,interface_dqn_h064,memory_branch_usage_ratio,2,0.0,0.0,0.0,0.0,0.0,0.0,0.0,0.0,0.0
interface_D_sensorized_low_level,interface_dqn_h064,neural_branch_usage_ratio,2,1.0,0.0,1.0,1.0,1.0,1.0,1.0,1.0,1.0
interface_D_sensorized_low_level,interface_dqn_h064,abstention_ratio,2,0.0,0.0,0.0,0.0,0.0,0.0,0.0,0.0,0.0
interface_D_sensorized_low_level,interface_dqn_h064,support_score_mean,2,0.0,0.0,0.0,0.0,0.0,0.0,0.0,0.0,0.0
interface_D_sensorized_low_level,interface_dqn_h064,exact_support_coverage,2,0.0,0.0,0.0,0.0,0.0,0.0,0.0,0.0,0.0
interface_D_sensorized_low_level,interface_dqn_h064,approximate_support_coverage,2,0.0,0.0,0.0,0.0,0.0,0.0,0.0,0.0,0.0
interface_D_sensorized_low_level,interface_dqn_h064,neural_only_fallback_rate,2,1.0,0.0,1.0,1.0,1.0,1.0,1.0,1.0,1.0
interface_D_sensorized_low_level,interface_dqn_h064,inference_time_us_per_decision_mean,2,970.8138888888891,15.098301126735386,970.8138888888891,965.4758333333335,976.1519444444446,835.1610353249622,1106.466742452816,960.137777777778,981.4900000000001
interface_D_sensorized_low_level,interface_dqn_h064,inference_time_us_per_decision_median,2,941.5,13.93000358937502,941.5,936.575,946.425,816.343883348679,1066.656116651321,931.65,951.35
interface_D_sensorized_low_level,interface_dqn_h064,memory_cost_states,2,0.0,0.0,0.0,0.0,0.0,0.0,0.0,0.0,0.0
interface_D_sensorized_low_level,interface_dqn_h064,memory_cost_entries,2,0.0,0.0,0.0,0.0,0.0,0.0,0.0,0.0,0.0
interface_D_sensorized_low_level,interface_dqn_h064,memory_cost_bytes_estimated,2,0.0,0.0,0.0,0.0,0.0,0.0,0.0,0.0,0.0
