estimator,memory_size,dimension,k,status,reason_if_unavailable,build_time_seconds,median_query_latency_seconds,p95_query_latency_seconds,memory_bytes,serialized_size_bytes,warmup_calls,measured_queries_per_repeat,timing_repeats,query_sample_count,build_repeats,cpu_threads,logical_cpu_count,cpu_model,platform,python_version,numpy_version,scipy_version,torch_version,device,gpu_used,synthetic_seed,data_dtype,query_hit_fraction,embedding_dimension,embedding_snapshot_hash,expected_asymptotic_time,observed_query_scaling_exponent,observed_memory_scaling_exponent,memory_definition,serialized_size_definition,timing_scope,query_checksum
brute_force_euclidean_knn,100,4,5,completed,,8.3e-06,3e-05,5.7249999999999996e-05,1600,1746,5,20,5,100,3,1,12,"Intel64 Family 6 Model 165 Stepping 3, GenuineIntel",Windows-11-10.0.26200-SP0,3.14.3,2.4.3,1.17.1,2.11.0+cpu,cpu,False,20260805,float32,0.5,0,,"build O(n*d), query O(n*d)",0.8106782491528021,0.9999999999999998,Estimator-owned arrays/model tensors and exposed cKDTree arrays plus Python container sizes where measurable; allocator fragmentation and temporary query workspace excluded.,Length in bytes of pickle protocol 5 for the immutable estimator state used by this microbenchmark.,Single-thread warmed CPU wall-clock; per-query timings include query representation and search/density evaluation but exclude synthetic data generation and serialization.,512.7159922122955
ckdtree_indexed_knn,100,4,5,completed,,0.000116,4.92e-05,8.012999999999997e-05,4152,5507,5,20,5,100,3,1,12,"Intel64 Family 6 Model 165 Stepping 3, GenuineIntel",Windows-11-10.0.26200-SP0,3.14.3,2.4.3,1.17.1,2.11.0+cpu,cpu,False,20260805,float32,0.5,0,,"build O(n*log(n)*d), average query O(log(n)*d + k); worst-case O(n*d)",0.07265137280166725,0.9949975257301931,Estimator-owned arrays/model tensors and exposed cKDTree arrays plus Python container sizes where measurable; allocator fragmentation and temporary query workspace excluded.,Length in bytes of pickle protocol 5 for the immutable estimator state used by this microbenchmark.,Single-thread warmed CPU wall-clock; per-query timings include query representation and search/density evaluation but exclude synthetic data generation and serialization.,512.7159984810531
exact_hash_lookup,100,4,0,completed,,0.0001064,1.3e-06,1.7049999999999998e-06,12388,2116,5,20,5,100,3,1,12,"Intel64 Family 6 Model 165 Stepping 3, GenuineIntel",Windows-11-10.0.26200-SP0,3.14.3,2.4.3,1.17.1,2.11.0+cpu,cpu,False,20260805,float32,0.5,0,,"build O(n*d), expected query O(d) for state-byte hashing; worst-case hash lookup O(n)",0.09522612355564498,1.0027721630395283,Estimator-owned arrays/model tensors and exposed cKDTree arrays plus Python container sizes where measurable; allocator fragmentation and temporary query workspace excluded.,Length in bytes of pickle protocol 5 for the immutable estimator state used by this microbenchmark.,Single-thread warmed CPU wall-clock; per-query timings include query representation and search/density evaluation but exclude synthetic data generation and serialization.,50.0
frozen_embedding_ckdtree_knn,100,4,5,completed,,0.0123408,0.00030055,0.0004906099999999998,73152,74956,5,20,5,100,3,1,12,"Intel64 Family 6 Model 165 Stepping 3, GenuineIntel",Windows-11-10.0.26200-SP0,3.14.3,2.4.3,1.17.1,2.11.0+cpu,cpu,False,20260805,float32,0.5,64,de03cd4b22040ad452673f46faa5eee59e2bb9963455f97c43559173b0a2d093,"build O(n*network_cost + n*log(n)*e), query O(network_cost + log(n)*e + k), worst-case indexed search O(n*e)",0.2421952865933591,0.9581312324505948,Estimator-owned arrays/model tensors and exposed cKDTree arrays plus Python container sizes where measurable; allocator fragmentation and temporary query workspace excluded.,Length in bytes of pickle protocol 5 for the immutable estimator state used by this microbenchmark.,Single-thread warmed CPU wall-clock; per-query timings include query representation and search/density evaluation but exclude synthetic data generation and serialization.,303.61430166285464
regularized_gaussian_density,100,4,0,completed,,0.0002536,4.15e-05,4.961e-05,3360,3636,5,20,5,100,3,1,12,"Intel64 Family 6 Model 165 Stepping 3, GenuineIntel",Windows-11-10.0.26200-SP0,3.14.3,2.4.3,1.17.1,2.11.0+cpu,cpu,False,20260805,float32,0.5,0,,"build O(n*d^2 + d^3), query O(n*d + d^2)",0.8378761291402063,0.9934548276549645,Estimator-owned arrays/model tensors and exposed cKDTree arrays plus Python container sizes where measurable; allocator fragmentation and temporary query workspace excluded.,Length in bytes of pickle protocol 5 for the immutable estimator state used by this microbenchmark.,Single-thread warmed CPU wall-clock; per-query timings include query representation and search/density evaluation but exclude synthetic data generation and serialization.,-619.08813348052
regularized_mahalanobis,100,4,5,completed,,0.0003244,3.555e-05,7.391499999999997e-05,3360,3603,5,20,5,100,3,1,12,"Intel64 Family 6 Model 165 Stepping 3, GenuineIntel",Windows-11-10.0.26200-SP0,3.14.3,2.4.3,1.17.1,2.11.0+cpu,cpu,False,20260805,float32,0.5,0,,"build O(n*d^2 + d^3), query O(n*d + d^2) after whitening",0.8482138394569411,0.9934548276549645,Estimator-owned arrays/model tensors and exposed cKDTree arrays plus Python container sizes where measurable; allocator fragmentation and temporary query workspace excluded.,Length in bytes of pickle protocol 5 for the immutable estimator state used by this microbenchmark.,Single-thread warmed CPU wall-clock; per-query timings include query representation and search/density evaluation but exclude synthetic data generation and serialization.,492.121979572123
brute_force_euclidean_knn,1000,4,5,completed,,1.26e-05,5.635e-05,0.00011488999999999998,16000,16147,5,20,5,100,3,1,12,"Intel64 Family 6 Model 165 Stepping 3, GenuineIntel",Windows-11-10.0.26200-SP0,3.14.3,2.4.3,1.17.1,2.11.0+cpu,cpu,False,20260805,float32,0.5,0,,"build O(n*d), query O(n*d)",0.8106782491528021,0.9999999999999998,Estimator-owned arrays/model tensors and exposed cKDTree arrays plus Python container sizes where measurable; allocator fragmentation and temporary query workspace excluded.,Length in bytes of pickle protocol 5 for the immutable estimator state used by this microbenchmark.,Single-thread warmed CPU wall-clock; per-query timings include query representation and search/density evaluation but exclude synthetic data generation and serialization.,267.273664355278
ckdtree_indexed_knn,1000,4,5,completed,,0.0003502,5.13e-05,8.789999999999995e-05,40152,49574,5,20,5,100,3,1,12,"Intel64 Family 6 Model 165 Stepping 3, GenuineIntel",Windows-11-10.0.26200-SP0,3.14.3,2.4.3,1.17.1,2.11.0+cpu,cpu,False,20260805,float32,0.5,0,,"build O(n*log(n)*d), average query O(log(n)*d + k); worst-case O(n*d)",0.07265137280166725,0.9949975257301931,Estimator-owned arrays/model tensors and exposed cKDTree arrays plus Python container sizes where measurable; allocator fragmentation and temporary query workspace excluded.,Length in bytes of pickle protocol 5 for the immutable estimator state used by this microbenchmark.,Single-thread warmed CPU wall-clock; per-query timings include query representation and search/density evaluation but exclude synthetic data generation and serialization.,267.27366455680476
exact_hash_lookup,1000,4,0,completed,,0.0005145,1.7e-06,2.6049999999999996e-06,113952,21018,5,20,5,100,3,1,12,"Intel64 Family 6 Model 165 Stepping 3, GenuineIntel",Windows-11-10.0.26200-SP0,3.14.3,2.4.3,1.17.1,2.11.0+cpu,cpu,False,20260805,float32,0.5,0,,"build O(n*d), expected query O(d) for state-byte hashing; worst-case hash lookup O(n)",0.09522612355564498,1.0027721630395283,Estimator-owned arrays/model tensors and exposed cKDTree arrays plus Python container sizes where measurable; allocator fragmentation and temporary query workspace excluded.,Length in bytes of pickle protocol 5 for the immutable estimator state used by this microbenchmark.,Single-thread warmed CPU wall-clock; per-query timings include query representation and search/density evaluation but exclude synthetic data generation and serialization.,50.0
frozen_embedding_ckdtree_knn,1000,4,5,completed,,0.0155329,0.0009782,0.00142718,555552,565424,5,20,5,100,3,1,12,"Intel64 Family 6 Model 165 Stepping 3, GenuineIntel",Windows-11-10.0.26200-SP0,3.14.3,2.4.3,1.17.1,2.11.0+cpu,cpu,False,20260805,float32,0.5,64,de03cd4b22040ad452673f46faa5eee59e2bb9963455f97c43559173b0a2d093,"build O(n*network_cost + n*log(n)*e), query O(network_cost + log(n)*e + k), worst-case indexed search O(n*e)",0.2421952865933591,0.9581312324505948,Estimator-owned arrays/model tensors and exposed cKDTree arrays plus Python container sizes where measurable; allocator fragmentation and temporary query workspace excluded.,Length in bytes of pickle protocol 5 for the immutable estimator state used by this microbenchmark.,Single-thread warmed CPU wall-clock; per-query timings include query representation and search/density evaluation but exclude synthetic data generation and serialization.,165.08765297941898
regularized_gaussian_density,1000,4,0,completed,,0.0004487,7.89e-05,0.00012100999999999998,32160,32437,5,20,5,100,3,1,12,"Intel64 Family 6 Model 165 Stepping 3, GenuineIntel",Windows-11-10.0.26200-SP0,3.14.3,2.4.3,1.17.1,2.11.0+cpu,cpu,False,20260805,float32,0.5,0,,"build O(n*d^2 + d^3), query O(n*d + d^2)",0.8378761291402063,0.9934548276549645,Estimator-owned arrays/model tensors and exposed cKDTree arrays plus Python container sizes where measurable; allocator fragmentation and temporary query workspace excluded.,Length in bytes of pickle protocol 5 for the immutable estimator state used by this microbenchmark.,Single-thread warmed CPU wall-clock; per-query timings include query representation and search/density evaluation but exclude synthetic data generation and serialization.,-596.2049323288951
regularized_mahalanobis,1000,4,5,completed,,0.0004287,6.185e-05,8.855e-05,32160,32404,5,20,5,100,3,1,12,"Intel64 Family 6 Model 165 Stepping 3, GenuineIntel",Windows-11-10.0.26200-SP0,3.14.3,2.4.3,1.17.1,2.11.0+cpu,cpu,False,20260805,float32,0.5,0,,"build O(n*d^2 + d^3), query O(n*d + d^2) after whitening",0.8482138394569411,0.9934548276549645,Estimator-owned arrays/model tensors and exposed cKDTree arrays plus Python container sizes where measurable; allocator fragmentation and temporary query workspace excluded.,Length in bytes of pickle protocol 5 for the immutable estimator state used by this microbenchmark.,Single-thread warmed CPU wall-clock; per-query timings include query representation and search/density evaluation but exclude synthetic data generation and serialization.,269.4190350627631
brute_force_euclidean_knn,10000,4,5,completed,,5.96e-05,0.00035395,0.0004906599999999999,160000,160156,5,20,5,100,3,1,12,"Intel64 Family 6 Model 165 Stepping 3, GenuineIntel",Windows-11-10.0.26200-SP0,3.14.3,2.4.3,1.17.1,2.11.0+cpu,cpu,False,20260805,float32,0.5,0,,"build O(n*d), query O(n*d)",0.8106782491528021,0.9999999999999998,Estimator-owned arrays/model tensors and exposed cKDTree arrays plus Python container sizes where measurable; allocator fragmentation and temporary query workspace excluded.,Length in bytes of pickle protocol 5 for the immutable estimator state used by this microbenchmark.,Single-thread warmed CPU wall-clock; per-query timings include query representation and search/density evaluation but exclude synthetic data generation and serialization.,147.38696563243866
ckdtree_indexed_knn,10000,4,5,completed,,0.0054787,6.49e-05,0.0001052,400152,547843,5,20,5,100,3,1,12,"Intel64 Family 6 Model 165 Stepping 3, GenuineIntel",Windows-11-10.0.26200-SP0,3.14.3,2.4.3,1.17.1,2.11.0+cpu,cpu,False,20260805,float32,0.5,0,,"build O(n*log(n)*d), average query O(log(n)*d + k); worst-case O(n*d)",0.07265137280166725,0.9949975257301931,Estimator-owned arrays/model tensors and exposed cKDTree arrays plus Python container sizes where measurable; allocator fragmentation and temporary query workspace excluded.,Length in bytes of pickle protocol 5 for the immutable estimator state used by this microbenchmark.,Single-thread warmed CPU wall-clock; per-query timings include query representation and search/density evaluation but exclude synthetic data generation and serialization.,147.38696651282535
exact_hash_lookup,10000,4,0,completed,,0.0057956,1.7e-06,2.5e-06,1064992,210063,5,20,5,100,3,1,12,"Intel64 Family 6 Model 165 Stepping 3, GenuineIntel",Windows-11-10.0.26200-SP0,3.14.3,2.4.3,1.17.1,2.11.0+cpu,cpu,False,20260805,float32,0.5,0,,"build O(n*d), expected query O(d) for state-byte hashing; worst-case hash lookup O(n)",0.09522612355564498,1.0027721630395283,Estimator-owned arrays/model tensors and exposed cKDTree arrays plus Python container sizes where measurable; allocator fragmentation and temporary query workspace excluded.,Length in bytes of pickle protocol 5 for the immutable estimator state used by this microbenchmark.,Single-thread warmed CPU wall-clock; per-query timings include query representation and search/density evaluation but exclude synthetic data generation and serialization.,50.0
frozen_embedding_ckdtree_knn,10000,4,5,completed,,0.0766133,0.0014461,0.0022691499999999997,5379552,5526541,5,20,5,100,3,1,12,"Intel64 Family 6 Model 165 Stepping 3, GenuineIntel",Windows-11-10.0.26200-SP0,3.14.3,2.4.3,1.17.1,2.11.0+cpu,cpu,False,20260805,float32,0.5,64,de03cd4b22040ad452673f46faa5eee59e2bb9963455f97c43559173b0a2d093,"build O(n*network_cost + n*log(n)*e), query O(network_cost + log(n)*e + k), worst-case indexed search O(n*e)",0.2421952865933591,0.9581312324505948,Estimator-owned arrays/model tensors and exposed cKDTree arrays plus Python container sizes where measurable; allocator fragmentation and temporary query workspace excluded.,Length in bytes of pickle protocol 5 for the immutable estimator state used by this microbenchmark.,Single-thread warmed CPU wall-clock; per-query timings include query representation and search/density evaluation but exclude synthetic data generation and serialization.,93.01922638938002
regularized_gaussian_density,10000,4,0,completed,,0.0026952,0.0007311500000000001,0.001019795,320160,320446,5,20,5,100,3,1,12,"Intel64 Family 6 Model 165 Stepping 3, GenuineIntel",Windows-11-10.0.26200-SP0,3.14.3,2.4.3,1.17.1,2.11.0+cpu,cpu,False,20260805,float32,0.5,0,,"build O(n*d^2 + d^3), query O(n*d + d^2)",0.8378761291402063,0.9934548276549645,Estimator-owned arrays/model tensors and exposed cKDTree arrays plus Python container sizes where measurable; allocator fragmentation and temporary query workspace excluded.,Length in bytes of pickle protocol 5 for the immutable estimator state used by this microbenchmark.,Single-thread warmed CPU wall-clock; per-query timings include query representation and search/density evaluation but exclude synthetic data generation and serialization.,-592.1522558397403
regularized_mahalanobis,10000,4,5,completed,,0.0020595,0.0004826,0.0007060149999999999,320160,320413,5,20,5,100,3,1,12,"Intel64 Family 6 Model 165 Stepping 3, GenuineIntel",Windows-11-10.0.26200-SP0,3.14.3,2.4.3,1.17.1,2.11.0+cpu,cpu,False,20260805,float32,0.5,0,,"build O(n*d^2 + d^3), query O(n*d + d^2) after whitening",0.8482138394569411,0.9934548276549645,Estimator-owned arrays/model tensors and exposed cKDTree arrays plus Python container sizes where measurable; allocator fragmentation and temporary query workspace excluded.,Length in bytes of pickle protocol 5 for the immutable estimator state used by this microbenchmark.,Single-thread warmed CPU wall-clock; per-query timings include query representation and search/density evaluation but exclude synthetic data generation and serialization.,147.82742701249003
brute_force_euclidean_knn,100000,4,5,completed,,0.0016321,0.008191549999999999,0.009780005,1600000,1600158,5,20,5,100,3,1,12,"Intel64 Family 6 Model 165 Stepping 3, GenuineIntel",Windows-11-10.0.26200-SP0,3.14.3,2.4.3,1.17.1,2.11.0+cpu,cpu,False,20260805,float32,0.5,0,,"build O(n*d), query O(n*d)",0.8106782491528021,0.9999999999999998,Estimator-owned arrays/model tensors and exposed cKDTree arrays plus Python container sizes where measurable; allocator fragmentation and temporary query workspace excluded.,Length in bytes of pickle protocol 5 for the immutable estimator state used by this microbenchmark.,Single-thread warmed CPU wall-clock; per-query timings include query representation and search/density evaluation but exclude synthetic data generation and serialization.,88.49351295828819
ckdtree_indexed_knn,100000,4,5,completed,,0.1157569,7.945e-05,0.000115775,4000152,5180041,5,20,5,100,3,1,12,"Intel64 Family 6 Model 165 Stepping 3, GenuineIntel",Windows-11-10.0.26200-SP0,3.14.3,2.4.3,1.17.1,2.11.0+cpu,cpu,False,20260805,float32,0.5,0,,"build O(n*log(n)*d), average query O(log(n)*d + k); worst-case O(n*d)",0.07265137280166725,0.9949975257301931,Estimator-owned arrays/model tensors and exposed cKDTree arrays plus Python container sizes where measurable; allocator fragmentation and temporary query workspace excluded.,Length in bytes of pickle protocol 5 for the immutable estimator state used by this microbenchmark.,Single-thread warmed CPU wall-clock; per-query timings include query representation and search/density evaluation but exclude synthetic data generation and serialization.,88.49351291994789
exact_hash_lookup,100000,4,0,completed,,0.0885526,2.7e-06,5.3e-06,12942960,2100504,5,20,5,100,3,1,12,"Intel64 Family 6 Model 165 Stepping 3, GenuineIntel",Windows-11-10.0.26200-SP0,3.14.3,2.4.3,1.17.1,2.11.0+cpu,cpu,False,20260805,float32,0.5,0,,"build O(n*d), expected query O(d) for state-byte hashing; worst-case hash lookup O(n)",0.09522612355564498,1.0027721630395283,Estimator-owned arrays/model tensors and exposed cKDTree arrays plus Python container sizes where measurable; allocator fragmentation and temporary query workspace excluded.,Length in bytes of pickle protocol 5 for the immutable estimator state used by this microbenchmark.,Single-thread warmed CPU wall-clock; per-query timings include query representation and search/density evaluation but exclude synthetic data generation and serialization.,50.0
frozen_embedding_ckdtree_knn,100000,4,5,completed,,0.8940572,0.00169295,0.0030960349999999996,53619552,54812853,5,20,5,100,3,1,12,"Intel64 Family 6 Model 165 Stepping 3, GenuineIntel",Windows-11-10.0.26200-SP0,3.14.3,2.4.3,1.17.1,2.11.0+cpu,cpu,False,20260805,float32,0.5,64,de03cd4b22040ad452673f46faa5eee59e2bb9963455f97c43559173b0a2d093,"build O(n*network_cost + n*log(n)*e), query O(network_cost + log(n)*e + k), worst-case indexed search O(n*e)",0.2421952865933591,0.9581312324505948,Estimator-owned arrays/model tensors and exposed cKDTree arrays plus Python container sizes where measurable; allocator fragmentation and temporary query workspace excluded.,Length in bytes of pickle protocol 5 for the immutable estimator state used by this microbenchmark.,Single-thread warmed CPU wall-clock; per-query timings include query representation and search/density evaluation but exclude synthetic data generation and serialization.,57.24582832427764
regularized_gaussian_density,100000,4,0,completed,,0.0320471,0.012264750000000001,0.0129334,3200160,3200448,5,20,5,100,3,1,12,"Intel64 Family 6 Model 165 Stepping 3, GenuineIntel",Windows-11-10.0.26200-SP0,3.14.3,2.4.3,1.17.1,2.11.0+cpu,cpu,False,20260805,float32,0.5,0,,"build O(n*d^2 + d^3), query O(n*d + d^2)",0.8378761291402063,0.9934548276549645,Estimator-owned arrays/model tensors and exposed cKDTree arrays plus Python container sizes where measurable; allocator fragmentation and temporary query workspace excluded.,Length in bytes of pickle protocol 5 for the immutable estimator state used by this microbenchmark.,Single-thread warmed CPU wall-clock; per-query timings include query representation and search/density evaluation but exclude synthetic data generation and serialization.,-603.3379825187928
regularized_mahalanobis,100000,4,5,completed,,0.030629,0.0120449,0.013937789999999999,3200160,3200415,5,20,5,100,3,1,12,"Intel64 Family 6 Model 165 Stepping 3, GenuineIntel",Windows-11-10.0.26200-SP0,3.14.3,2.4.3,1.17.1,2.11.0+cpu,cpu,False,20260805,float32,0.5,0,,"build O(n*d^2 + d^3), query O(n*d + d^2) after whitening",0.8482138394569411,0.9934548276549645,Estimator-owned arrays/model tensors and exposed cKDTree arrays plus Python container sizes where measurable; allocator fragmentation and temporary query workspace excluded.,Length in bytes of pickle protocol 5 for the immutable estimator state used by this microbenchmark.,Single-thread warmed CPU wall-clock; per-query timings include query representation and search/density evaluation but exclude synthetic data generation and serialization.,88.31011722130768
brute_force_euclidean_knn,100,22,5,completed,,7.2e-06,3.2149999999999995e-05,6.5785e-05,8800,8946,5,20,5,100,3,1,12,"Intel64 Family 6 Model 165 Stepping 3, GenuineIntel",Windows-11-10.0.26200-SP0,3.14.3,2.4.3,1.17.1,2.11.0+cpu,cpu,False,20260805,float32,0.5,0,,"build O(n*d), query O(n*d)",1.0005737611279297,0.9999999999999998,Estimator-owned arrays/model tensors and exposed cKDTree arrays plus Python container sizes where measurable; allocator fragmentation and temporary query workspace excluded.,Length in bytes of pickle protocol 5 for the immutable estimator state used by this microbenchmark.,Single-thread warmed CPU wall-clock; per-query timings include query representation and search/density evaluation but exclude synthetic data generation and serialization.,2120.4359102249146
ckdtree_indexed_knn,100,22,5,completed,,0.0001059,5.385e-05,7.4575e-05,18840,20195,5,20,5,100,3,1,12,"Intel64 Family 6 Model 165 Stepping 3, GenuineIntel",Windows-11-10.0.26200-SP0,3.14.3,2.4.3,1.17.1,2.11.0+cpu,cpu,False,20260805,float32,0.5,0,,"build O(n*log(n)*d), average query O(log(n)*d + k); worst-case O(n*d)",1.0185358576916737,0.9968308479269224,Estimator-owned arrays/model tensors and exposed cKDTree arrays plus Python container sizes where measurable; allocator fragmentation and temporary query workspace excluded.,Length in bytes of pickle protocol 5 for the immutable estimator state used by this microbenchmark.,Single-thread warmed CPU wall-clock; per-query timings include query representation and search/density evaluation but exclude synthetic data generation and serialization.,2120.435906946805
exact_hash_lookup,100,22,0,completed,,8.85e-05,1.4e-06,2.1049999999999993e-06,19588,9316,5,20,5,100,3,1,12,"Intel64 Family 6 Model 165 Stepping 3, GenuineIntel",Windows-11-10.0.26200-SP0,3.14.3,2.4.3,1.17.1,2.11.0+cpu,cpu,False,20260805,float32,0.5,0,,"build O(n*d), expected query O(d) for state-byte hashing; worst-case hash lookup O(n)",0.08548406164523004,1.0018635005157008,Estimator-owned arrays/model tensors and exposed cKDTree arrays plus Python container sizes where measurable; allocator fragmentation and temporary query workspace excluded.,Length in bytes of pickle protocol 5 for the immutable estimator state used by this microbenchmark.,Single-thread warmed CPU wall-clock; per-query timings include query representation and search/density evaluation but exclude synthetic data generation and serialization.,50.0
frozen_embedding_ckdtree_knn,100,22,5,completed,,0.0109739,0.0003241,0.0005780799999999998,84960,86764,5,20,5,100,3,1,12,"Intel64 Family 6 Model 165 Stepping 3, GenuineIntel",Windows-11-10.0.26200-SP0,3.14.3,2.4.3,1.17.1,2.11.0+cpu,cpu,False,20260805,float32,0.5,64,d653bbd16f04fd4ee33c2ba00e5db979312090e32a12c5ba91614afaff0b349c,"build O(n*network_cost + n*log(n)*e), query O(network_cost + log(n)*e + k), worst-case indexed search O(n*e)",0.8333988135164455,0.9549383744833266,Estimator-owned arrays/model tensors and exposed cKDTree arrays plus Python container sizes where measurable; allocator fragmentation and temporary query workspace excluded.,Length in bytes of pickle protocol 5 for the immutable estimator state used by this microbenchmark.,Single-thread warmed CPU wall-clock; per-query timings include query representation and search/density evaluation but exclude synthetic data generation and serialization.,423.1448878561638
regularized_gaussian_density,100,22,0,completed,,0.0006397,4.49e-05,6.5575e-05,21648,21924,5,20,5,100,3,1,12,"Intel64 Family 6 Model 165 Stepping 3, GenuineIntel",Windows-11-10.0.26200-SP0,3.14.3,2.4.3,1.17.1,2.11.0+cpu,cpu,False,20260805,float32,0.5,0,,"build O(n*d^2 + d^3), query O(n*d + d^2)",1.0614945236316542,0.9721706391063966,Estimator-owned arrays/model tensors and exposed cKDTree arrays plus Python container sizes where measurable; allocator fragmentation and temporary query workspace excluded.,Length in bytes of pickle protocol 5 for the immutable estimator state used by this microbenchmark.,Single-thread warmed CPU wall-clock; per-query timings include query representation and search/density evaluation but exclude synthetic data generation and serialization.,-2924.281180769808
regularized_mahalanobis,100,22,5,completed,,0.0008048,4.045e-05,6.129999999999999e-05,21648,21891,5,20,5,100,3,1,12,"Intel64 Family 6 Model 165 Stepping 3, GenuineIntel",Windows-11-10.0.26200-SP0,3.14.3,2.4.3,1.17.1,2.11.0+cpu,cpu,False,20260805,float32,0.5,0,,"build O(n*d^2 + d^3), query O(n*d + d^2) after whitening",1.0723178503103763,0.9721706391063966,Estimator-owned arrays/model tensors and exposed cKDTree arrays plus Python container sizes where measurable; allocator fragmentation and temporary query workspace excluded.,Length in bytes of pickle protocol 5 for the immutable estimator state used by this microbenchmark.,Single-thread warmed CPU wall-clock; per-query timings include query representation and search/density evaluation but exclude synthetic data generation and serialization.,2296.614788774906
brute_force_euclidean_knn,1000,22,5,completed,,2.58e-05,6.735e-05,0.00011699499999999996,88000,88156,5,20,5,100,3,1,12,"Intel64 Family 6 Model 165 Stepping 3, GenuineIntel",Windows-11-10.0.26200-SP0,3.14.3,2.4.3,1.17.1,2.11.0+cpu,cpu,False,20260805,float32,0.5,0,,"build O(n*d), query O(n*d)",1.0005737611279297,0.9999999999999998,Estimator-owned arrays/model tensors and exposed cKDTree arrays plus Python container sizes where measurable; allocator fragmentation and temporary query workspace excluded.,Length in bytes of pickle protocol 5 for the immutable estimator state used by this microbenchmark.,Single-thread warmed CPU wall-clock; per-query timings include query representation and search/density evaluation but exclude synthetic data generation and serialization.,1857.2671899795532
ckdtree_indexed_knn,1000,22,5,completed,,0.0008973,8.845000000000001e-05,0.00016852499999999996,184440,193871,5,20,5,100,3,1,12,"Intel64 Family 6 Model 165 Stepping 3, GenuineIntel",Windows-11-10.0.26200-SP0,3.14.3,2.4.3,1.17.1,2.11.0+cpu,cpu,False,20260805,float32,0.5,0,,"build O(n*log(n)*d), average query O(log(n)*d + k); worst-case O(n*d)",1.0185358576916737,0.9968308479269224,Estimator-owned arrays/model tensors and exposed cKDTree arrays plus Python container sizes where measurable; allocator fragmentation and temporary query workspace excluded.,Length in bytes of pickle protocol 5 for the immutable estimator state used by this microbenchmark.,Single-thread warmed CPU wall-clock; per-query timings include query representation and search/density evaluation but exclude synthetic data generation and serialization.,1857.2671917467785
exact_hash_lookup,1000,22,0,completed,,0.0007162,1.7e-06,2.4049999999999994e-06,185952,93027,5,20,5,100,3,1,12,"Intel64 Family 6 Model 165 Stepping 3, GenuineIntel",Windows-11-10.0.26200-SP0,3.14.3,2.4.3,1.17.1,2.11.0+cpu,cpu,False,20260805,float32,0.5,0,,"build O(n*d), expected query O(d) for state-byte hashing; worst-case hash lookup O(n)",0.08548406164523004,1.0018635005157008,Estimator-owned arrays/model tensors and exposed cKDTree arrays plus Python container sizes where measurable; allocator fragmentation and temporary query workspace excluded.,Length in bytes of pickle protocol 5 for the immutable estimator state used by this microbenchmark.,Single-thread warmed CPU wall-clock; per-query timings include query representation and search/density evaluation but exclude synthetic data generation and serialization.,50.0
frozen_embedding_ckdtree_knn,1000,22,5,completed,,0.0131491,0.0013922499999999998,0.00187745,632160,644633,5,20,5,100,3,1,12,"Intel64 Family 6 Model 165 Stepping 3, GenuineIntel",Windows-11-10.0.26200-SP0,3.14.3,2.4.3,1.17.1,2.11.0+cpu,cpu,False,20260805,float32,0.5,64,d653bbd16f04fd4ee33c2ba00e5db979312090e32a12c5ba91614afaff0b349c,"build O(n*network_cost + n*log(n)*e), query O(network_cost + log(n)*e + k), worst-case indexed search O(n*e)",0.8333988135164455,0.9549383744833266,Estimator-owned arrays/model tensors and exposed cKDTree arrays plus Python container sizes where measurable; allocator fragmentation and temporary query workspace excluded.,Length in bytes of pickle protocol 5 for the immutable estimator state used by this microbenchmark.,Single-thread warmed CPU wall-clock; per-query timings include query representation and search/density evaluation but exclude synthetic data generation and serialization.,359.76548793281165
regularized_gaussian_density,1000,22,0,completed,,0.0015267,0.00010674999999999999,0.00014685499999999985,180048,180334,5,20,5,100,3,1,12,"Intel64 Family 6 Model 165 Stepping 3, GenuineIntel",Windows-11-10.0.26200-SP0,3.14.3,2.4.3,1.17.1,2.11.0+cpu,cpu,False,20260805,float32,0.5,0,,"build O(n*d^2 + d^3), query O(n*d + d^2)",1.0614945236316542,0.9721706391063966,Estimator-owned arrays/model tensors and exposed cKDTree arrays plus Python container sizes where measurable; allocator fragmentation and temporary query workspace excluded.,Length in bytes of pickle protocol 5 for the immutable estimator state used by this microbenchmark.,Single-thread warmed CPU wall-clock; per-query timings include query representation and search/density evaluation but exclude synthetic data generation and serialization.,-3030.170525394133
regularized_mahalanobis,1000,22,5,completed,,0.0007296,8.31e-05,9.8725e-05,180048,180301,5,20,5,100,3,1,12,"Intel64 Family 6 Model 165 Stepping 3, GenuineIntel",Windows-11-10.0.26200-SP0,3.14.3,2.4.3,1.17.1,2.11.0+cpu,cpu,False,20260805,float32,0.5,0,,"build O(n*d^2 + d^3), query O(n*d + d^2) after whitening",1.0723178503103763,0.9721706391063966,Estimator-owned arrays/model tensors and exposed cKDTree arrays plus Python container sizes where measurable; allocator fragmentation and temporary query workspace excluded.,Length in bytes of pickle protocol 5 for the immutable estimator state used by this microbenchmark.,Single-thread warmed CPU wall-clock; per-query timings include query representation and search/density evaluation but exclude synthetic data generation and serialization.,1855.8434417638691
brute_force_euclidean_knn,10000,22,5,completed,,0.0005745,0.0017702500000000001,0.00226975,880000,880156,5,20,5,100,3,1,12,"Intel64 Family 6 Model 165 Stepping 3, GenuineIntel",Windows-11-10.0.26200-SP0,3.14.3,2.4.3,1.17.1,2.11.0+cpu,cpu,False,20260805,float32,0.5,0,,"build O(n*d), query O(n*d)",1.0005737611279297,0.9999999999999998,Estimator-owned arrays/model tensors and exposed cKDTree arrays plus Python container sizes where measurable; allocator fragmentation and temporary query workspace excluded.,Length in bytes of pickle protocol 5 for the immutable estimator state used by this microbenchmark.,Single-thread warmed CPU wall-clock; per-query timings include query representation and search/density evaluation but exclude synthetic data generation and serialization.,1657.2741537094116
ckdtree_indexed_knn,10000,22,5,completed,,0.0197169,0.00377595,0.004894625,1840440,1988131,5,20,5,100,3,1,12,"Intel64 Family 6 Model 165 Stepping 3, GenuineIntel",Windows-11-10.0.26200-SP0,3.14.3,2.4.3,1.17.1,2.11.0+cpu,cpu,False,20260805,float32,0.5,0,,"build O(n*log(n)*d), average query O(log(n)*d + k); worst-case O(n*d)",1.0185358576916737,0.9968308479269224,Estimator-owned arrays/model tensors and exposed cKDTree arrays plus Python container sizes where measurable; allocator fragmentation and temporary query workspace excluded.,Length in bytes of pickle protocol 5 for the immutable estimator state used by this microbenchmark.,Single-thread warmed CPU wall-clock; per-query timings include query representation and search/density evaluation but exclude synthetic data generation and serialization.,1657.2741550627738
exact_hash_lookup,10000,22,0,completed,,0.0077998,1.9e-06,3.2099999999999993e-06,1784992,930162,5,20,5,100,3,1,12,"Intel64 Family 6 Model 165 Stepping 3, GenuineIntel",Windows-11-10.0.26200-SP0,3.14.3,2.4.3,1.17.1,2.11.0+cpu,cpu,False,20260805,float32,0.5,0,,"build O(n*d), expected query O(d) for state-byte hashing; worst-case hash lookup O(n)",0.08548406164523004,1.0018635005157008,Estimator-owned arrays/model tensors and exposed cKDTree arrays plus Python container sizes where measurable; allocator fragmentation and temporary query workspace excluded.,Length in bytes of pickle protocol 5 for the immutable estimator state used by this microbenchmark.,Single-thread warmed CPU wall-clock; per-query timings include query representation and search/density evaluation but exclude synthetic data generation and serialization.,50.0
frozen_embedding_ckdtree_knn,10000,22,5,completed,,0.0756783,0.00908255,0.010885635000000001,6104160,6248701,5,20,5,100,3,1,12,"Intel64 Family 6 Model 165 Stepping 3, GenuineIntel",Windows-11-10.0.26200-SP0,3.14.3,2.4.3,1.17.1,2.11.0+cpu,cpu,False,20260805,float32,0.5,64,d653bbd16f04fd4ee33c2ba00e5db979312090e32a12c5ba91614afaff0b349c,"build O(n*network_cost + n*log(n)*e), query O(network_cost + log(n)*e + k), worst-case indexed search O(n*e)",0.8333988135164455,0.9549383744833266,Estimator-owned arrays/model tensors and exposed cKDTree arrays plus Python container sizes where measurable; allocator fragmentation and temporary query workspace excluded.,Length in bytes of pickle protocol 5 for the immutable estimator state used by this microbenchmark.,Single-thread warmed CPU wall-clock; per-query timings include query representation and search/density evaluation but exclude synthetic data generation and serialization.,321.4436048715884
regularized_gaussian_density,10000,22,0,completed,,0.0193508,0.0048943,0.00585459,1764048,1764334,5,20,5,100,3,1,12,"Intel64 Family 6 Model 165 Stepping 3, GenuineIntel",Windows-11-10.0.26200-SP0,3.14.3,2.4.3,1.17.1,2.11.0+cpu,cpu,False,20260805,float32,0.5,0,,"build O(n*d^2 + d^3), query O(n*d + d^2)",1.0614945236316542,0.9721706391063966,Estimator-owned arrays/model tensors and exposed cKDTree arrays plus Python container sizes where measurable; allocator fragmentation and temporary query workspace excluded.,Length in bytes of pickle protocol 5 for the immutable estimator state used by this microbenchmark.,Single-thread warmed CPU wall-clock; per-query timings include query representation and search/density evaluation but exclude synthetic data generation and serialization.,-3141.998663030914
regularized_mahalanobis,10000,22,5,completed,,0.0176415,0.0042248500000000005,0.00528831,1764048,1764301,5,20,5,100,3,1,12,"Intel64 Family 6 Model 165 Stepping 3, GenuineIntel",Windows-11-10.0.26200-SP0,3.14.3,2.4.3,1.17.1,2.11.0+cpu,cpu,False,20260805,float32,0.5,0,,"build O(n*d^2 + d^3), query O(n*d + d^2) after whitening",1.0723178503103763,0.9721706391063966,Estimator-owned arrays/model tensors and exposed cKDTree arrays plus Python container sizes where measurable; allocator fragmentation and temporary query workspace excluded.,Length in bytes of pickle protocol 5 for the immutable estimator state used by this microbenchmark.,Single-thread warmed CPU wall-clock; per-query timings include query representation and search/density evaluation but exclude synthetic data generation and serialization.,1662.8726826652555
brute_force_euclidean_knn,100000,22,5,completed,,0.0070762,0.02339885,0.025909019999999998,8800000,8800158,5,20,5,100,3,1,12,"Intel64 Family 6 Model 165 Stepping 3, GenuineIntel",Windows-11-10.0.26200-SP0,3.14.3,2.4.3,1.17.1,2.11.0+cpu,cpu,False,20260805,float32,0.5,0,,"build O(n*d), query O(n*d)",1.0005737611279297,0.9999999999999998,Estimator-owned arrays/model tensors and exposed cKDTree arrays plus Python container sizes where measurable; allocator fragmentation and temporary query workspace excluded.,Length in bytes of pickle protocol 5 for the immutable estimator state used by this microbenchmark.,Single-thread warmed CPU wall-clock; per-query timings include query representation and search/density evaluation but exclude synthetic data generation and serialization.,1467.771125793457
ckdtree_indexed_knn,100000,22,5,completed,,0.3632005,0.038270349999999995,0.041820794999999994,18400440,19580329,5,20,5,100,3,1,12,"Intel64 Family 6 Model 165 Stepping 3, GenuineIntel",Windows-11-10.0.26200-SP0,3.14.3,2.4.3,1.17.1,2.11.0+cpu,cpu,False,20260805,float32,0.5,0,,"build O(n*log(n)*d), average query O(log(n)*d + k); worst-case O(n*d)",1.0185358576916737,0.9968308479269224,Estimator-owned arrays/model tensors and exposed cKDTree arrays plus Python container sizes where measurable; allocator fragmentation and temporary query workspace excluded.,Length in bytes of pickle protocol 5 for the immutable estimator state used by this microbenchmark.,Single-thread warmed CPU wall-clock; per-query timings include query representation and search/density evaluation but exclude synthetic data generation and serialization.,1467.771126116682
exact_hash_lookup,100000,22,0,completed,,0.1192796,2.6e-06,4.4e-06,20142960,9301485,5,20,5,100,3,1,12,"Intel64 Family 6 Model 165 Stepping 3, GenuineIntel",Windows-11-10.0.26200-SP0,3.14.3,2.4.3,1.17.1,2.11.0+cpu,cpu,False,20260805,float32,0.5,0,,"build O(n*d), expected query O(d) for state-byte hashing; worst-case hash lookup O(n)",0.08548406164523004,1.0018635005157008,Estimator-owned arrays/model tensors and exposed cKDTree arrays plus Python container sizes where measurable; allocator fragmentation and temporary query workspace excluded.,Length in bytes of pickle protocol 5 for the immutable estimator state used by this microbenchmark.,Single-thread warmed CPU wall-clock; per-query timings include query representation and search/density evaluation but exclude synthetic data generation and serialization.,50.0
frozen_embedding_ckdtree_knn,100000,22,5,completed,,0.9297247,0.10403470000000001,0.13880559999999997,60824160,62039205,5,20,5,100,3,1,12,"Intel64 Family 6 Model 165 Stepping 3, GenuineIntel",Windows-11-10.0.26200-SP0,3.14.3,2.4.3,1.17.1,2.11.0+cpu,cpu,False,20260805,float32,0.5,64,d653bbd16f04fd4ee33c2ba00e5db979312090e32a12c5ba91614afaff0b349c,"build O(n*network_cost + n*log(n)*e), query O(network_cost + log(n)*e + k), worst-case indexed search O(n*e)",0.8333988135164455,0.9549383744833266,Estimator-owned arrays/model tensors and exposed cKDTree arrays plus Python container sizes where measurable; allocator fragmentation and temporary query workspace excluded.,Length in bytes of pickle protocol 5 for the immutable estimator state used by this microbenchmark.,Single-thread warmed CPU wall-clock; per-query timings include query representation and search/density evaluation but exclude synthetic data generation and serialization.,276.4737417212125
regularized_gaussian_density,100000,22,0,completed,,0.1836573,0.04332985,0.05168763999999999,17604048,17604336,5,20,5,100,3,1,12,"Intel64 Family 6 Model 165 Stepping 3, GenuineIntel",Windows-11-10.0.26200-SP0,3.14.3,2.4.3,1.17.1,2.11.0+cpu,cpu,False,20260805,float32,0.5,0,,"build O(n*d^2 + d^3), query O(n*d + d^2)",1.0614945236316542,0.9721706391063966,Estimator-owned arrays/model tensors and exposed cKDTree arrays plus Python container sizes where measurable; allocator fragmentation and temporary query workspace excluded.,Length in bytes of pickle protocol 5 for the immutable estimator state used by this microbenchmark.,Single-thread warmed CPU wall-clock; per-query timings include query representation and search/density evaluation but exclude synthetic data generation and serialization.,-3243.453433569604
regularized_mahalanobis,100000,22,5,completed,,0.1573231,0.04098025,0.044253100000000004,17604048,17604303,5,20,5,100,3,1,12,"Intel64 Family 6 Model 165 Stepping 3, GenuineIntel",Windows-11-10.0.26200-SP0,3.14.3,2.4.3,1.17.1,2.11.0+cpu,cpu,False,20260805,float32,0.5,0,,"build O(n*d^2 + d^3), query O(n*d + d^2) after whitening",1.0723178503103763,0.9721706391063966,Estimator-owned arrays/model tensors and exposed cKDTree arrays plus Python container sizes where measurable; allocator fragmentation and temporary query workspace excluded.,Length in bytes of pickle protocol 5 for the immutable estimator state used by this microbenchmark.,Single-thread warmed CPU wall-clock; per-query timings include query representation and search/density evaluation but exclude synthetic data generation and serialization.,1467.133759142077
brute_force_euclidean_knn,100,64,5,completed,,2.61e-05,3.605e-05,5.670999999999998e-05,25600,25746,5,20,5,100,3,1,12,"Intel64 Family 6 Model 165 Stepping 3, GenuineIntel",Windows-11-10.0.26200-SP0,3.14.3,2.4.3,1.17.1,2.11.0+cpu,cpu,False,20260805,float32,0.5,0,,"build O(n*d), query O(n*d)",1.1263292880531728,0.9999999999999996,Estimator-owned arrays/model tensors and exposed cKDTree arrays plus Python container sizes where measurable; allocator fragmentation and temporary query workspace excluded.,Length in bytes of pickle protocol 5 for the immutable estimator state used by this microbenchmark.,Single-thread warmed CPU wall-clock; per-query timings include query representation and search/density evaluation but exclude synthetic data generation and serialization.,4318.633686065674
ckdtree_indexed_knn,100,64,5,completed,,0.0001393,5.945e-05,9.216999999999988e-05,53112,54467,5,20,5,100,3,1,12,"Intel64 Family 6 Model 165 Stepping 3, GenuineIntel",Windows-11-10.0.26200-SP0,3.14.3,2.4.3,1.17.1,2.11.0+cpu,cpu,False,20260805,float32,0.5,0,,"build O(n*log(n)*d), average query O(log(n)*d + k); worst-case O(n*d)",1.1091821776823059,0.9971625057185957,Estimator-owned arrays/model tensors and exposed cKDTree arrays plus Python container sizes where measurable; allocator fragmentation and temporary query workspace excluded.,Length in bytes of pickle protocol 5 for the immutable estimator state used by this microbenchmark.,Single-thread warmed CPU wall-clock; per-query timings include query representation and search/density evaluation but exclude synthetic data generation and serialization.,4318.633646165309
exact_hash_lookup,100,64,0,completed,,7.57e-05,1.7e-06,2.7e-06,36388,26416,5,20,5,100,3,1,12,"Intel64 Family 6 Model 165 Stepping 3, GenuineIntel",Windows-11-10.0.26200-SP0,3.14.3,2.4.3,1.17.1,2.11.0+cpu,cpu,False,20260805,float32,0.5,0,,"build O(n*d), expected query O(d) for state-byte hashing; worst-case hash lookup O(n)",0.1413082898372881,1.0010478376587693,Estimator-owned arrays/model tensors and exposed cKDTree arrays plus Python container sizes where measurable; allocator fragmentation and temporary query workspace excluded.,Length in bytes of pickle protocol 5 for the immutable estimator state used by this microbenchmark.,Single-thread warmed CPU wall-clock; per-query timings include query representation and search/density evaluation but exclude synthetic data generation and serialization.,50.0
frozen_embedding_ckdtree_knn,100,64,5,completed,,0.0108592,0.00031785,0.0006354949999999998,112512,114316,5,20,5,100,3,1,12,"Intel64 Family 6 Model 165 Stepping 3, GenuineIntel",Windows-11-10.0.26200-SP0,3.14.3,2.4.3,1.17.1,2.11.0+cpu,cpu,False,20260805,float32,0.5,64,4d523e21c3c9890f01a97ef6391a7e67ef8bcdcdd8aa48c060f3027436e2b4a0,"build O(n*network_cost + n*log(n)*e), query O(network_cost + log(n)*e + k), worst-case indexed search O(n*e)",0.8219556665477639,0.9499412150424845,Estimator-owned arrays/model tensors and exposed cKDTree arrays plus Python container sizes where measurable; allocator fragmentation and temporary query workspace excluded.,Length in bytes of pickle protocol 5 for the immutable estimator state used by this microbenchmark.,Single-thread warmed CPU wall-clock; per-query timings include query representation and search/density evaluation but exclude synthetic data generation and serialization.,412.2416952728841
regularized_gaussian_density,100,64,0,completed,,0.0009234,5.36e-05,6.324499999999995e-05,84480,84765,5,20,5,100,3,1,12,"Intel64 Family 6 Model 165 Stepping 3, GenuineIntel",Windows-11-10.0.26200-SP0,3.14.3,2.4.3,1.17.1,2.11.0+cpu,cpu,False,20260805,float32,0.5,0,,"build O(n*d^2 + d^3), query O(n*d + d^2)",1.1176908649056376,0.9323858937932986,Estimator-owned arrays/model tensors and exposed cKDTree arrays plus Python container sizes where measurable; allocator fragmentation and temporary query workspace excluded.,Length in bytes of pickle protocol 5 for the immutable estimator state used by this microbenchmark.,Single-thread warmed CPU wall-clock; per-query timings include query representation and search/density evaluation but exclude synthetic data generation and serialization.,-9646.772481772823
regularized_mahalanobis,100,64,5,completed,,0.0010758,4.81e-05,6.151499999999997e-05,84480,84732,5,20,5,100,3,1,12,"Intel64 Family 6 Model 165 Stepping 3, GenuineIntel",Windows-11-10.0.26200-SP0,3.14.3,2.4.3,1.17.1,2.11.0+cpu,cpu,False,20260805,float32,0.5,0,,"build O(n*d^2 + d^3), query O(n*d + d^2) after whitening",1.1421785296602087,0.9323858937932986,Estimator-owned arrays/model tensors and exposed cKDTree arrays plus Python container sizes where measurable; allocator fragmentation and temporary query workspace excluded.,Length in bytes of pickle protocol 5 for the immutable estimator state used by this microbenchmark.,Single-thread warmed CPU wall-clock; per-query timings include query representation and search/density evaluation but exclude synthetic data generation and serialization.,5569.515428932812
brute_force_euclidean_knn,1000,64,5,completed,,0.0001017,0.0001024,0.00016342999999999997,256000,256156,5,20,5,100,3,1,12,"Intel64 Family 6 Model 165 Stepping 3, GenuineIntel",Windows-11-10.0.26200-SP0,3.14.3,2.4.3,1.17.1,2.11.0+cpu,cpu,False,20260805,float32,0.5,0,,"build O(n*d), query O(n*d)",1.1263292880531728,0.9999999999999996,Estimator-owned arrays/model tensors and exposed cKDTree arrays plus Python container sizes where measurable; allocator fragmentation and temporary query workspace excluded.,Length in bytes of pickle protocol 5 for the immutable estimator state used by this microbenchmark.,Single-thread warmed CPU wall-clock; per-query timings include query representation and search/density evaluation but exclude synthetic data generation and serialization.,3979.4960174560547
ckdtree_indexed_knn,1000,64,5,completed,,0.0024972,0.000343,0.000695845,521112,530543,5,20,5,100,3,1,12,"Intel64 Family 6 Model 165 Stepping 3, GenuineIntel",Windows-11-10.0.26200-SP0,3.14.3,2.4.3,1.17.1,2.11.0+cpu,cpu,False,20260805,float32,0.5,0,,"build O(n*log(n)*d), average query O(log(n)*d + k); worst-case O(n*d)",1.1091821776823059,0.9971625057185957,Estimator-owned arrays/model tensors and exposed cKDTree arrays plus Python container sizes where measurable; allocator fragmentation and temporary query workspace excluded.,Length in bytes of pickle protocol 5 for the immutable estimator state used by this microbenchmark.,Single-thread warmed CPU wall-clock; per-query timings include query representation and search/density evaluation but exclude synthetic data generation and serialization.,3979.49601241956
exact_hash_lookup,1000,64,0,completed,,0.0009966,2e-06,2.9e-06,353952,264054,5,20,5,100,3,1,12,"Intel64 Family 6 Model 165 Stepping 3, GenuineIntel",Windows-11-10.0.26200-SP0,3.14.3,2.4.3,1.17.1,2.11.0+cpu,cpu,False,20260805,float32,0.5,0,,"build O(n*d), expected query O(d) for state-byte hashing; worst-case hash lookup O(n)",0.1413082898372881,1.0010478376587693,Estimator-owned arrays/model tensors and exposed cKDTree arrays plus Python container sizes where measurable; allocator fragmentation and temporary query workspace excluded.,Length in bytes of pickle protocol 5 for the immutable estimator state used by this microbenchmark.,Single-thread warmed CPU wall-clock; per-query timings include query representation and search/density evaluation but exclude synthetic data generation and serialization.,50.0
frozen_embedding_ckdtree_knn,1000,64,5,completed,,0.0159226,0.00132875,0.0018191750000000001,810912,821081,5,20,5,100,3,1,12,"Intel64 Family 6 Model 165 Stepping 3, GenuineIntel",Windows-11-10.0.26200-SP0,3.14.3,2.4.3,1.17.1,2.11.0+cpu,cpu,False,20260805,float32,0.5,64,4d523e21c3c9890f01a97ef6391a7e67ef8bcdcdd8aa48c060f3027436e2b4a0,"build O(n*network_cost + n*log(n)*e), query O(network_cost + log(n)*e + k), worst-case indexed search O(n*e)",0.8219556665477639,0.9499412150424845,Estimator-owned arrays/model tensors and exposed cKDTree arrays plus Python container sizes where measurable; allocator fragmentation and temporary query workspace excluded.,Length in bytes of pickle protocol 5 for the immutable estimator state used by this microbenchmark.,Single-thread warmed CPU wall-clock; per-query timings include query representation and search/density evaluation but exclude synthetic data generation and serialization.,347.1158203642697
regularized_gaussian_density,1000,64,0,completed,,0.0042879,0.0005255500000000001,0.0008361949999999999,545280,545566,5,20,5,100,3,1,12,"Intel64 Family 6 Model 165 Stepping 3, GenuineIntel",Windows-11-10.0.26200-SP0,3.14.3,2.4.3,1.17.1,2.11.0+cpu,cpu,False,20260805,float32,0.5,0,,"build O(n*d^2 + d^3), query O(n*d + d^2)",1.1176908649056376,0.9323858937932986,Estimator-owned arrays/model tensors and exposed cKDTree arrays plus Python container sizes where measurable; allocator fragmentation and temporary query workspace excluded.,Length in bytes of pickle protocol 5 for the immutable estimator state used by this microbenchmark.,Single-thread warmed CPU wall-clock; per-query timings include query representation and search/density evaluation but exclude synthetic data generation and serialization.,-8381.560941826863
regularized_mahalanobis,1000,64,5,completed,,0.0044938,0.00045645,0.0008075599999999997,545280,545533,5,20,5,100,3,1,12,"Intel64 Family 6 Model 165 Stepping 3, GenuineIntel",Windows-11-10.0.26200-SP0,3.14.3,2.4.3,1.17.1,2.11.0+cpu,cpu,False,20260805,float32,0.5,0,,"build O(n*d^2 + d^3), query O(n*d + d^2) after whitening",1.1421785296602087,0.9323858937932986,Estimator-owned arrays/model tensors and exposed cKDTree arrays plus Python container sizes where measurable; allocator fragmentation and temporary query workspace excluded.,Length in bytes of pickle protocol 5 for the immutable estimator state used by this microbenchmark.,Single-thread warmed CPU wall-clock; per-query timings include query representation and search/density evaluation but exclude synthetic data generation and serialization.,4037.411835449902
brute_force_euclidean_knn,10000,64,5,completed,,0.001785,0.005739299999999999,0.006410975,2560000,2560156,5,20,5,100,3,1,12,"Intel64 Family 6 Model 165 Stepping 3, GenuineIntel",Windows-11-10.0.26200-SP0,3.14.3,2.4.3,1.17.1,2.11.0+cpu,cpu,False,20260805,float32,0.5,0,,"build O(n*d), query O(n*d)",1.1263292880531728,0.9999999999999996,Estimator-owned arrays/model tensors and exposed cKDTree arrays plus Python container sizes where measurable; allocator fragmentation and temporary query workspace excluded.,Length in bytes of pickle protocol 5 for the immutable estimator state used by this microbenchmark.,Single-thread warmed CPU wall-clock; per-query timings include query representation and search/density evaluation but exclude synthetic data generation and serialization.,3747.151903152466
ckdtree_indexed_knn,10000,64,5,completed,,0.0479762,0.008484950000000002,0.009662984999999999,5201112,5348803,5,20,5,100,3,1,12,"Intel64 Family 6 Model 165 Stepping 3, GenuineIntel",Windows-11-10.0.26200-SP0,3.14.3,2.4.3,1.17.1,2.11.0+cpu,cpu,False,20260805,float32,0.5,0,,"build O(n*log(n)*d), average query O(log(n)*d + k); worst-case O(n*d)",1.1091821776823059,0.9971625057185957,Estimator-owned arrays/model tensors and exposed cKDTree arrays plus Python container sizes where measurable; allocator fragmentation and temporary query workspace excluded.,Length in bytes of pickle protocol 5 for the immutable estimator state used by this microbenchmark.,Single-thread warmed CPU wall-clock; per-query timings include query representation and search/density evaluation but exclude synthetic data generation and serialization.,3747.1519144710046
exact_hash_lookup,10000,64,0,completed,,0.0112592,2.4500000000000003e-06,3.8049999999999996e-06,3464992,2640396,5,20,5,100,3,1,12,"Intel64 Family 6 Model 165 Stepping 3, GenuineIntel",Windows-11-10.0.26200-SP0,3.14.3,2.4.3,1.17.1,2.11.0+cpu,cpu,False,20260805,float32,0.5,0,,"build O(n*d), expected query O(d) for state-byte hashing; worst-case hash lookup O(n)",0.1413082898372881,1.0010478376587693,Estimator-owned arrays/model tensors and exposed cKDTree arrays plus Python container sizes where measurable; allocator fragmentation and temporary query workspace excluded.,Length in bytes of pickle protocol 5 for the immutable estimator state used by this microbenchmark.,Single-thread warmed CPU wall-clock; per-query timings include query representation and search/density evaluation but exclude synthetic data generation and serialization.,50.0
frozen_embedding_ckdtree_knn,10000,64,5,completed,,0.0835708,0.0102423,0.01591458,7794912,7941469,5,20,5,100,3,1,12,"Intel64 Family 6 Model 165 Stepping 3, GenuineIntel",Windows-11-10.0.26200-SP0,3.14.3,2.4.3,1.17.1,2.11.0+cpu,cpu,False,20260805,float32,0.5,64,4d523e21c3c9890f01a97ef6391a7e67ef8bcdcdd8aa48c060f3027436e2b4a0,"build O(n*network_cost + n*log(n)*e), query O(network_cost + log(n)*e + k), worst-case indexed search O(n*e)",0.8219556665477639,0.9499412150424845,Estimator-owned arrays/model tensors and exposed cKDTree arrays plus Python container sizes where measurable; allocator fragmentation and temporary query workspace excluded.,Length in bytes of pickle protocol 5 for the immutable estimator state used by this microbenchmark.,Single-thread warmed CPU wall-clock; per-query timings include query representation and search/density evaluation but exclude synthetic data generation and serialization.,321.0472024715559
regularized_gaussian_density,10000,64,0,completed,,0.0431977,0.0115011,0.01367916,5153280,5153566,5,20,5,100,3,1,12,"Intel64 Family 6 Model 165 Stepping 3, GenuineIntel",Windows-11-10.0.26200-SP0,3.14.3,2.4.3,1.17.1,2.11.0+cpu,cpu,False,20260805,float32,0.5,0,,"build O(n*d^2 + d^3), query O(n*d + d^2)",1.1176908649056376,0.9323858937932986,Estimator-owned arrays/model tensors and exposed cKDTree arrays plus Python container sizes where measurable; allocator fragmentation and temporary query workspace excluded.,Length in bytes of pickle protocol 5 for the immutable estimator state used by this microbenchmark.,Single-thread warmed CPU wall-clock; per-query timings include query representation and search/density evaluation but exclude synthetic data generation and serialization.,-8431.509723935755
regularized_mahalanobis,10000,64,5,completed,,0.0436787,0.010591699999999999,0.011613865,5153280,5153533,5,20,5,100,3,1,12,"Intel64 Family 6 Model 165 Stepping 3, GenuineIntel",Windows-11-10.0.26200-SP0,3.14.3,2.4.3,1.17.1,2.11.0+cpu,cpu,False,20260805,float32,0.5,0,,"build O(n*d^2 + d^3), query O(n*d + d^2) after whitening",1.1421785296602087,0.9323858937932986,Estimator-owned arrays/model tensors and exposed cKDTree arrays plus Python container sizes where measurable; allocator fragmentation and temporary query workspace excluded.,Length in bytes of pickle protocol 5 for the immutable estimator state used by this microbenchmark.,Single-thread warmed CPU wall-clock; per-query timings include query representation and search/density evaluation but exclude synthetic data generation and serialization.,3747.0516117924585
brute_force_euclidean_knn,100000,64,5,completed,,0.0221456,0.05351595,0.058954655,25600000,25600158,5,20,5,100,3,1,12,"Intel64 Family 6 Model 165 Stepping 3, GenuineIntel",Windows-11-10.0.26200-SP0,3.14.3,2.4.3,1.17.1,2.11.0+cpu,cpu,False,20260805,float32,0.5,0,,"build O(n*d), query O(n*d)",1.1263292880531728,0.9999999999999996,Estimator-owned arrays/model tensors and exposed cKDTree arrays plus Python container sizes where measurable; allocator fragmentation and temporary query workspace excluded.,Length in bytes of pickle protocol 5 for the immutable estimator state used by this microbenchmark.,Single-thread warmed CPU wall-clock; per-query timings include query representation and search/density evaluation but exclude synthetic data generation and serialization.,3517.748058319092
ckdtree_indexed_knn,100000,64,5,completed,,0.7612987,0.10161880000000001,0.12857405,52001112,53181001,5,20,5,100,3,1,12,"Intel64 Family 6 Model 165 Stepping 3, GenuineIntel",Windows-11-10.0.26200-SP0,3.14.3,2.4.3,1.17.1,2.11.0+cpu,cpu,False,20260805,float32,0.5,0,,"build O(n*log(n)*d), average query O(log(n)*d + k); worst-case O(n*d)",1.1091821776823059,0.9971625057185957,Estimator-owned arrays/model tensors and exposed cKDTree arrays plus Python container sizes where measurable; allocator fragmentation and temporary query workspace excluded.,Length in bytes of pickle protocol 5 for the immutable estimator state used by this microbenchmark.,Single-thread warmed CPU wall-clock; per-query timings include query representation and search/density evaluation but exclude synthetic data generation and serialization.,3517.748005142277
exact_hash_lookup,100000,64,0,completed,,0.1854576,4.7e-06,7.715e-06,36942960,26403825,5,20,5,100,3,1,12,"Intel64 Family 6 Model 165 Stepping 3, GenuineIntel",Windows-11-10.0.26200-SP0,3.14.3,2.4.3,1.17.1,2.11.0+cpu,cpu,False,20260805,float32,0.5,0,,"build O(n*d), expected query O(d) for state-byte hashing; worst-case hash lookup O(n)",0.1413082898372881,1.0010478376587693,Estimator-owned arrays/model tensors and exposed cKDTree arrays plus Python container sizes where measurable; allocator fragmentation and temporary query workspace excluded.,Length in bytes of pickle protocol 5 for the immutable estimator state used by this microbenchmark.,Single-thread warmed CPU wall-clock; per-query timings include query representation and search/density evaluation but exclude synthetic data generation and serialization.,50.0
frozen_embedding_ckdtree_knn,100000,64,5,completed,,0.9222728,0.08839405,0.100868775,77634912,78824613,5,20,5,100,3,1,12,"Intel64 Family 6 Model 165 Stepping 3, GenuineIntel",Windows-11-10.0.26200-SP0,3.14.3,2.4.3,1.17.1,2.11.0+cpu,cpu,False,20260805,float32,0.5,64,4d523e21c3c9890f01a97ef6391a7e67ef8bcdcdd8aa48c060f3027436e2b4a0,"build O(n*network_cost + n*log(n)*e), query O(network_cost + log(n)*e + k), worst-case indexed search O(n*e)",0.8219556665477639,0.9499412150424845,Estimator-owned arrays/model tensors and exposed cKDTree arrays plus Python container sizes where measurable; allocator fragmentation and temporary query workspace excluded.,Length in bytes of pickle protocol 5 for the immutable estimator state used by this microbenchmark.,Single-thread warmed CPU wall-clock; per-query timings include query representation and search/density evaluation but exclude synthetic data generation and serialization.,285.44481908470976
regularized_gaussian_density,100000,64,0,completed,,0.4100436,0.10188085,0.11982403999999999,51233280,51233568,5,20,5,100,3,1,12,"Intel64 Family 6 Model 165 Stepping 3, GenuineIntel",Windows-11-10.0.26200-SP0,3.14.3,2.4.3,1.17.1,2.11.0+cpu,cpu,False,20260805,float32,0.5,0,,"build O(n*d^2 + d^3), query O(n*d + d^2)",1.1176908649056376,0.9323858937932986,Estimator-owned arrays/model tensors and exposed cKDTree arrays plus Python container sizes where measurable; allocator fragmentation and temporary query workspace excluded.,Length in bytes of pickle protocol 5 for the immutable estimator state used by this microbenchmark.,Single-thread warmed CPU wall-clock; per-query timings include query representation and search/density evaluation but exclude synthetic data generation and serialization.,-8456.230408685577
regularized_mahalanobis,100000,64,5,completed,,0.4196706,0.1081972,0.13066415499999998,51233280,51233535,5,20,5,100,3,1,12,"Intel64 Family 6 Model 165 Stepping 3, GenuineIntel",Windows-11-10.0.26200-SP0,3.14.3,2.4.3,1.17.1,2.11.0+cpu,cpu,False,20260805,float32,0.5,0,,"build O(n*d^2 + d^3), query O(n*d + d^2) after whitening",1.1421785296602087,0.9323858937932986,Estimator-owned arrays/model tensors and exposed cKDTree arrays plus Python container sizes where measurable; allocator fragmentation and temporary query workspace excluded.,Length in bytes of pickle protocol 5 for the immutable estimator state used by this microbenchmark.,Single-thread warmed CPU wall-clock; per-query timings include query representation and search/density evaluation but exclude synthetic data generation and serialization.,3516.746141180727
