experiment_name,experiment,config_file,environment,environment_id,resolved_environment_id,observation_representation,agent,seed,phase,train_steps,eval_checkpoint,eval_return,checkpoint,episode,return,length,success,environment_steps,gradient_updates,training_loss_mean,training_loss_max,nonfinite_loss_count,completed_checkpoint_count,expected_checkpoint_count,elapsed_seconds,training_elapsed_seconds,evaluation_elapsed_seconds,wall_clock_training_time,wall_clock_evaluation_time,git_commit_hash,package_version,source_snapshot_sha256,execution_inputs_clean,python_version,torch_version,numpy_version,gymnasium_version,minigrid_version,gym_pybullet_drones_version,pybullet_version,mean_gate,support_abstention_rate,global_tabular_error,global_neural_error,visited_states,failure_rate,collision_rate,risk_zone_rate,idle_rate,risk_adjusted_score,unsupported_state_ratio,memory_branch_usage_ratio,neural_branch_usage_ratio,abstention_ratio,adaptive_alpha_mean,adaptive_alpha_iqr,support_score_mean,uncertainty_score_mean,exact_support_coverage,approximate_support_coverage,fuzzy_gate_active_rate,neural_only_fallback_rate,out_of_fuzzy_support_count,out_of_fuzzy_support_ratio,support_status,inference_time_us_per_decision_mean,inference_time_us_per_decision_median,selected_branch,memory_cost_states,memory_cost_entries,memory_cost_bytes_estimated,estimator_support_score,support_neighbor_count,support_nearest_distance,support_effective_sample_mass,support_density_log_score,support_estimator_type,support_representation_type,support_index_type,support_query_latency,support_memory_bytes,embedding_snapshot_hash,embedding_freeze_step,localization_error_mean,sensor_dropout_rate,camera_visible_rate,motor_saturation_rate,tabular_greedy_action,neural_greedy_action,mixed_selected_action,optimal_action,tabular_action_correct,neural_action_correct,relative_reliability_score,predicted_better_branch,actually_better_branch,actually_better_branch_value,tabular_q_error,neural_q_error,post_shift,shift_region,steps_since_shift
reviewer1_sensorized_sil_aliasing_smoke,reviewer1_sensorized_sil_aliasing_smoke,configs/reviewer1_remaining/smoke/sensor_aliasing.yaml,Crazyflie-sensorized-aliasing-smoke,SensorizedPyBulletUAVWaypoint-v0,SensorizedPyBulletUAVWaypoint-v0,native_gymnasium_observation,fuzzy_reliability,15000,train,20,,,20,1,-1.095544880889356,20,0.0,20,0,nan,nan,0,0,2,0.23337249999167398,0.23337249999167398,0.0,0.23337249999167398,0.0,bed36542854ab2df9851c799a502d25668fdcd2e,1.8.0,0503ae774158b3db784d9ead9478acb76acc8c3e3a4746b028b91961d791cace,True,3.12.13,2.12.0+cpu,2.4.6,1.2.3,3.1.0,2.1.0,3.2.7,0.0,0.0,0.3604842,0.3927611878141146,20.0,1.0,0.0,1.0,0.0,0.0,1.0,0.0,0.65,0.0,0.0,0.0,0.0,0.693162853724395,0.0,0.0,0.0,0.65,13.0,1.0,support-boundary collapse,209.86499999999995,11.649999999999999,neural,20.0,540.0,4080.0,0.0,0,nan,0.0,nan,exact_count,raw_state,none,1.38e-05,1920,,,0.022728178510442378,0.05,0.95,0.0,,,,,,,,,,,,,,,
reviewer1_sensorized_sil_aliasing_smoke,reviewer1_sensorized_sil_aliasing_smoke,configs/reviewer1_remaining/smoke/sensor_aliasing.yaml,Crazyflie-sensorized-aliasing-smoke,SensorizedPyBulletUAVWaypoint-v0,SensorizedPyBulletUAVWaypoint-v0,native_gymnasium_observation,fuzzy_reliability,15000,eval,40,40,-0.8189343997091055,40,1,-0.8189343997091055,20,0.0,40,3,0.02041250156859557,0.024141842499375343,0,1,2,0.6281632999889553,0.41207169997505844,0.21609160001389682,0.41207169997505844,0.21609160001389682,bed36542854ab2df9851c799a502d25668fdcd2e,1.8.0,0503ae774158b3db784d9ead9478acb76acc8c3e3a4746b028b91961d791cace,True,3.12.13,2.12.0+cpu,2.4.6,1.2.3,3.1.0,2.1.0,3.2.7,0.0,0.0,0.13067529,0.16691454427555885,40.0,1.0,0.0,0.7,0.0,0.0,1.0,0.0,1.0,0.0,0.0,0.0,0.0,0.5896164592119232,0.0,0.0,0.0,1.0,20.0,1.0,support-boundary collapse,529.925,487.2,neural,40.0,1080.0,8160.0,0.0,0,nan,0.0,nan,exact_count,raw_state,none,6.9e-06,3840,,,0.031906430679373446,0.25,0.9,0.0,nan,nan,15,nan,nan,nan,nan,unavailable,unavailable,unavailable,nan,nan,0.0,unavailable,nan
reviewer1_sensorized_sil_aliasing_smoke,reviewer1_sensorized_sil_aliasing_smoke,configs/reviewer1_remaining/smoke/sensor_aliasing.yaml,Crazyflie-sensorized-aliasing-smoke,SensorizedPyBulletUAVWaypoint-v0,SensorizedPyBulletUAVWaypoint-v0,native_gymnasium_observation,fuzzy_reliability,15000,eval,40,40,-0.564253464322537,40,2,-0.564253464322537,20,0.0,40,3,0.02041250156859557,0.024141842499375343,0,1,2,0.6282909000001382,0.4121992999862414,0.21609160001389682,0.4121992999862414,0.21609160001389682,bed36542854ab2df9851c799a502d25668fdcd2e,1.8.0,0503ae774158b3db784d9ead9478acb76acc8c3e3a4746b028b91961d791cace,True,3.12.13,2.12.0+cpu,2.4.6,1.2.3,3.1.0,2.1.0,3.2.7,0.0,0.0,0.13067529,0.16691454427555885,40.0,1.0,0.0,0.4,0.0,0.0,1.0,0.0,1.0,0.0,0.0,0.0,0.0,0.711946964962295,0.0,0.0,0.0,1.0,20.0,1.0,support-boundary collapse,564.795,488.0,neural,40.0,1080.0,8160.0,0.0,0,nan,0.0,nan,exact_count,raw_state,none,6.9e-06,3840,,,0.03396643064916134,0.05,0.0,0.0,nan,nan,15,nan,nan,nan,nan,unavailable,unavailable,unavailable,nan,nan,0.0,unavailable,nan
reviewer1_sensorized_sil_aliasing_smoke,reviewer1_sensorized_sil_aliasing_smoke,configs/reviewer1_remaining/smoke/sensor_aliasing.yaml,Crazyflie-sensorized-aliasing-smoke,SensorizedPyBulletUAVWaypoint-v0,SensorizedPyBulletUAVWaypoint-v0,native_gymnasium_observation,fuzzy_reliability,15000,train,40,,,40,2,-0.9628976610256361,20,0.0,40,3,0.02041250156859557,0.024141842499375343,0,1,2,0.6303107000130694,0.4142190999991726,0.21609160001389682,0.4142190999991726,0.21609160001389682,bed36542854ab2df9851c799a502d25668fdcd2e,1.8.0,0503ae774158b3db784d9ead9478acb76acc8c3e3a4746b028b91961d791cace,True,3.12.13,2.12.0+cpu,2.4.6,1.2.3,3.1.0,2.1.0,3.2.7,0.0,0.0,0.13067529,0.16691454427555885,40.0,1.0,0.0,1.0,0.0,0.0,1.0,0.0,1.0,0.0,0.0,0.0,0.0,0.5856937549389216,0.0,0.05,0.0,1.0,20.0,1.0,support-boundary collapse,286.84499999999997,464.0,neural,40.0,1080.0,8160.0,0.0,0,nan,0.0,nan,exact_count,raw_state,none,6.9e-06,3840,,,0.023900626646354794,0.1,0.0,0.0,,,,,,,,,,,,,,,
reviewer1_sensorized_sil_aliasing_smoke,reviewer1_sensorized_sil_aliasing_smoke,configs/reviewer1_remaining/smoke/sensor_aliasing.yaml,Crazyflie-sensorized-aliasing-smoke,SensorizedPyBulletUAVWaypoint-v0,SensorizedPyBulletUAVWaypoint-v0,native_gymnasium_observation,fuzzy_reliability,15000,train,60,,,60,3,-0.5486153233423828,20,0.0,60,8,0.014243528828956187,0.024141842499375343,0,1,2,0.7275071000040043,0.5114154999901075,0.21609160001389682,0.5114154999901075,0.21609160001389682,bed36542854ab2df9851c799a502d25668fdcd2e,1.8.0,0503ae774158b3db784d9ead9478acb76acc8c3e3a4746b028b91961d791cace,True,3.12.13,2.12.0+cpu,2.4.6,1.2.3,3.1.0,2.1.0,3.2.7,0.0,0.0,0.047383476,0.0842805356324106,60.0,1.0,0.0,0.4,0.0,0.0,1.0,0.0,1.0,0.0,0.0,0.0,0.0,0.6924311765727362,0.0,0.05,0.0,1.0,20.0,1.0,support-boundary collapse,344.19,468.6,neural,60.0,1620.0,12240.0,0.0,0,nan,0.0,nan,exact_count,raw_state,none,7.6e-06,5760,,,0.02318295734003186,0.1,0.95,0.0,,,,,,,,,,,,,,,
reviewer1_sensorized_sil_aliasing_smoke,reviewer1_sensorized_sil_aliasing_smoke,configs/reviewer1_remaining/smoke/sensor_aliasing.yaml,Crazyflie-sensorized-aliasing-smoke,SensorizedPyBulletUAVWaypoint-v0,SensorizedPyBulletUAVWaypoint-v0,native_gymnasium_observation,fuzzy_reliability,15000,eval,80,80,-0.1931712593138218,80,1,-0.1931712593138218,20,0.0,80,13,0.01085471952907168,0.024141842499375343,0,2,2,1.0482979000080377,0.5878568999760319,0.46044100003200583,0.5878568999760319,0.46044100003200583,bed36542854ab2df9851c799a502d25668fdcd2e,1.8.0,0503ae774158b3db784d9ead9478acb76acc8c3e3a4746b028b91961d791cace,True,3.12.13,2.12.0+cpu,2.4.6,1.2.3,3.1.0,2.1.0,3.2.7,0.0,0.0,0.018331395,0.043996362230790335,80.0,1.0,0.0,0.0,0.0,0.0,1.0,0.0,1.0,0.0,0.0,0.0,0.0,0.9100167784990587,0.0,0.0,0.0,1.0,20.0,1.0,support-boundary collapse,550.26,507.45000000000005,neural,80.0,2160.0,16320.0,0.0,0,nan,0.0,nan,exact_count,raw_state,none,6.4e-06,7680,,,0.025938641233369707,0.2,0.0,0.0,nan,nan,6,nan,nan,nan,nan,unavailable,unavailable,unavailable,nan,nan,0.0,unavailable,nan
reviewer1_sensorized_sil_aliasing_smoke,reviewer1_sensorized_sil_aliasing_smoke,configs/reviewer1_remaining/smoke/sensor_aliasing.yaml,Crazyflie-sensorized-aliasing-smoke,SensorizedPyBulletUAVWaypoint-v0,SensorizedPyBulletUAVWaypoint-v0,native_gymnasium_observation,fuzzy_reliability,15000,eval,80,80,-1.0980928413011133,80,2,-1.0980928413011133,20,0.0,80,13,0.01085471952907168,0.024141842499375343,0,2,2,1.0484087000077125,0.5879676999757066,0.46044100003200583,0.5879676999757066,0.46044100003200583,bed36542854ab2df9851c799a502d25668fdcd2e,1.8.0,0503ae774158b3db784d9ead9478acb76acc8c3e3a4746b028b91961d791cace,True,3.12.13,2.12.0+cpu,2.4.6,1.2.3,3.1.0,2.1.0,3.2.7,0.0,0.0,0.018331395,0.043996362230790335,80.0,1.0,0.0,1.0,0.0,0.0,1.0,0.0,1.0,0.0,0.0,0.0,0.0,0.9082354356993694,0.0,0.0,0.0,1.0,20.0,1.0,support-boundary collapse,538.885,495.25,neural,80.0,2160.0,16320.0,0.0,0,nan,0.0,nan,exact_count,raw_state,none,6.4e-06,7680,,,0.030532588064670563,0.15,0.0,0.0,nan,nan,6,nan,nan,nan,nan,unavailable,unavailable,unavailable,nan,nan,0.0,unavailable,nan
reviewer1_sensorized_sil_aliasing_smoke,reviewer1_sensorized_sil_aliasing_smoke,configs/reviewer1_remaining/smoke/sensor_aliasing.yaml,Crazyflie-sensorized-aliasing-smoke,SensorizedPyBulletUAVWaypoint-v0,SensorizedPyBulletUAVWaypoint-v0,native_gymnasium_observation,fuzzy_reliability,15000,train,80,,,80,4,-0.9130496369628238,20,0.0,80,13,0.01085471952907168,0.024141842499375343,0,2,2,1.049179900001036,0.5887388999690302,0.46044100003200583,0.5887388999690302,0.46044100003200583,bed36542854ab2df9851c799a502d25668fdcd2e,1.8.0,0503ae774158b3db784d9ead9478acb76acc8c3e3a4746b028b91961d791cace,True,3.12.13,2.12.0+cpu,2.4.6,1.2.3,3.1.0,2.1.0,3.2.7,0.0,0.0,0.018331395,0.043996362230790335,80.0,1.0,0.0,0.85,0.0,0.0,1.0,0.0,1.0,0.0,0.0,0.0,0.0,0.9175926481351198,0.0,0.2,0.0,1.0,20.0,1.0,support-boundary collapse,436.8050000000001,473.1,neural,80.0,2160.0,16320.0,0.0,0,nan,0.0,nan,exact_count,raw_state,none,6.4e-06,7680,,,0.024019805947318673,0.15,1.0,0.0,,,,,,,,,,,,,,,
reviewer1_sensorized_sil_aliasing_smoke,reviewer1_sensorized_sil_aliasing_smoke,configs/reviewer1_remaining/smoke/sensor_aliasing.yaml,Crazyflie-sensorized-aliasing-smoke,SensorizedPyBulletUAVWaypoint-v0,SensorizedPyBulletUAVWaypoint-v0,native_gymnasium_observation,fuzzy_reliability,15001,train,20,,,20,1,-0.26373433690168896,20,0.0,20,0,nan,nan,0,0,2,0.07588859999668784,0.07588859999668784,0.0,0.07588859999668784,0.0,bed36542854ab2df9851c799a502d25668fdcd2e,1.8.0,0503ae774158b3db784d9ead9478acb76acc8c3e3a4746b028b91961d791cace,True,3.12.13,2.12.0+cpu,2.4.6,1.2.3,3.1.0,2.1.0,3.2.7,0.0,0.0,0.35860696,0.3719922673576415,20.0,1.0,0.0,0.0,0.05,-0.0025000000000000005,1.0,0.0,0.85,0.0,0.0,0.0,0.0,0.8982187536483323,0.0,0.0,0.0,0.85,17.0,1.0,support-boundary collapse,143.655,11.649999999999999,neural,20.0,540.0,4080.0,0.0,0,nan,0.0,nan,exact_count,raw_state,none,8.5e-06,1920,,,0.023111345106735827,0.25,0.0,0.0,,,,,,,,,,,,,,,
reviewer1_sensorized_sil_aliasing_smoke,reviewer1_sensorized_sil_aliasing_smoke,configs/reviewer1_remaining/smoke/sensor_aliasing.yaml,Crazyflie-sensorized-aliasing-smoke,SensorizedPyBulletUAVWaypoint-v0,SensorizedPyBulletUAVWaypoint-v0,native_gymnasium_observation,fuzzy_reliability,15001,eval,40,40,-1.0145427711028607,40,1,-1.0145427711028607,20,0.0,40,3,0.008039349069197973,0.010078202933073044,0,1,2,0.3635491000022739,0.14894280000589788,0.21460629999637604,0.14894280000589788,0.21460629999637604,bed36542854ab2df9851c799a502d25668fdcd2e,1.8.0,0503ae774158b3db784d9ead9478acb76acc8c3e3a4746b028b91961d791cace,True,3.12.13,2.12.0+cpu,2.4.6,1.2.3,3.1.0,2.1.0,3.2.7,0.0,0.0,0.13031048,0.14162758822009336,40.0,1.0,0.0,1.0,0.0,0.0,1.0,0.0,1.0,0.0,0.0,0.0,0.0,0.9555811605281022,0.0,0.0,0.0,1.0,20.0,1.0,support-boundary collapse,573.745,506.3,neural,40.0,1080.0,8160.0,0.0,0,nan,0.0,nan,exact_count,raw_state,none,9.9e-06,3840,,,0.03619124284014106,0.15,0.4,0.0,nan,nan,25,nan,nan,nan,nan,unavailable,unavailable,unavailable,nan,nan,0.0,unavailable,nan
reviewer1_sensorized_sil_aliasing_smoke,reviewer1_sensorized_sil_aliasing_smoke,configs/reviewer1_remaining/smoke/sensor_aliasing.yaml,Crazyflie-sensorized-aliasing-smoke,SensorizedPyBulletUAVWaypoint-v0,SensorizedPyBulletUAVWaypoint-v0,native_gymnasium_observation,fuzzy_reliability,15001,eval,40,40,-1.032862815882545,40,2,-1.032862815882545,20,0.0,40,3,0.008039349069197973,0.010078202933073044,0,1,2,0.3637518000032287,0.14914550000685267,0.21460629999637604,0.14914550000685267,0.21460629999637604,bed36542854ab2df9851c799a502d25668fdcd2e,1.8.0,0503ae774158b3db784d9ead9478acb76acc8c3e3a4746b028b91961d791cace,True,3.12.13,2.12.0+cpu,2.4.6,1.2.3,3.1.0,2.1.0,3.2.7,0.0,0.0,0.13031048,0.14162758822009336,40.0,1.0,0.0,1.0,0.0,0.0,1.0,0.0,1.0,0.0,0.0,0.0,0.0,0.9449255051655433,0.0,0.0,0.0,1.0,20.0,1.0,support-boundary collapse,661.09,626.3,neural,40.0,1080.0,8160.0,0.0,0,nan,0.0,nan,exact_count,raw_state,none,9.9e-06,3840,,,0.02854488305747509,0.25,0.0,0.0,nan,nan,12,nan,nan,nan,nan,unavailable,unavailable,unavailable,nan,nan,0.0,unavailable,nan
reviewer1_sensorized_sil_aliasing_smoke,reviewer1_sensorized_sil_aliasing_smoke,configs/reviewer1_remaining/smoke/sensor_aliasing.yaml,Crazyflie-sensorized-aliasing-smoke,SensorizedPyBulletUAVWaypoint-v0,SensorizedPyBulletUAVWaypoint-v0,native_gymnasium_observation,fuzzy_reliability,15001,train,40,,,40,2,-1.0384207038395106,20,0.0,40,3,0.008039349069197973,0.010078202933073044,0,1,2,0.3779190999921411,0.1633127999957651,0.21460629999637604,0.1633127999957651,0.21460629999637604,bed36542854ab2df9851c799a502d25668fdcd2e,1.8.0,0503ae774158b3db784d9ead9478acb76acc8c3e3a4746b028b91961d791cace,True,3.12.13,2.12.0+cpu,2.4.6,1.2.3,3.1.0,2.1.0,3.2.7,0.0,0.0,0.13031048,0.14162758822009336,40.0,1.0,0.0,1.0,0.0,0.0,1.0,0.0,1.0,0.0,0.0,0.0,0.0,0.9291979740980765,0.0,0.3,0.0,1.0,20.0,1.0,support-boundary collapse,115.10999999999999,12.45,neural,40.0,1080.0,8160.0,0.0,0,nan,0.0,nan,exact_count,raw_state,none,9.9e-06,3840,,,0.021411337819881738,0.1,0.0,0.0,,,,,,,,,,,,,,,
reviewer1_sensorized_sil_aliasing_smoke,reviewer1_sensorized_sil_aliasing_smoke,configs/reviewer1_remaining/smoke/sensor_aliasing.yaml,Crazyflie-sensorized-aliasing-smoke,SensorizedPyBulletUAVWaypoint-v0,SensorizedPyBulletUAVWaypoint-v0,native_gymnasium_observation,fuzzy_reliability,15001,train,60,,,60,3,-0.7070687292795629,20,0.0,60,8,0.0049982882919721305,0.010078202933073044,0,1,2,0.45823969997582026,0.24363339997944422,0.21460629999637604,0.24363339997944422,0.21460629999637604,bed36542854ab2df9851c799a502d25668fdcd2e,1.8.0,0503ae774158b3db784d9ead9478acb76acc8c3e3a4746b028b91961d791cace,True,3.12.13,2.12.0+cpu,2.4.6,1.2.3,3.1.0,2.1.0,3.2.7,0.0,0.0,0.047588043,0.05228498963913801,60.0,1.0,0.0,0.65,0.0,0.0,1.0,0.0,1.0,0.0,0.0,0.0,0.0,0.9778703106965112,0.0,0.15,0.0,1.0,20.0,1.0,support-boundary collapse,299.24,240.7,neural,60.0,1620.0,12240.0,0.0,0,nan,0.0,nan,exact_count,raw_state,none,8e-06,5760,,,0.025292352517135443,0.0,0.0,0.0,,,,,,,,,,,,,,,
reviewer1_sensorized_sil_aliasing_smoke,reviewer1_sensorized_sil_aliasing_smoke,configs/reviewer1_remaining/smoke/sensor_aliasing.yaml,Crazyflie-sensorized-aliasing-smoke,SensorizedPyBulletUAVWaypoint-v0,SensorizedPyBulletUAVWaypoint-v0,native_gymnasium_observation,fuzzy_reliability,15001,eval,80,80,-0.9417091399477795,80,1,-0.9417091399477795,20,0.0,80,13,0.003768338436762301,0.010078202933073044,0,2,2,0.7521942000021227,0.3250701999932062,0.4271240000089165,0.3250701999932062,0.4271240000089165,bed36542854ab2df9851c799a502d25668fdcd2e,1.8.0,0503ae774158b3db784d9ead9478acb76acc8c3e3a4746b028b91961d791cace,True,3.12.13,2.12.0+cpu,2.4.6,1.2.3,3.1.0,2.1.0,3.2.7,0.0,0.0,0.017125854,0.022685646819164466,80.0,1.0,0.0,0.75,0.0,0.0,1.0,0.0,1.0,0.0,0.0,0.0,0.0,0.9299340219252092,0.0,0.0,0.0,1.0,20.0,1.0,support-boundary collapse,533.93,490.0,neural,80.0,2160.0,16320.0,0.0,0,nan,0.0,nan,exact_count,raw_state,none,7.3e-06,7680,,,0.03594173989258707,0.25,0.0,0.0,nan,nan,15,nan,nan,nan,nan,unavailable,unavailable,unavailable,nan,nan,0.0,unavailable,nan
reviewer1_sensorized_sil_aliasing_smoke,reviewer1_sensorized_sil_aliasing_smoke,configs/reviewer1_remaining/smoke/sensor_aliasing.yaml,Crazyflie-sensorized-aliasing-smoke,SensorizedPyBulletUAVWaypoint-v0,SensorizedPyBulletUAVWaypoint-v0,native_gymnasium_observation,fuzzy_reliability,15001,eval,80,80,-0.8206810130225494,80,2,-0.8206810130225494,20,0.0,80,13,0.003768338436762301,0.010078202933073044,0,2,2,0.7523046999995131,0.3251806999905966,0.4271240000089165,0.3251806999905966,0.4271240000089165,bed36542854ab2df9851c799a502d25668fdcd2e,1.8.0,0503ae774158b3db784d9ead9478acb76acc8c3e3a4746b028b91961d791cace,True,3.12.13,2.12.0+cpu,2.4.6,1.2.3,3.1.0,2.1.0,3.2.7,0.0,0.0,0.017125854,0.022685646819164466,80.0,1.0,0.0,0.7,0.0,0.0,1.0,0.0,1.0,0.0,0.0,0.0,0.0,0.8455546976584538,0.0,0.0,0.0,1.0,20.0,1.0,support-boundary collapse,532.355,500.95,neural,80.0,2160.0,16320.0,0.0,0,nan,0.0,nan,exact_count,raw_state,none,7.3e-06,7680,,,0.03450423269532621,0.2,0.0,0.0,nan,nan,15,nan,nan,nan,nan,unavailable,unavailable,unavailable,nan,nan,0.0,unavailable,nan
reviewer1_sensorized_sil_aliasing_smoke,reviewer1_sensorized_sil_aliasing_smoke,configs/reviewer1_remaining/smoke/sensor_aliasing.yaml,Crazyflie-sensorized-aliasing-smoke,SensorizedPyBulletUAVWaypoint-v0,SensorizedPyBulletUAVWaypoint-v0,native_gymnasium_observation,fuzzy_reliability,15001,train,80,,,80,4,-0.20187432941980663,20,0.0,80,13,0.003768338436762301,0.010078202933073044,0,2,2,0.7531450999958906,0.32602109998697415,0.4271240000089165,0.32602109998697415,0.4271240000089165,bed36542854ab2df9851c799a502d25668fdcd2e,1.8.0,0503ae774158b3db784d9ead9478acb76acc8c3e3a4746b028b91961d791cace,True,3.12.13,2.12.0+cpu,2.4.6,1.2.3,3.1.0,2.1.0,3.2.7,0.0,0.0,0.017125854,0.022685646819164466,80.0,1.0,0.0,0.0,0.0,0.0,1.0,0.0,1.0,0.0,0.0,0.0,0.0,0.9394125765378236,0.0,0.1,0.0,1.0,20.0,1.0,support-boundary collapse,447.68,478.70000000000005,neural,80.0,2160.0,16320.0,0.0,0,nan,0.0,nan,exact_count,raw_state,none,7.3e-06,7680,,,0.02158399058971554,0.05,0.0,0.0,,,,,,,,,,,,,,,
reviewer1_sensorized_sil_aliasing_smoke,reviewer1_sensorized_sil_aliasing_smoke,configs/reviewer1_remaining/smoke/sensor_aliasing.yaml,Crazyflie-sensorized-aliasing-smoke,SensorizedPyBulletUAVWaypoint-v0,SensorizedPyBulletUAVWaypoint-v0,native_gymnasium_observation,knn_support,15000,train,20,,,20,1,-1.095544880889356,20,0.0,20,0,nan,nan,0,0,2,0.0961239000025671,0.0961239000025671,0.0,0.0961239000025671,0.0,bed36542854ab2df9851c799a502d25668fdcd2e,1.8.0,0503ae774158b3db784d9ead9478acb76acc8c3e3a4746b028b91961d791cace,True,3.12.13,2.12.0+cpu,2.4.6,1.2.3,3.1.0,2.1.0,3.2.7,0.0,0.0,1.0,1.0,20.0,1.0,0.0,1.0,0.0,0.0,1.0,0.0,0.65,0.0,nan,nan,0.0,nan,0.0,0.0,nan,0.65,nan,nan,unsupported,1174.495,11.600000000000001,neural,20.0,540.0,4080.0,0.0,0,2.0118401050567627,0.0,nan,tolerance_knn,raw_state,brute_force,0.0227244,1760,,,0.022728178510442378,0.05,0.95,0.0,,,,,,,,,,,,,,,
reviewer1_sensorized_sil_aliasing_smoke,reviewer1_sensorized_sil_aliasing_smoke,configs/reviewer1_remaining/smoke/sensor_aliasing.yaml,Crazyflie-sensorized-aliasing-smoke,SensorizedPyBulletUAVWaypoint-v0,SensorizedPyBulletUAVWaypoint-v0,native_gymnasium_observation,knn_support,15000,eval,40,40,-0.8189343997091055,40,1,-0.8189343997091055,20,0.0,40,3,0.02041250156859557,0.024141842499375343,0,1,2,0.3640379999997094,0.17154839998693205,0.19248960001277737,0.17154839998693205,0.19248960001277737,bed36542854ab2df9851c799a502d25668fdcd2e,1.8.0,0503ae774158b3db784d9ead9478acb76acc8c3e3a4746b028b91961d791cace,True,3.12.13,2.12.0+cpu,2.4.6,1.2.3,3.1.0,2.1.0,3.2.7,0.5416666666666667,0.0,1.0,1.0,40.0,1.0,0.0,0.7,0.0,0.0,1.0,0.3680952380952381,0.6319047619047619,0.0,nan,nan,0.3680952380952381,nan,0.0,0.55,nan,0.45,nan,nan,approximate-only,440.25,400.54999999999995,memory,40.0,1080.0,8160.0,0.0,0,0.5894912481307983,0.0,nan,tolerance_knn,raw_state,brute_force,9.62e-05,3520,,,0.031906430679373446,0.25,0.9,0.0,0,15,15,nan,nan,nan,0.49999999749999996,neural,unavailable,unavailable,nan,nan,0.0,unavailable,nan
reviewer1_sensorized_sil_aliasing_smoke,reviewer1_sensorized_sil_aliasing_smoke,configs/reviewer1_remaining/smoke/sensor_aliasing.yaml,Crazyflie-sensorized-aliasing-smoke,SensorizedPyBulletUAVWaypoint-v0,SensorizedPyBulletUAVWaypoint-v0,native_gymnasium_observation,knn_support,15000,eval,40,40,-0.564253464322537,40,2,-0.564253464322537,20,0.0,40,3,0.02041250156859557,0.024141842499375343,0,1,2,0.36417069999151863,0.17168109997874126,0.19248960001277737,0.17168109997874126,0.19248960001277737,bed36542854ab2df9851c799a502d25668fdcd2e,1.8.0,0503ae774158b3db784d9ead9478acb76acc8c3e3a4746b028b91961d791cace,True,3.12.13,2.12.0+cpu,2.4.6,1.2.3,3.1.0,2.1.0,3.2.7,0.5416666666666667,0.0,1.0,1.0,40.0,1.0,0.0,0.4,0.0,0.0,1.0,0.0,1.0,0.0,nan,nan,0.0,nan,0.0,0.0,nan,1.0,nan,nan,unsupported,421.32,385.6,neural,40.0,1080.0,8160.0,0.0,0,0.5894912481307983,0.0,nan,tolerance_knn,raw_state,brute_force,9.62e-05,3520,,,0.03396643064916134,0.05,0.0,0.0,0,15,15,nan,nan,nan,0.49999999749999996,neural,unavailable,unavailable,nan,nan,0.0,unavailable,nan
reviewer1_sensorized_sil_aliasing_smoke,reviewer1_sensorized_sil_aliasing_smoke,configs/reviewer1_remaining/smoke/sensor_aliasing.yaml,Crazyflie-sensorized-aliasing-smoke,SensorizedPyBulletUAVWaypoint-v0,SensorizedPyBulletUAVWaypoint-v0,native_gymnasium_observation,knn_support,15000,train,40,,,40,2,-0.9628976610256361,20,0.0,40,3,0.02041250156859557,0.024141842499375343,0,1,2,0.3671271000057459,0.17463749999296851,0.19248960001277737,0.17463749999296851,0.19248960001277737,bed36542854ab2df9851c799a502d25668fdcd2e,1.8.0,0503ae774158b3db784d9ead9478acb76acc8c3e3a4746b028b91961d791cace,True,3.12.13,2.12.0+cpu,2.4.6,1.2.3,3.1.0,2.1.0,3.2.7,0.5416666666666667,0.0,1.0,1.0,40.0,1.0,0.0,1.0,0.0,0.0,1.0,0.6333333333333332,0.3666666666666666,0.0,nan,nan,0.6333333333333332,nan,0.0,0.95,nan,0.05,nan,nan,approximate-only,381.61,386.3,memory,40.0,1080.0,8160.0,0.0,0,0.5894912481307983,0.0,nan,tolerance_knn,raw_state,brute_force,9.62e-05,3520,,,0.023900626646354794,0.1,0.0,0.0,,,,,,,,,,,,,,,
reviewer1_sensorized_sil_aliasing_smoke,reviewer1_sensorized_sil_aliasing_smoke,configs/reviewer1_remaining/smoke/sensor_aliasing.yaml,Crazyflie-sensorized-aliasing-smoke,SensorizedPyBulletUAVWaypoint-v0,SensorizedPyBulletUAVWaypoint-v0,native_gymnasium_observation,knn_support,15000,train,60,,,60,3,-0.5486153233423828,20,0.0,60,8,0.014243528828956187,0.024141842499375343,0,1,2,0.4502788999816403,0.2577892999688629,0.19248960001277737,0.2577892999688629,0.19248960001277737,bed36542854ab2df9851c799a502d25668fdcd2e,1.8.0,0503ae774158b3db784d9ead9478acb76acc8c3e3a4746b028b91961d791cace,True,3.12.13,2.12.0+cpu,2.4.6,1.2.3,3.1.0,2.1.0,3.2.7,0.581142857142857,0.0,1.0,1.0,60.0,1.0,0.0,0.4,0.0,0.0,1.0,0.6514285714285712,0.3485714285714286,0.0,nan,nan,0.6514285714285712,nan,0.0,0.95,nan,0.05,nan,nan,approximate-only,327.69,445.04999999999995,memory,60.0,1620.0,12240.0,0.7142857142857143,5,0.1499999314546585,5.0,nan,tolerance_knn,raw_state,brute_force,0.0001264,5280,,,0.02318295734003186,0.1,0.95,0.0,,,,,,,,,,,,,,,
reviewer1_sensorized_sil_aliasing_smoke,reviewer1_sensorized_sil_aliasing_smoke,configs/reviewer1_remaining/smoke/sensor_aliasing.yaml,Crazyflie-sensorized-aliasing-smoke,SensorizedPyBulletUAVWaypoint-v0,SensorizedPyBulletUAVWaypoint-v0,native_gymnasium_observation,knn_support,15000,eval,80,80,-0.1931712593138218,80,1,-0.1931712593138218,20,0.0,80,13,0.01084569114475296,0.024141842499375343,0,2,2,0.7411288000002969,0.3427398999920115,0.3983889000082854,0.3427398999920115,0.3983889000082854,bed36542854ab2df9851c799a502d25668fdcd2e,1.8.0,0503ae774158b3db784d9ead9478acb76acc8c3e3a4746b028b91961d791cace,True,3.12.13,2.12.0+cpu,2.4.6,1.2.3,3.1.0,2.1.0,3.2.7,0.6259637188208618,0.0,1.0,1.0,80.0,1.0,0.0,0.0,0.0,0.0,1.0,0.0,1.0,0.0,nan,nan,0.0,nan,0.0,0.0,nan,1.0,nan,nan,unsupported,588.9200000000001,503.65,neural,80.0,2160.0,16320.0,0.0,0,0.9178780317306519,0.0,nan,tolerance_knn,raw_state,brute_force,0.0001277,7040,,,0.025938641233369707,0.2,0.0,0.0,0,6,6,nan,nan,nan,0.49999999749999996,neural,unavailable,unavailable,nan,nan,0.0,unavailable,nan
reviewer1_sensorized_sil_aliasing_smoke,reviewer1_sensorized_sil_aliasing_smoke,configs/reviewer1_remaining/smoke/sensor_aliasing.yaml,Crazyflie-sensorized-aliasing-smoke,SensorizedPyBulletUAVWaypoint-v0,SensorizedPyBulletUAVWaypoint-v0,native_gymnasium_observation,knn_support,15000,eval,80,80,-1.0980928413011133,80,2,-1.0980928413011133,20,0.0,80,13,0.01084569114475296,0.024141842499375343,0,2,2,0.7412272999936249,0.3428383999853395,0.3983889000082854,0.3428383999853395,0.3983889000082854,bed36542854ab2df9851c799a502d25668fdcd2e,1.8.0,0503ae774158b3db784d9ead9478acb76acc8c3e3a4746b028b91961d791cace,True,3.12.13,2.12.0+cpu,2.4.6,1.2.3,3.1.0,2.1.0,3.2.7,0.6259637188208618,0.0,1.0,1.0,80.0,1.0,0.0,1.0,0.0,0.0,1.0,0.0,1.0,0.0,nan,nan,0.0,nan,0.0,0.0,nan,1.0,nan,nan,unsupported,466.6,427.0,neural,80.0,2160.0,16320.0,0.0,0,0.9178780317306519,0.0,nan,tolerance_knn,raw_state,brute_force,0.0001277,7040,,,0.030532588064670563,0.15,0.0,0.0,0,6,6,nan,nan,nan,0.49999999749999996,neural,unavailable,unavailable,nan,nan,0.0,unavailable,nan
reviewer1_sensorized_sil_aliasing_smoke,reviewer1_sensorized_sil_aliasing_smoke,configs/reviewer1_remaining/smoke/sensor_aliasing.yaml,Crazyflie-sensorized-aliasing-smoke,SensorizedPyBulletUAVWaypoint-v0,SensorizedPyBulletUAVWaypoint-v0,native_gymnasium_observation,knn_support,15000,train,80,,,80,4,-0.8585523365205154,20,0.0,80,13,0.01084569114475296,0.024141842499375343,0,2,2,0.7418331999797374,0.343444299971452,0.3983889000082854,0.343444299971452,0.3983889000082854,bed36542854ab2df9851c799a502d25668fdcd2e,1.8.0,0503ae774158b3db784d9ead9478acb76acc8c3e3a4746b028b91961d791cace,True,3.12.13,2.12.0+cpu,2.4.6,1.2.3,3.1.0,2.1.0,3.2.7,0.6259637188208618,0.0,1.0,1.0,80.0,1.0,0.0,0.8,0.0,0.0,1.0,0.6952380952380951,0.30476190476190473,0.0,nan,nan,0.6952380952380951,nan,0.0,1.0,nan,0.0,nan,nan,approximate-only,458.1,476.45,memory,80.0,2160.0,16320.0,0.0,0,0.9178780317306519,0.0,nan,tolerance_knn,raw_state,brute_force,0.0001277,7040,,,0.02394504235126078,0.15,1.0,0.0,,,,,,,,,,,,,,,
reviewer1_sensorized_sil_aliasing_smoke,reviewer1_sensorized_sil_aliasing_smoke,configs/reviewer1_remaining/smoke/sensor_aliasing.yaml,Crazyflie-sensorized-aliasing-smoke,SensorizedPyBulletUAVWaypoint-v0,SensorizedPyBulletUAVWaypoint-v0,native_gymnasium_observation,knn_support,15001,train,20,,,20,1,-0.26373433690168896,20,0.0,20,0,nan,nan,0,0,2,0.11585180001566187,0.11585180001566187,0.0,0.11585180001566187,0.0,bed36542854ab2df9851c799a502d25668fdcd2e,1.8.0,0503ae774158b3db784d9ead9478acb76acc8c3e3a4746b028b91961d791cace,True,3.12.13,2.12.0+cpu,2.4.6,1.2.3,3.1.0,2.1.0,3.2.7,0.6057142857142858,0.0,1.0,1.0,20.0,1.0,0.0,0.0,0.05,-0.0025000000000000005,1.0,0.5466666666666666,0.30333333333333334,0.0,nan,nan,0.5466666666666666,nan,0.0,0.85,nan,0.0,nan,nan,approximate-only,106.665,11.45,memory,20.0,540.0,4080.0,0.7142857142857143,5,0.09999990463256836,5.0,nan,tolerance_knn,raw_state,brute_force,9.9e-05,1760,,,0.023111345106735827,0.25,0.0,0.0,,,,,,,,,,,,,,,
reviewer1_sensorized_sil_aliasing_smoke,reviewer1_sensorized_sil_aliasing_smoke,configs/reviewer1_remaining/smoke/sensor_aliasing.yaml,Crazyflie-sensorized-aliasing-smoke,SensorizedPyBulletUAVWaypoint-v0,SensorizedPyBulletUAVWaypoint-v0,native_gymnasium_observation,knn_support,15001,eval,40,40,-1.0145427711028607,40,1,-1.0145427711028607,20,0.0,40,3,0.008039349069197973,0.010078202933073044,0,1,2,0.3791147000156343,0.18137340003158897,0.19774129998404533,0.18137340003158897,0.19774129998404533,bed36542854ab2df9851c799a502d25668fdcd2e,1.8.0,0503ae774158b3db784d9ead9478acb76acc8c3e3a4746b028b91961d791cace,True,3.12.13,2.12.0+cpu,2.4.6,1.2.3,3.1.0,2.1.0,3.2.7,0.653968253968254,0.0,1.0,1.0,40.0,1.0,0.0,1.0,0.0,0.0,1.0,0.0,1.0,0.0,nan,nan,0.0,nan,0.0,0.0,nan,1.0,nan,nan,unsupported,523.745,389.65,neural,40.0,1080.0,8160.0,0.0,0,0.41231054067611694,0.0,nan,tolerance_knn,raw_state,brute_force,9.76e-05,3520,,,0.03619124284014106,0.15,0.4,0.0,0,25,25,nan,nan,nan,0.49999999749999996,neural,unavailable,unavailable,nan,nan,0.0,unavailable,nan
reviewer1_sensorized_sil_aliasing_smoke,reviewer1_sensorized_sil_aliasing_smoke,configs/reviewer1_remaining/smoke/sensor_aliasing.yaml,Crazyflie-sensorized-aliasing-smoke,SensorizedPyBulletUAVWaypoint-v0,SensorizedPyBulletUAVWaypoint-v0,native_gymnasium_observation,knn_support,15001,eval,40,40,-1.032862815882545,40,2,-1.032862815882545,20,0.0,40,3,0.008039349069197973,0.010078202933073044,0,1,2,0.379226600023685,0.1814853000396397,0.19774129998404533,0.1814853000396397,0.19774129998404533,bed36542854ab2df9851c799a502d25668fdcd2e,1.8.0,0503ae774158b3db784d9ead9478acb76acc8c3e3a4746b028b91961d791cace,True,3.12.13,2.12.0+cpu,2.4.6,1.2.3,3.1.0,2.1.0,3.2.7,0.653968253968254,0.0,1.0,1.0,40.0,1.0,0.0,1.0,0.0,0.0,1.0,0.0,1.0,0.0,nan,nan,0.0,nan,0.0,0.0,nan,1.0,nan,nan,unsupported,436.4,388.55,neural,40.0,1080.0,8160.0,0.0,0,0.41231054067611694,0.0,nan,tolerance_knn,raw_state,brute_force,9.76e-05,3520,,,0.02854488305747509,0.25,0.0,0.0,0,12,12,nan,nan,nan,0.49999999749999996,neural,unavailable,unavailable,nan,nan,0.0,unavailable,nan
reviewer1_sensorized_sil_aliasing_smoke,reviewer1_sensorized_sil_aliasing_smoke,configs/reviewer1_remaining/smoke/sensor_aliasing.yaml,Crazyflie-sensorized-aliasing-smoke,SensorizedPyBulletUAVWaypoint-v0,SensorizedPyBulletUAVWaypoint-v0,native_gymnasium_observation,knn_support,15001,train,40,,,40,2,-1.0384207038395106,20,0.0,40,3,0.008039349069197973,0.010078202933073044,0,1,2,0.3813332999998238,0.18359200001577847,0.19774129998404533,0.18359200001577847,0.19774129998404533,bed36542854ab2df9851c799a502d25668fdcd2e,1.8.0,0503ae774158b3db784d9ead9478acb76acc8c3e3a4746b028b91961d791cace,True,3.12.13,2.12.0+cpu,2.4.6,1.2.3,3.1.0,2.1.0,3.2.7,0.653968253968254,0.0,1.0,1.0,40.0,1.0,0.0,1.0,0.0,0.0,1.0,0.7142857142857142,0.2857142857142857,0.0,nan,nan,0.7142857142857142,nan,0.0,1.0,nan,0.0,nan,nan,approximate-only,98.245,11.4,memory,40.0,1080.0,8160.0,0.0,0,0.41231054067611694,0.0,nan,tolerance_knn,raw_state,brute_force,9.76e-05,3520,,,0.021411337819881738,0.1,0.0,0.0,,,,,,,,,,,,,,,
reviewer1_sensorized_sil_aliasing_smoke,reviewer1_sensorized_sil_aliasing_smoke,configs/reviewer1_remaining/smoke/sensor_aliasing.yaml,Crazyflie-sensorized-aliasing-smoke,SensorizedPyBulletUAVWaypoint-v0,SensorizedPyBulletUAVWaypoint-v0,native_gymnasium_observation,knn_support,15001,train,60,,,60,3,-0.7063551083859055,20,0.0,60,8,0.0049982361670117825,0.010078202933073044,0,1,2,0.45640300001832657,0.25866170003428124,0.19774129998404533,0.25866170003428124,0.19774129998404533,bed36542854ab2df9851c799a502d25668fdcd2e,1.8.0,0503ae774158b3db784d9ead9478acb76acc8c3e3a4746b028b91961d791cace,True,3.12.13,2.12.0+cpu,2.4.6,1.2.3,3.1.0,2.1.0,3.2.7,0.6343358395989973,0.0,1.0,1.0,60.0,1.0,0.0,0.65,0.0,0.0,1.0,0.6166666666666665,0.3833333333333333,0.0,nan,nan,0.6166666666666665,nan,0.0,0.9,nan,0.1,nan,nan,approximate-only,256.675,203.7,memory,60.0,1620.0,12240.0,0.7142857142857143,5,0.08660248667001724,5.0,nan,tolerance_knn,raw_state,brute_force,0.0002748,5280,,,0.025270420336164535,0.0,0.0,0.0,,,,,,,,,,,,,,,
reviewer1_sensorized_sil_aliasing_smoke,reviewer1_sensorized_sil_aliasing_smoke,configs/reviewer1_remaining/smoke/sensor_aliasing.yaml,Crazyflie-sensorized-aliasing-smoke,SensorizedPyBulletUAVWaypoint-v0,SensorizedPyBulletUAVWaypoint-v0,native_gymnasium_observation,knn_support,15001,eval,80,80,-0.9417091399477795,80,1,-0.9417091399477795,20,0.0,80,13,0.0037698948558849785,0.010078202933073044,0,2,2,0.7918471000157297,0.34138790002907626,0.4504591999866534,0.34138790002907626,0.4504591999866534,bed36542854ab2df9851c799a502d25668fdcd2e,1.8.0,0503ae774158b3db784d9ead9478acb76acc8c3e3a4746b028b91961d791cace,True,3.12.13,2.12.0+cpu,2.4.6,1.2.3,3.1.0,2.1.0,3.2.7,0.6720899470899472,0.0,1.0,1.0,80.0,1.0,0.0,0.75,0.0,0.0,1.0,0.0,1.0,0.0,nan,nan,0.0,nan,0.0,0.0,nan,1.0,nan,nan,unsupported,506.525,422.9,neural,80.0,2160.0,16320.0,0.7142857142857143,5,0.32015618681907654,5.0,nan,tolerance_knn,raw_state,brute_force,0.0001552,7040,,,0.03594173989258707,0.25,0.0,0.0,0,15,15,nan,nan,nan,0.49999999749999996,neural,unavailable,unavailable,nan,nan,0.0,unavailable,nan
reviewer1_sensorized_sil_aliasing_smoke,reviewer1_sensorized_sil_aliasing_smoke,configs/reviewer1_remaining/smoke/sensor_aliasing.yaml,Crazyflie-sensorized-aliasing-smoke,SensorizedPyBulletUAVWaypoint-v0,SensorizedPyBulletUAVWaypoint-v0,native_gymnasium_observation,knn_support,15001,eval,80,80,-0.8206810130225494,80,2,-0.8206810130225494,20,0.0,80,13,0.0037698948558849785,0.010078202933073044,0,2,2,0.7919684000080451,0.34150920002139173,0.4504591999866534,0.34150920002139173,0.4504591999866534,bed36542854ab2df9851c799a502d25668fdcd2e,1.8.0,0503ae774158b3db784d9ead9478acb76acc8c3e3a4746b028b91961d791cace,True,3.12.13,2.12.0+cpu,2.4.6,1.2.3,3.1.0,2.1.0,3.2.7,0.6720899470899472,0.0,1.0,1.0,80.0,1.0,0.0,0.7,0.0,0.0,1.0,0.6785714285714285,0.3214285714285714,0.0,nan,nan,0.6785714285714285,nan,0.0,0.95,nan,0.05,nan,nan,approximate-only,623.8699999999999,492.35,memory,80.0,2160.0,16320.0,0.7142857142857143,5,0.32015618681907654,5.0,nan,tolerance_knn,raw_state,brute_force,0.0001552,7040,,,0.03450423269532621,0.2,0.0,0.0,0,15,15,nan,nan,nan,0.49999999749999996,neural,unavailable,unavailable,nan,nan,0.0,unavailable,nan
reviewer1_sensorized_sil_aliasing_smoke,reviewer1_sensorized_sil_aliasing_smoke,configs/reviewer1_remaining/smoke/sensor_aliasing.yaml,Crazyflie-sensorized-aliasing-smoke,SensorizedPyBulletUAVWaypoint-v0,SensorizedPyBulletUAVWaypoint-v0,native_gymnasium_observation,knn_support,15001,train,80,,,80,4,-0.20051490715704856,20,0.0,80,13,0.0037698948558849785,0.010078202933073044,0,2,2,0.7928360000078101,0.34237680002115667,0.4504591999866534,0.34237680002115667,0.4504591999866534,bed36542854ab2df9851c799a502d25668fdcd2e,1.8.0,0503ae774158b3db784d9ead9478acb76acc8c3e3a4746b028b91961d791cace,True,3.12.13,2.12.0+cpu,2.4.6,1.2.3,3.1.0,2.1.0,3.2.7,0.6720899470899472,0.0,1.0,1.0,80.0,1.0,0.0,0.0,0.0,0.0,1.0,0.7142857142857142,0.2857142857142857,0.0,nan,nan,0.7142857142857142,nan,0.0,1.0,nan,0.0,nan,nan,approximate-only,497.46999999999997,468.25,memory,80.0,2160.0,16320.0,0.7142857142857143,5,0.32015618681907654,5.0,nan,tolerance_knn,raw_state,brute_force,0.0001552,7040,,,0.021543552190996705,0.05,0.0,0.0,,,,,,,,,,,,,,,
