report_family,evidence_class,primary_confirmatory,environment_or_severity,contrast_name,left,right,metric,n_pairs,mean_difference,median_difference,bootstrap_ci_low,bootstrap_ci_high,cohen_dz,rank_biserial,wins,losses,ties,raw_paired_t_p,report_holm_paired_t_p,global_holm_paired_t_p,raw_wilcoxon_p,report_holm_wilcoxon_p,global_holm_wilcoxon_p,source_file,source_row
adaptive_gate_compact_validation.planned,confirmatory,True,CliffWalking-adaptive,fuzzy_vs_count,fuzzy_support_adaptive,count_gated_tau_20,return_auc,30,91.55833333333334,0.0,-1.2836458333333332,197.8186458333333,0.3183364968633972,0.2857142857142857,11,9,10,0.091822796965636,0.6427595787594524,1.0,0.2610541895796574,1.0,1.0,results/adaptive_gate_compact_validation/planned_contrasts.csv,2
adaptive_gate_compact_validation.planned,confirmatory,True,CliffWalking-adaptive,fuzzy_vs_dqn,fuzzy_support_adaptive,validated_dqn,return_auc,30,924.9833333333332,60.875,276.64958333333334,1763.4333333333334,0.4268357048669964,0.8881720430107527,29,1,0,0.0265010530882684,0.2385094777944159,1.0,1.612417615779427e-05,0.0001451175854201,0.0009029538648364792,results/adaptive_gate_compact_validation/planned_contrasts.csv,8
adaptive_gate_compact_validation.planned,confirmatory,True,CliffWalking-adaptive,fuzzy_vs_support_abstain,fuzzy_support_adaptive,support_abstain_tau_20,return_auc,30,12.529861111111108,-0.5,-81.65237847222221,113.0768923611111,0.0453627199360457,-0.1111111111111111,11,15,4,0.8055281863184154,1.0,1.0,0.6190845551146489,1.0,1.0,results/adaptive_gate_compact_validation/planned_contrasts.csv,5
adaptive_gate_compact_validation.planned,confirmatory,True,CliffWalking-adaptive,fuzzy_vs_tabular,fuzzy_support_adaptive,tabular,return_auc,30,74.68458333333334,0.0,-21.60147916666667,174.98691666666667,0.2677418097043774,0.3631578947368421,12,7,11,0.1532778276685717,0.9196669660114304,1.0,0.1646865909014587,1.0,1.0,results/adaptive_gate_compact_validation/planned_contrasts.csv,11
adaptive_gate_compact_validation.planned,confirmatory,True,FourRooms-9-support-shift-adaptive,fuzzy_vs_count,fuzzy_support_adaptive,count_gated_tau_20,return_auc,30,0.0004477777777776,0.0135833333333335,-0.0588848333333334,0.0578132499999999,0.0026459418412996,0.0365591397849462,16,14,0,0.9885363721373742,1.0,1.0,0.871207794174552,1.0,1.0,results/adaptive_gate_compact_validation/planned_contrasts.csv,3
adaptive_gate_compact_validation.planned,confirmatory,True,FourRooms-9-support-shift-adaptive,fuzzy_vs_dqn,fuzzy_support_adaptive,validated_dqn,return_auc,30,-0.0004255555555556,-0.0050666666666667,-0.0545673888888888,0.055483472222222,-0.0027065893233999,-0.0193548387096774,15,15,0,0.9882736346652444,1.0,1.0,0.935398668050766,1.0,1.0,results/adaptive_gate_compact_validation/planned_contrasts.csv,9
adaptive_gate_compact_validation.planned,confirmatory,True,FourRooms-9-support-shift-adaptive,fuzzy_vs_support_abstain,fuzzy_support_adaptive,support_abstain_tau_20,return_auc,30,-1.1957811111111107,-1.1791666666666665,-1.24965575,-1.143570083333333,-7.789902286238904,-1.0,0,30,0,1.0063919272468547e-27,1.2076703126962258e-26,7.246021876177354e-26,1.862645149230957e-09,2.2351741790771484e-08,1.471489667892456e-07,results/adaptive_gate_compact_validation/planned_contrasts.csv,6
adaptive_gate_compact_validation.planned,confirmatory,True,FourRooms-9-support-shift-adaptive,fuzzy_vs_tabular,fuzzy_support_adaptive,tabular,return_auc,30,-1.1946499999999998,-1.2027833333333335,-1.2517749166666667,-1.1352284999999998,-7.178446431937617,-1.0,0,30,0,1.0360071913763436e-26,1.139607910513978e-25,7.355651058772039e-25,1.862645149230957e-09,2.2351741790771484e-08,1.471489667892456e-07,results/adaptive_gate_compact_validation/planned_contrasts.csv,12
adaptive_gate_compact_validation.planned,confirmatory,True,FrozenLake-4x4-slippery-adaptive,fuzzy_vs_count,fuzzy_support_adaptive,count_gated_tau_20,return_auc,30,-0.0231944444444444,-0.01875,-0.0645868055555555,0.0168055555555555,-0.1972310917509636,-0.2086021505376344,14,16,0,0.2889204704782506,1.0,1.0,0.3184394138009201,1.0,1.0,results/adaptive_gate_compact_validation/planned_contrasts.csv,4
adaptive_gate_compact_validation.planned,confirmatory,True,FrozenLake-4x4-slippery-adaptive,fuzzy_vs_dqn,fuzzy_support_adaptive,validated_dqn,return_auc,30,0.2912499999999999,0.31875,0.2437465277777777,0.3383333333333332,2.1718066098773328,1.0,30,0,0,1.1203008582157726e-12,1.1203008582157726e-11,7.169925492580945e-11,1.733306644199106e-06,1.733306644199106e-05,0.00010386758369518371,results/adaptive_gate_compact_validation/planned_contrasts.csv,10
adaptive_gate_compact_validation.planned,confirmatory,True,FrozenLake-4x4-slippery-adaptive,fuzzy_vs_support_abstain,fuzzy_support_adaptive,support_abstain_tau_20,return_auc,30,-0.0188888888888888,-0.01875,-0.0581944444444444,0.0190312499999999,-0.1693555580694101,-0.2043010752688172,14,16,0,0.3612722623770121,1.0,1.0,0.3285199116621925,1.0,1.0,results/adaptive_gate_compact_validation/planned_contrasts.csv,7
adaptive_gate_compact_validation.planned,confirmatory,True,FrozenLake-4x4-slippery-adaptive,fuzzy_vs_tabular,fuzzy_support_adaptive,tabular,return_auc,30,0.0554166666666666,0.0333333333333334,0.0016631944444444,0.1088888888888888,0.3611954148449668,0.3763440860215054,18,12,0,0.0574583768843023,0.4596670150744188,1.0,0.0718882949500624,0.5751063596004993,1.0,results/adaptive_gate_compact_validation/planned_contrasts.csv,13
application_navigation_case_study.planned,confirmatory,True,ApplicationNavigation-deployment-goal-shift,fuzzy_vs_count,fuzzy_support_adaptive,count_gated_tau_20,return_auc,30,0.2111244444444442,0.2046166666666666,-0.1713068888888889,0.626280055555555,0.1857018031603424,0.1569892473118279,16,14,0,0.3175024229904081,0.3175024229904081,1.0,0.4645450450479984,0.4645450450479984,1.0,results/application_navigation_case_study/planned_contrasts.csv,2
application_navigation_case_study.planned,confirmatory,True,ApplicationNavigation-deployment-goal-shift,fuzzy_vs_dqn,fuzzy_support_adaptive,validated_dqn,return_auc,30,0.5751888888888886,0.9680999999999989,0.1518332499999998,0.9868093055555552,0.4843550582027782,0.5440860215053763,18,12,0,0.0128087221192976,0.0256174442385953,0.6660535502034751,0.0081429798156023,0.0162859596312046,0.407148990780115,results/application_navigation_case_study/planned_contrasts.csv,4
application_navigation_case_study.planned,confirmatory,True,ApplicationNavigation-deployment-goal-shift,fuzzy_vs_support_abstain,fuzzy_support_adaptive,support_abstain_tau_20,return_auc,30,-2.520183333333333,-2.506216666666666,-2.9725659722222213,-2.0719958333333333,-1.9559351762077208,-0.9870967741935484,1,29,0,1.3520810380166695e-11,5.408324152066678e-11,8.518110539505018e-10,9.313225746154784e-09,2.7939677238464355e-08,6.053596735000609e-07,results/application_navigation_case_study/planned_contrasts.csv,3
application_navigation_case_study.planned,confirmatory,True,ApplicationNavigation-deployment-goal-shift,fuzzy_vs_tabular,fuzzy_support_adaptive,tabular,return_auc,30,-2.298941111111117,-2.085566666666672,-2.7659585555555606,-1.8675416666666724,-1.794749440084429,-0.9956989247311828,1,29,0,9.718548783022495e-11,2.9155646349067486e-10,6.0255002454739465e-09,3.725290298461914e-09,1.4901161193847656e-08,2.4586915969848633e-07,results/application_navigation_case_study/planned_contrasts.csv,5
application_risk_variants.planned,confirmatory,True,ApplicationNavigation-risk-adjusted-fallbacks,no_hold_vs_hold_penalized,support_no_hold,support_hold_penalized,risk_adjusted_score,30,0.0728908999942756,0.0765732053776803,0.0418071880392086,0.1029005563309525,0.8470583786693701,0.7849462365591398,26,4,0,6.901112479973223e-05,6.901112479973223e-05,0.0038646229887850047,5.5925920605659485e-05,5.5925920605659485e-05,0.0030759256333112717,results/application_risk_variants/planned_contrasts.csv,2
application_risk_variants.planned,confirmatory,True,ApplicationNavigation-risk-adjusted-fallbacks,shortest_path_vs_hold_penalized,support_shortest_path,support_hold_penalized,risk_adjusted_score,30,0.1645329311877371,0.1413414325531976,0.1204448728576859,0.20939037517438,1.3139542860424418,0.935483870967742,28,2,0,6.36445058545577e-08,1.2728901170911537e-07,3.6913813395643464e-06,2.551823854446411e-07,5.103647708892822e-07,1.607649028301239e-05,results/application_risk_variants/planned_contrasts.csv,3
application_risk_variants.planned,confirmatory,True,ApplicationNavigation-risk-adjusted-fallbacks,verified_safe_vs_hold_penalized,support_verified_safe,support_hold_penalized,risk_adjusted_score,30,0.2844518046027134,0.2876079033785345,0.245941374383428,0.3259237852544336,2.530917034465068,1.0,30,0,0,2.5221799197348743e-14,7.566539759204621e-14,1.664638747025017e-12,1.862645149230957e-09,5.587935447692871e-09,1.471489667892456e-07,results/application_risk_variants/planned_contrasts.csv,4
approximate_support.planned,confirmatory,True,ApplicationNavigation-deployment-goal-shift,feature_distance_vs_exact_count,feature_distance_support_gate,count_gated_tau_20,return_auc,30,0.7662066666666666,0.7661666666666663,0.3342171666666667,1.1930556944444444,0.6174039328247917,0.621505376344086,22,8,0,0.0020773620600234,0.0041547241200469,0.1121775512412636,0.0021877754479646,0.0043755508959293,0.11595209874212381,results/approx_support/planned_contrasts.csv,3
approximate_support.planned,confirmatory,True,ApplicationNavigation-deployment-goal-shift,feature_distance_vs_tabular,feature_distance_support_gate,tabular,return_auc,30,-1.7438588888888935,-1.755333333333338,-2.127209250000005,-1.370378055555561,-1.618392232856477,-0.9870967741935484,2,28,0,9.442466985048718e-10,2.832740095514615e-09,5.5710555211787435e-08,9.313225746154784e-09,2.7939677238464355e-08,6.053596735000609e-07,results/approx_support/planned_contrasts.csv,5
approximate_support.planned,confirmatory,True,ApplicationNavigation-deployment-goal-shift,knn_vs_exact_count,knn_support_gate,count_gated_tau_20,return_auc,30,0.4218811111111114,0.3767333333333336,0.1080405833333335,0.7377236666666667,0.465135493462496,0.4795698924731182,18,12,0,0.016406923351572,0.016406923351572,0.836753090930172,0.0208498518913984,0.0208498518913984,1.0,results/approx_support/planned_contrasts.csv,2
approximate_support.planned,confirmatory,True,ApplicationNavigation-deployment-goal-shift,knn_vs_tabular,knn_support_gate,tabular,return_auc,30,-2.0881844444444497,-2.025983333333337,-2.527158472222227,-1.6759307777777834,-1.725490867594249,-1.0,0,30,0,2.3391657210825805e-10,9.356662884330322e-10,1.426891089860374e-08,1.862645149230957e-09,7.450580596923828e-09,1.471489667892456e-07,results/approx_support/planned_contrasts.csv,4
confirmatory_extended_compact.planned,confirmatory,True,CliffWalking-v1,count_vs_fixed,count_gated_tau_20,fixed_hybrid,return_auc,30,109.2777777777778,1.0,34.77166666666668,199.40013888888885,0.4606027616090389,0.6676923076923077,20,5,5,0.01738199666136,0.2781119465817613,0.8690998330679999,0.0034774072645366,0.0556385162325861,0.1773477704913666,results/confirmatory_extended_compact/planned_contrasts.csv,16
confirmatory_extended_compact.planned,confirmatory,True,CliffWalking-v1,count_vs_tabular,count_gated_tau_20,tabular,return_auc,30,29.690555555555548,0.0,-34.71625462962962,98.1568148148148,0.1592100097503454,0.2533333333333333,13,11,6,0.3903552629247797,1.0,1.0,0.2712792188694803,1.0,1.0,results/confirmatory_extended_compact/planned_contrasts.csv,9
confirmatory_extended_compact.planned,confirmatory,True,CliffWalking-v1,count_vs_validated_dqn,count_gated_tau_20,validated_dqn,return_auc,30,143.3277777777778,81.16666666666669,113.61111111111111,173.08888888888893,1.699563477252061,1.0,29,0,1,3.2656346575050757e-10,6.5312693150101514e-09,1.9593807945030455e-08,1.312743262007031e-06,2.625486524014062e-05,8.007733898242889e-05,results/confirmatory_extended_compact/planned_contrasts.csv,2
confirmatory_extended_compact.planned,confirmatory,True,CliffWalking-v1,support_abstain_vs_count,support_abstain_tau_20,count_gated_tau_20,return_auc,30,-24.916666666666668,0.0,-96.14027777777778,26.80027777777777,-0.1431728613041864,-0.219047619047619,5,9,16,0.4392873826472565,1.0,1.0,0.4675835353882523,1.0,1.0,results/confirmatory_extended_compact/planned_contrasts.csv,23
confirmatory_extended_compact.planned,confirmatory,True,FourRooms-11-slip-unseen-goals,count_vs_fixed,count_gated_tau_20,fixed_hybrid,return_auc,30,0.0305888888888888,0.0159197530864194,-0.030243755144033,0.0925376748971192,0.1749987417779265,0.1741935483870967,18,12,0,0.3457303674288959,1.0,1.0,0.4161298982799053,1.0,1.0,results/confirmatory_extended_compact/planned_contrasts.csv,17
confirmatory_extended_compact.planned,confirmatory,True,FourRooms-11-slip-unseen-goals,count_vs_tabular,count_gated_tau_20,tabular,return_auc,30,-1.5837512345679026,-1.565302469135804,-1.6383263786008246,-1.5297963940329231,-10.353214533900507,-1.0,0,30,0,2.89478566117637e-31,8.105399851293836e-30,2.2579328157175687e-29,1.862645149230957e-09,5.21540641784668e-08,1.471489667892456e-07,results/confirmatory_extended_compact/planned_contrasts.csv,10
confirmatory_extended_compact.planned,confirmatory,True,FourRooms-11-slip-unseen-goals,count_vs_validated_dqn,count_gated_tau_20,validated_dqn,return_auc,30,0.0646652263374485,0.0761574074074074,0.0117632664609052,0.1167823508230455,0.4360910526548657,0.4365591397849462,20,10,0,0.0236434256100534,0.3546513841508014,1.0,0.0364349968731403,0.5100899562239647,1.0,results/confirmatory_extended_compact/planned_contrasts.csv,3
confirmatory_extended_compact.planned,confirmatory,True,FourRooms-11-slip-unseen-goals,support_abstain_vs_count,support_abstain_tau_20,count_gated_tau_20,return_auc,30,1.56117510288066,1.558030864197533,1.5056402417695491,1.619581666666668,9.574694477758422,1.0,30,0,0,2.7350414031327164e-30,7.384611788458334e-29,2.1059818804121914e-28,1.862645149230957e-09,5.21540641784668e-08,1.471489667892456e-07,results/confirmatory_extended_compact/planned_contrasts.csv,24
confirmatory_extended_compact.planned,confirmatory,True,FourRooms-7-unseen-goals,count_vs_fixed,count_gated_tau_20,fixed_hybrid,return_auc,30,0.0017479797979797,-0.0157348484848486,-0.0315102651515152,0.0352380808080807,0.0183762325968384,-0.0150537634408602,14,16,0,0.9205203329396726,1.0,1.0,0.9515264742076396,1.0,1.0,results/confirmatory_extended_compact/planned_contrasts.csv,18
confirmatory_extended_compact.planned,confirmatory,True,FourRooms-7-unseen-goals,count_vs_tabular,count_gated_tau_20,tabular,return_auc,30,-1.148694444444445,-1.1399621212121218,-1.1974941161616166,-1.1026072727272729,-8.471804648401456,-1.0,0,30,0,9.13430466946308e-29,2.3749192140604006e-27,6.850728502097309e-27,1.862645149230957e-09,5.21540641784668e-08,1.471489667892456e-07,results/confirmatory_extended_compact/planned_contrasts.csv,11
confirmatory_extended_compact.planned,confirmatory,True,FourRooms-7-unseen-goals,count_vs_validated_dqn,count_gated_tau_20,validated_dqn,return_auc,30,-0.0193444444444444,-0.0313257575757576,-0.0515536363636363,0.0144419696969697,-0.2029359710865218,-0.2731182795698925,12,18,0,0.2754724513556493,1.0,1.0,0.1980757992714643,1.0,1.0,results/confirmatory_extended_compact/planned_contrasts.csv,4
confirmatory_extended_compact.planned,confirmatory,True,FourRooms-7-unseen-goals,support_abstain_vs_count,support_abstain_tau_20,count_gated_tau_20,return_auc,30,1.16434595959596,1.1568787878787885,1.115944330808081,1.215432436868687,8.186166756984678,1.0,30,0,0,2.437208038989397e-28,5.849299293574554e-27,1.7791618684622596e-26,1.862645149230957e-09,5.21540641784668e-08,1.471489667892456e-07,results/confirmatory_extended_compact/planned_contrasts.csv,25
confirmatory_extended_compact.planned,confirmatory,True,FourRooms-9-slip-unseen-goals,count_vs_fixed,count_gated_tau_20,fixed_hybrid,return_auc,30,0.0044312865497075,0.0022850877192979,-0.0538989912280702,0.0588321271929824,0.0275630718623416,0.0924731182795698,15,15,0,0.8810453000348358,1.0,1.0,0.6701805889606476,1.0,1.0,results/confirmatory_extended_compact/planned_contrasts.csv,19
confirmatory_extended_compact.planned,confirmatory,True,FourRooms-9-slip-unseen-goals,count_vs_tabular,count_gated_tau_20,tabular,return_auc,30,-1.231175438596491,-1.239473684210526,-1.2923821564327482,-1.1685988888888887,-6.935411393277501,-1.0,0,30,0,2.761557297954657e-26,6.351581785295711e-25,1.93309010856826e-24,1.862645149230957e-09,5.21540641784668e-08,1.471489667892456e-07,results/confirmatory_extended_compact/planned_contrasts.csv,12
confirmatory_extended_compact.planned,confirmatory,True,FourRooms-9-slip-unseen-goals,count_vs_validated_dqn,count_gated_tau_20,validated_dqn,return_auc,30,0.037901461988304,0.0472149122807021,-0.0172280774853801,0.0907453216374268,0.2479223077837013,0.3290322580645161,18,12,0,0.1849593956996742,1.0,1.0,0.1190765686333179,1.0,1.0,results/confirmatory_extended_compact/planned_contrasts.csv,5
confirmatory_extended_compact.planned,confirmatory,True,FourRooms-9-slip-unseen-goals,support_abstain_vs_count,support_abstain_tau_20,count_gated_tau_20,return_auc,30,1.2425187134502922,1.1918289473684212,1.1912265716374266,1.2934425584795322,8.420336563277456,1.0,30,0,0,1.087502926935595e-28,2.7187573173389875e-27,8.047521659323404e-27,1.862645149230957e-09,5.21540641784668e-08,1.471489667892456e-07,results/confirmatory_extended_compact/planned_contrasts.csv,26
confirmatory_extended_compact.planned,confirmatory,True,FrozenLake-4x4-slippery,count_vs_fixed,count_gated_tau_20,fixed_hybrid,return_auc,30,0.0468518518518518,0.0805555555555556,-0.0001851851851852,0.0938888888888888,0.3496416277074219,0.3870967741935484,19,11,0,0.0653938908688735,0.860675699923032,1.0,0.064112701562197,0.769352418746365,1.0,results/confirmatory_extended_compact/planned_contrasts.csv,20
confirmatory_extended_compact.planned,confirmatory,True,FrozenLake-4x4-slippery,count_vs_tabular,count_gated_tau_20,tabular,return_auc,30,0.0307407407407407,0.0583333333333332,-0.0183379629629629,0.0772268518518518,0.2256028265700575,0.3241379310344827,19,10,1,0.2264949827773515,1.0,1.0,0.1273443049732007,1.0,1.0,results/confirmatory_extended_compact/planned_contrasts.csv,13
confirmatory_extended_compact.planned,confirmatory,True,FrozenLake-4x4-slippery,count_vs_validated_dqn,count_gated_tau_20,validated_dqn,return_auc,30,0.3164814814814815,0.3333333333333333,0.2675879629629629,0.3653703703703704,2.2725333565226937,1.0,30,0,0,3.705967173896012e-13,7.782531065181626e-12,2.4088786630324078e-11,1.7311263949197286e-06,3.289140150347484e-05,0.00010386758369518371,results/confirmatory_extended_compact/planned_contrasts.csv,6
confirmatory_extended_compact.planned,confirmatory,True,FrozenLake-4x4-slippery,support_abstain_vs_count,support_abstain_tau_20,count_gated_tau_20,return_auc,30,0.0,0.0,0.0,0.0,0.0,0.0,0,0,30,1.0,1.0,1.0,1.0,1.0,1.0,results/confirmatory_extended_compact/planned_contrasts.csv,27
confirmatory_extended_compact.planned,confirmatory,True,FrozenLake-8x8-slippery,count_vs_fixed,count_gated_tau_20,fixed_hybrid,return_auc,30,0.0057142857142857,0.0,-0.0071448412698412,0.0174603174603174,0.1618942659334176,0.3438735177865613,13,9,8,0.3825183673574046,1.0,1.0,0.1578198894923748,1.0,1.0,results/confirmatory_extended_compact/planned_contrasts.csv,21
confirmatory_extended_compact.planned,confirmatory,True,FrozenLake-8x8-slippery,count_vs_tabular,count_gated_tau_20,tabular,return_auc,30,0.0316666666666666,0.0119047619047619,0.0117460317460317,0.0528571428571428,0.5468129912007148,0.645320197044335,20,8,2,0.0055679578287901,0.0946552830894325,0.2951017649258753,0.0028484476850691,0.0484236106461761,0.1481192796235932,results/confirmatory_extended_compact/planned_contrasts.csv,14
confirmatory_extended_compact.planned,confirmatory,True,FrozenLake-8x8-slippery,count_vs_validated_dqn,count_gated_tau_20,validated_dqn,return_auc,30,0.027063492063492,0.0083333333333333,0.014125,0.0413492063492063,0.6925069518611172,0.8181818181818182,17,5,8,0.0006996715118516,0.01259408721333,0.038481933151837996,0.0007763817259723,0.0139748710675017,0.0419246132025042,results/confirmatory_extended_compact/planned_contrasts.csv,7
confirmatory_extended_compact.planned,confirmatory,True,FrozenLake-8x8-slippery,support_abstain_vs_count,support_abstain_tau_20,count_gated_tau_20,return_auc,30,0.0049206349206349,0.0011904761904761,-0.0146825396825396,0.0251587301587301,0.0853333860804807,0.1084656084656084,15,12,3,0.6437138261712776,1.0,1.0,0.6223445441469178,1.0,1.0,results/confirmatory_extended_compact/planned_contrasts.csv,28
confirmatory_extended_compact.planned,confirmatory,True,Taxi-v3-compatible,count_vs_fixed,count_gated_tau_20,fixed_hybrid,return_auc,30,2.8364285714285766,0.0,-0.1635714285714215,5.6914464285714335,0.3363926380913836,0.4805194805194805,14,7,9,0.0756480961623951,0.907777153948742,1.0,0.0536162434136643,0.6970111643776361,1.0,results/confirmatory_extended_compact/planned_contrasts.csv,22
confirmatory_extended_compact.planned,confirmatory,True,Taxi-v3-compatible,count_vs_tabular,count_gated_tau_20,tabular,return_auc,30,154.37880952380957,151.41666666666666,135.75502976190478,173.0038234126984,2.9035483964351685,1.0,30,0,0,7.361586573658466e-16,1.6195490462048622e-14,4.932263004351172e-14,1.862645149230957e-09,5.21540641784668e-08,1.471489667892456e-07,results/confirmatory_extended_compact/planned_contrasts.csv,15
confirmatory_extended_compact.planned,confirmatory,True,Taxi-v3-compatible,count_vs_validated_dqn,count_gated_tau_20,validated_dqn,return_auc,30,-11.885714285714284,-4.242857142857147,-23.86587500000001,-0.2649107142857151,-0.3551821502178302,-0.6608187134502924,2,16,12,0.0614768357087879,0.860675699923032,1.0,0.0138481388690566,0.2077220830358503,0.6785588045837734,results/confirmatory_extended_compact/planned_contrasts.csv,8
confirmatory_extended_compact.planned,confirmatory,True,Taxi-v3-compatible,support_abstain_vs_count,support_abstain_tau_20,count_gated_tau_20,return_auc,30,-35.203650793650795,-36.54642857142858,-44.668113095238105,-25.53713492063492,-1.28899747198658,-0.9268817204301076,3,27,0,9.125622066377923e-08,1.7338681926118052e-06,5.201604577835416e-06,3.855675458908081e-07,8.09691846370697e-06,2.3905187845230103e-05,results/confirmatory_extended_compact/planned_contrasts.csv,29
dqn_strong_validation.planned,confirmatory,True,CliffWalking-v1,validated_vs_original_dqn,validated_dqn,original_selected_dqn,return_auc,30,0.0,0.0,0.0,0.0,0.0,0.0,0,0,30,1.0,1.0,1.0,1.0,1.0,1.0,results/dqn_strong_validation/planned_contrasts.csv,2
dqn_strong_validation.planned,confirmatory,True,FourRooms-11-slip-unseen-goals,validated_vs_original_dqn,validated_dqn,original_selected_dqn,return_auc,30,0.052578806584362,0.0146790123456792,-0.0280906635802468,0.1359416255144029,0.2251391210076136,0.1913978494623656,16,14,0,0.2274269463049187,0.9097077852196748,1.0,0.370740607380867,1.0,1.0,results/dqn_strong_validation/planned_contrasts.csv,3
dqn_strong_validation.planned,confirmatory,True,FourRooms-7-unseen-goals,validated_vs_original_dqn,validated_dqn,original_selected_dqn,return_auc,30,0.0382550505050505,0.0181060606060609,-0.0086855934343434,0.0857255176767677,0.2818459984499423,0.2731182795698925,18,12,0,0.1334961739572837,0.6674808697864185,1.0,0.1980757992714643,1.0,1.0,results/dqn_strong_validation/planned_contrasts.csv,4
dqn_strong_validation.planned,confirmatory,True,FourRooms-9-slip-unseen-goals,validated_vs_original_dqn,validated_dqn,original_selected_dqn,return_auc,30,0.0085251461988302,0.005793859649122,-0.0538766520467838,0.071574692982456,0.0480363285962381,0.0236559139784946,16,14,0,0.7943293897524202,1.0,1.0,0.9192965272814037,1.0,1.0,results/dqn_strong_validation/planned_contrasts.csv,5
dqn_strong_validation.planned,confirmatory,True,FrozenLake-4x4-slippery,validated_vs_original_dqn,validated_dqn,original_selected_dqn,return_auc,30,0.0714814814814814,0.0555555555555555,0.0109212962962962,0.1312962962962962,0.4194685027844105,0.4505747126436781,20,9,1,0.028996290456985,0.2319703236558803,1.0,0.0340737731267872,0.2725901850142977,1.0,results/dqn_strong_validation/planned_contrasts.csv,6
dqn_strong_validation.planned,confirmatory,True,FrozenLake-8x8-slippery,validated_vs_original_dqn,validated_dqn,original_selected_dqn,return_auc,30,0.0109523809523809,0.0035714285714285,0.0021428571428571,0.0207142857142857,0.4105202300461713,0.4615384615384615,16,9,5,0.0323120642059782,0.2319703236558803,1.0,0.0434372523036658,0.3040607661256609,1.0,results/dqn_strong_validation/planned_contrasts.csv,7
dqn_strong_validation.planned,confirmatory,True,MiniGrid-Empty-5x5-validation,validated_vs_original_dqn,validated_dqn,original_selected_dqn,return_auc,10,0.0,0.0,0.0,0.0,0.0,0.0,0,0,10,1.0,1.0,1.0,1.0,1.0,1.0,results/dqn_strong_validation/planned_contrasts.csv,8
dqn_strong_validation.planned,confirmatory,True,Taxi-v3-compatible,validated_vs_original_dqn,validated_dqn,original_selected_dqn,return_auc,30,-16.272857142857145,0.0,-35.977875000000004,1.002874999999998,-0.3061428446983175,-0.5357142857142857,1,6,23,0.1043277846897259,0.6259667081383555,1.0,0.2040841777655732,1.0,1.0,results/dqn_strong_validation/planned_contrasts.csv,9
fuzzy_ablation.planned,confirmatory,True,ApplicationNavigation-deployment-goal-shift,crisp_threshold_vs_full,crisp_threshold_gate,fuzzy_support_adaptive,return_auc,30,-0.256092222222222,-0.1497166666666665,-0.6752329722222217,0.1522217777777779,-0.2126848132000563,-0.2129032258064516,14,16,0,0.2535436098583392,1.0,1.0,0.3183960802853107,1.0,1.0,results/fuzzy_ablation/combined/planned_contrasts.csv,5
fuzzy_ablation.planned,confirmatory,True,ApplicationNavigation-deployment-goal-shift,no_confidence_vs_full,fuzzy_no_confidence,fuzzy_support_adaptive,return_auc,30,-0.1260644444444444,0.0711499999999996,-0.5783771111111108,0.2721695833333333,-0.1029592263604412,0.0709677419354838,18,12,0,0.5771366846022863,1.0,1.0,0.7456546742469072,1.0,1.0,results/fuzzy_ablation/combined/planned_contrasts.csv,4
fuzzy_ablation.planned,confirmatory,True,ApplicationNavigation-deployment-goal-shift,no_count_vs_full,fuzzy_no_count,fuzzy_support_adaptive,return_auc,30,0.2491599999999998,0.0638666666666667,-0.1748715277777774,0.7002543333333325,0.1983415053593353,0.1784946236559139,15,15,0,0.2862670306451555,1.0,1.0,0.4044945035129785,1.0,1.0,results/fuzzy_ablation/combined/planned_contrasts.csv,3
fuzzy_ablation.planned,confirmatory,True,ApplicationNavigation-deployment-goal-shift,no_td_residual_vs_full,fuzzy_no_td_residual,fuzzy_support_adaptive,return_auc,30,-0.1968944444444443,0.0186833333333329,-0.5631096111111111,0.1438606111111108,-0.1938297042409123,-0.0795698924731182,16,14,0,0.2971567522568527,1.0,1.0,0.7151329666376114,1.0,1.0,results/fuzzy_ablation/combined/planned_contrasts.csv,2
fuzzy_reliability_shift.planned,confirmatory,True,ReliabilityShift-boundary-020-confirmatory,fuzzy_shift_vs_count,fuzzy_shift_full,count_gate,return_auc,30,0.0871777777777777,0.087,0.0849555555555555,0.0894002777777777,13.632430710050572,1.0,30,0,0,1.0453656988748771e-34,2.0907313977497543e-34,8.258389021111529e-33,1.7311263949197286e-06,3.462252789839457e-06,0.00010386758369518371,results/fuzzy_reliability_shift_confirmatory/planned_contrasts.csv,2
fuzzy_reliability_shift.planned,confirmatory,True,ReliabilityShift-boundary-030-confirmatory,fuzzy_shift_vs_count,fuzzy_shift_full,count_gate,return_auc,30,0.0585,0.0583333333333333,0.0562333333333333,0.0607777777777777,8.98686821716208,1.0,30,0,0,1.6840656980220476e-29,1.6840656980220476e-29,1.2798899304967562e-27,1.7311263949197286e-06,3.462252789839457e-06,0.00010386758369518371,results/fuzzy_reliability_shift_confirmatory/planned_contrasts.csv,3
fuzzy_reliability_stationary.planned,confirmatory,True,CliffWalking-confirmatory,fuzzy_reliability_vs_count,fuzzy_reliability_full,count_gate_tau_20,return_auc,30,11.091666666666669,0.0,-40.43375,69.03343749999999,0.0711699570274913,-0.0457516339869281,8,9,13,0.6995224455880344,0.9425394691671228,1.0,0.867799297150097,0.8799335323274136,1.0,results/fuzzy_reliability_confirmatory/planned_contrasts.csv,2
fuzzy_reliability_stationary.planned,confirmatory,True,FourRooms-9-support-shift-confirmatory,fuzzy_reliability_vs_count,fuzzy_reliability_full,count_gate_tau_20,return_auc,30,-0.0207988888888889,-0.0380000000000002,-0.0766069444444446,0.0329748333333333,-0.133272063718954,-0.1655913978494623,14,16,0,0.4712697345835613,0.9425394691671228,1.0,0.4399667661637068,0.8799335323274136,1.0,results/fuzzy_reliability_confirmatory/planned_contrasts.csv,3
fuzzy_reliability_stationary.planned,confirmatory,True,FrozenLake-4x4-slippery-confirmatory,fuzzy_reliability_vs_count,fuzzy_reliability_full,count_gate_tau_20,return_auc,30,0.0266666666666666,0.0312499999999998,-0.0137534722222222,0.0655555555555555,0.2317468823397263,0.2967741935483871,19,11,0,0.2144160934592516,0.643248280377755,1.0,0.1558252859818348,0.4674758579455045,1.0,results/fuzzy_reliability_confirmatory/planned_contrasts.csv,4
strong_baselines.planned,confirmatory,True,ApplicationNavigation-deployment-goal-shift,double_dqn_vs_validated_dqn,double_dqn,validated_dqn,return_auc,30,0.2135155555555551,0.3143333333333322,-0.2478102500000001,0.6507624166666662,0.1693267612125834,0.2172043010752688,19,11,0,0.3613527374959205,0.7227054749918411,1.0,0.308520769700408,0.617041539400816,1.0,results/strong_baselines/planned_contrasts.csv,2
strong_baselines.planned,confirmatory,True,ApplicationNavigation-deployment-goal-shift,dueling_double_dqn_vs_validated_dqn,dueling_double_dqn,validated_dqn,return_auc,30,-0.1232422222222221,0.0417499999999999,-0.7125382222222223,0.4185726944444444,-0.0771633038915512,-0.0666666666666666,15,15,0,0.6756747654320792,0.7227054749918411,1.0,0.761065473780036,0.761065473780036,1.0,results/strong_baselines/planned_contrasts.csv,3
uav_pybullet_validation.planned,confirmatory,True,Crazyflie-waypoint-physics-and-goal-shift,double_dqn_vs_dqn,double_dqn,dqn,risk_adjusted_score,30,0.0260643788095348,0.0015052573764276,-0.0510979444674294,0.1058670344221878,0.1166546820314934,0.1010752688172043,16,14,0,0.527874122383881,1.0,1.0,0.6408254038542509,1.0,1.0,results/uav_pybullet_validation/planned_contrasts.csv,2
uav_pybullet_validation.planned,confirmatory,True,Crazyflie-waypoint-physics-and-goal-shift,feature_support_vs_dqn,feature_support,dqn,risk_adjusted_score,30,0.0457660660215531,0.0100466916814462,-0.0227931763744793,0.1189522802293947,0.2286614769648964,0.2301075268817204,18,12,0,0.2204193856069837,0.6612581568209511,1.0,0.2800867818295955,0.8402603454887867,1.0,results/uav_pybullet_validation/planned_contrasts.csv,4
uav_pybullet_validation.planned,confirmatory,True,Crazyflie-waypoint-physics-and-goal-shift,feature_support_vs_pid_safe_controller,feature_support,pid_safe_controller,risk_adjusted_score,30,-0.7728231694666678,-0.8484234428597421,-0.8407653747508864,-0.6990078058539632,-3.859836106308695,-1.0,0,30,0,3.62974030023874e-19,1.451896120095496e-18,2.5045208071647308e-17,1.862645149230957e-09,7.450580596923828e-09,1.471489667892456e-07,results/uav_pybullet_validation/planned_contrasts.csv,5
uav_pybullet_validation.planned,confirmatory,True,Crazyflie-waypoint-physics-and-goal-shift,fuzzy_support_vs_dqn,fuzzy_support,dqn,risk_adjusted_score,30,0.0057352114882978,-0.0009971161255764,-0.0697967414270968,0.0829744152961291,0.0263303240665343,0.0021505376344086,15,15,0,0.8863265820612384,1.0,1.0,1.0,1.0,1.0,results/uav_pybullet_validation/planned_contrasts.csv,3
uav_sensorized_motor_validation.planned,confirmatory,True,Crazyflie-sensorized-motor-control-shift,double_dqn_vs_dqn,double_dqn,dqn,risk_adjusted_score,30,-0.0008307027905513,-0.0010379453350166,-0.003148304000355,0.0013736555288737,-0.1288857486942473,-0.0967741935483871,12,18,0,0.4858606115611082,1.0,1.0,0.6554384250193834,1.0,1.0,results/uav_sensorized_motor_validation/planned_contrasts.csv,2
uav_sensorized_motor_validation.planned,confirmatory,True,Crazyflie-sensorized-motor-control-shift,fuzzy_reliability_vs_dqn,fuzzy_reliability,dqn,risk_adjusted_score,30,-0.0008349581095958,-0.000791073199797,-0.0031581413272928,0.0013600619314569,-0.1297407981542886,-0.1139784946236559,12,18,0,0.4829962868998244,1.0,1.0,0.5978077705949545,1.0,1.0,results/uav_sensorized_motor_validation/planned_contrasts.csv,3
uav_sensorized_motor_validation.planned,confirmatory,True,Crazyflie-sensorized-motor-control-shift,fuzzy_reliability_vs_sensorized_controller,fuzzy_reliability,sensorized_controller,risk_adjusted_score,30,-0.4788374341632008,-0.4676374965877135,-0.5277610153662952,-0.4320723835276287,-3.5357406116978365,-1.0,0,30,0,3.923302010368183e-18,1.9616510051840908e-17,2.6678453670503646e-16,1.862645149230957e-09,9.313225746154784e-09,1.471489667892456e-07,results/uav_sensorized_motor_validation/planned_contrasts.csv,4
uav_sensorized_motor_validation.planned,confirmatory,True,Crazyflie-sensorized-motor-control-shift,knn_support_vs_dqn,knn_support,dqn,risk_adjusted_score,30,-0.0013233244907719,-0.001064402199984,-0.0031352693044476,0.0005403167314256,-0.2587240384284403,-0.2688172043010752,13,17,0,0.1671110300404056,0.6684441201616226,1.0,0.2054096926003694,0.8216387704014778,1.0,results/uav_sensorized_motor_validation/planned_contrasts.csv,5
uav_sensorized_motor_validation.planned,confirmatory,True,Crazyflie-sensorized-motor-control-shift,knn_support_vs_fuzzy_reliability,knn_support,fuzzy_reliability,risk_adjusted_score,30,-0.0004883663811761,-0.0006176974306571,-0.0023052894504547,0.0013122668308608,-0.094240952131449,-0.1182795698924731,13,17,0,0.6096431383772404,1.0,1.0,0.583757072687149,1.0,1.0,results/uav_sensorized_motor_validation/planned_contrasts.csv,6
cost_support_metrics.planned,descriptive,False,ApplicationNavigation-cost-support,fuzzy_vs_count_cost,fuzzy_support_adaptive,count_gated_tau_20,inference_time_us_per_decision_mean,10,139.79699620851972,172.2745017253923,-39.81178812478376,262.6484609871077,0.5265126952701366,0.6363636363636364,9,1,0,0.1302724665777531,0.1302724665777531,,0.083984375,0.083984375,,results/cost_support_metrics/planned_contrasts.csv,2
cost_support_metrics.planned,descriptive,False,ApplicationNavigation-cost-support,fuzzy_vs_dqn_cost,fuzzy_support_adaptive,validated_dqn,inference_time_us_per_decision_mean,10,270.60484066191304,211.20247263844013,138.14134872347773,440.9161420318305,1.044604891041937,0.9636363636363636,9,1,0,0.0091810119111389,0.0183620238222778,,0.00390625,0.0078125,,results/cost_support_metrics/planned_contrasts.csv,4
cost_support_metrics.planned,descriptive,False,FourRooms-9-cost-support,fuzzy_vs_count_cost,fuzzy_support_adaptive,count_gated_tau_20,inference_time_us_per_decision_mean,10,170.0151491566779,150.85286363904174,131.3790961782982,213.64237695152403,2.4037399947900178,1.0,10,0,0,3.322202031816793e-05,9.96660609545038e-05,,0.001953125,0.0078125,,results/cost_support_metrics/planned_contrasts.csv,3
cost_support_metrics.planned,descriptive,False,FourRooms-9-cost-support,fuzzy_vs_dqn_cost,fuzzy_support_adaptive,validated_dqn,inference_time_us_per_decision_mean,10,238.30300424207348,230.8912055308473,205.6103316501797,272.11016046841223,4.215436206155396,1.0,10,0,0,3.129528884018474e-07,1.2518115536073897e-06,,0.001953125,0.0078125,,results/cost_support_metrics/planned_contrasts.csv,5
approximate_support_baseline_validation.planned,exploratory,False,ApplicationNavigation-deployment-goal-shift,approx_vs_exact_count,approx_count_gated_k5,count_gated_tau_20,return_auc,3,0.2044444444444432,0.0,0.0,0.6133333333333297,0.5773502691896256,1.0,1,0,2,0.4226497308103743,1.0,,1.0,1.0,,results/approximate_support_baseline_validation/planned_contrasts.csv,2
approximate_support_baseline_validation.planned,exploratory,False,ApplicationNavigation-deployment-goal-shift,approx_vs_support_abstain,approx_count_gated_k5,support_abstain_tau_20,return_auc,3,-4.049444444444443,0.0,-12.148333333333332,0.0,-0.5773502691896257,-1.0,0,1,2,0.4226497308103742,1.0,,1.0,1.0,,results/approximate_support_baseline_validation/planned_contrasts.csv,3
approximate_support_baseline_validation.planned,exploratory,False,ApplicationNavigation-deployment-goal-shift,approx_vs_tabular,approx_count_gated_k5,tabular,return_auc,3,-2.9350000000000045,-0.9966666666666696,-9.233333333333338,1.4249999999999938,-0.5252988808856028,-0.3333333333333333,1,2,0,0.4589449285109316,1.0,,0.75,1.0,,results/approximate_support_baseline_validation/planned_contrasts.csv,4
fuzzy_sensitivity_ablation.planned,exploratory,False,ApplicationNavigation-deployment-goal-shift,kappa_025_vs_kappa_1,fuzzy_kappa_025,fuzzy_tau_20,return_auc,2,0.0,0.0,0.0,0.0,0.0,0.0,0,0,2,1.0,1.0,,1.0,1.0,,results/fuzzy_sensitivity_ablation/planned_contrasts.csv,4
fuzzy_sensitivity_ablation.planned,exploratory,False,ApplicationNavigation-deployment-goal-shift,kappa_4_vs_kappa_1,fuzzy_kappa_4,fuzzy_tau_20,return_auc,2,0.0,0.0,0.0,0.0,0.0,0.0,0,0,2,1.0,1.0,,1.0,1.0,,results/fuzzy_sensitivity_ablation/planned_contrasts.csv,5
fuzzy_sensitivity_ablation.planned,exploratory,False,ApplicationNavigation-deployment-goal-shift,shoulder_conservative_vs_triangular_default,fuzzy_shoulder_conservative,fuzzy_tau_20,return_auc,2,0.0,0.0,0.0,0.0,0.0,0.0,0,0,2,1.0,1.0,,1.0,1.0,,results/fuzzy_sensitivity_ablation/planned_contrasts.csv,6
fuzzy_sensitivity_ablation.planned,exploratory,False,ApplicationNavigation-deployment-goal-shift,tau_5_vs_tau_20,fuzzy_tau_5,fuzzy_tau_20,return_auc,2,0.0,0.0,0.0,0.0,0.0,0.0,0,0,2,1.0,1.0,,1.0,1.0,,results/fuzzy_sensitivity_ablation/planned_contrasts.csv,2
fuzzy_sensitivity_ablation.planned,exploratory,False,ApplicationNavigation-deployment-goal-shift,tau_80_vs_tau_20,fuzzy_tau_80,fuzzy_tau_20,return_auc,2,0.0,0.0,0.0,0.0,0.0,0.0,0,0,2,1.0,1.0,,1.0,1.0,,results/fuzzy_sensitivity_ablation/planned_contrasts.csv,3
fuzzy_sensitivity_ablation.planned,exploratory,False,ApplicationNavigation-deployment-goal-shift,zero_support_abstain_vs_zero_support_neural,fuzzy_zero_support_abstain,fuzzy_tau_20,return_auc,2,1.74625,1.74625,1.3074999999999997,2.1850000000000005,2.8143252801071394,1.0,2,0,0,0.1567086120500698,0.9402516723004192,,0.5,1.0,,results/fuzzy_sensitivity_ablation/planned_contrasts.csv,7
minigrid_extended_diagnostic.planned,exploratory,False,MiniGrid-DoorKey-5x5,count_vs_tabular,count_gated_tau_20,tabular,return_auc,10,-0.1687925333333333,-0.1458453333333333,-0.2778871433333333,-0.0636219633333333,-0.9262380582502088,-0.8545454545454545,1,9,0,0.0167836848573642,0.2014042182883715,,0.013671875,0.177734375,,results/minigrid_extended_diagnostic/planned_contrasts.csv,8
minigrid_extended_diagnostic.planned,exploratory,False,MiniGrid-DoorKey-5x5,count_vs_validated_dqn,count_gated_tau_20,validated_dqn,return_auc,10,0.0410457333333333,0.0,0.0009568,0.0831178666666666,0.5897161777775723,1.0,4,0,6,0.095076453220531,0.9334938724368184,,0.125,1.0,,results/minigrid_extended_diagnostic/planned_contrasts.csv,2
minigrid_extended_diagnostic.planned,exploratory,False,MiniGrid-DoorKey-5x5,support_abstain_vs_count,support_abstain_tau_20,count_gated_tau_20,return_auc,10,-0.0084362666666666,0.0,-0.0379175999999999,0.0166973333333333,-0.1789491016700435,-0.4,2,2,6,0.5853014056049202,1.0,,0.625,1.0,,results/minigrid_extended_diagnostic/planned_contrasts.csv,14
minigrid_extended_diagnostic.planned,exploratory,False,MiniGrid-DoorKey-6x6,count_vs_tabular,count_gated_tau_20,tabular,return_auc,10,-0.0211279761904761,-0.0188988095238095,-0.0264237648809523,-0.0173994047619047,-2.626506932326886,-1.0,0,10,0,1.6383556184456918e-05,0.0002949040113202,,0.001953125,0.03515625,,results/minigrid_extended_diagnostic/planned_contrasts.csv,9
minigrid_extended_diagnostic.planned,exploratory,False,MiniGrid-DoorKey-6x6,count_vs_validated_dqn,count_gated_tau_20,validated_dqn,return_auc,10,0.0,0.0,0.0,0.0,0.0,0.0,0,0,10,1.0,1.0,,1.0,1.0,,results/minigrid_extended_diagnostic/planned_contrasts.csv,3
minigrid_extended_diagnostic.planned,exploratory,False,MiniGrid-DoorKey-6x6,support_abstain_vs_count,support_abstain_tau_20,count_gated_tau_20,return_auc,10,0.0002440476190476,0.0,0.0,0.0005107142857142,0.593351887063786,1.0,3,0,7,0.0933493872436818,0.9334938724368184,,0.25,1.0,,results/minigrid_extended_diagnostic/planned_contrasts.csv,15
minigrid_extended_diagnostic.planned,exploratory,False,MiniGrid-Empty-5x5,count_vs_tabular,count_gated_tau_20,tabular,return_auc,10,-0.0314083333333333,0.0,-0.2056166666666666,0.14265,-0.1092938557397511,-0.1666666666666666,4,4,2,0.7375712721718276,1.0,,0.75,1.0,,results/minigrid_extended_diagnostic/planned_contrasts.csv,10
minigrid_extended_diagnostic.planned,exploratory,False,MiniGrid-Empty-5x5,count_vs_validated_dqn,count_gated_tau_20,validated_dqn,return_auc,10,0.1588666666666666,0.1591666666666666,0.0636666666666666,0.2543666666666667,0.950469652784021,1.0,6,0,4,0.0148200074554163,0.1926600969204121,,0.03125,0.375,,results/minigrid_extended_diagnostic/planned_contrasts.csv,4
minigrid_extended_diagnostic.planned,exploratory,False,MiniGrid-Empty-5x5,support_abstain_vs_count,support_abstain_tau_20,count_gated_tau_20,return_auc,10,0.0157666666666666,0.0,-0.00045,0.04775,0.3129062496095407,0.3333333333333333,1,1,8,0.3482750676702245,1.0,,1.0,1.0,,results/minigrid_extended_diagnostic/planned_contrasts.csv,16
minigrid_extended_diagnostic.planned,exploratory,False,MiniGrid-Empty-6x6,count_vs_tabular,count_gated_tau_20,tabular,return_auc,10,-0.0117187499999999,0.000390625,-0.131015625,0.1079687499999999,-0.0568414754442045,0.0555555555555555,5,3,2,0.8613318787683748,1.0,,0.921875,1.0,,results/minigrid_extended_diagnostic/planned_contrasts.csv,11
minigrid_extended_diagnostic.planned,exploratory,False,MiniGrid-Empty-6x6,count_vs_validated_dqn,count_gated_tau_20,validated_dqn,return_auc,10,0.20265625,0.11953125,0.107421875,0.3103984374999999,1.140077648415974,1.0,9,0,1,0.0057014738592517,0.0798206340295247,,0.00390625,0.05859375,,results/minigrid_extended_diagnostic/planned_contrasts.csv,5
minigrid_extended_diagnostic.planned,exploratory,False,MiniGrid-Empty-6x6,support_abstain_vs_count,support_abstain_tau_20,count_gated_tau_20,return_auc,10,0.059296875,0.0,-0.036171875,0.178203125,0.3153035332060284,0.4,3,1,6,0.3447777057422164,1.0,,0.625,1.0,,results/minigrid_extended_diagnostic/planned_contrasts.csv,17
minigrid_extended_diagnostic.planned,exploratory,False,MiniGrid-Empty-8x8,count_vs_tabular,count_gated_tau_20,tabular,return_auc,10,-0.1827847656249999,-0.0426263020833332,-0.34110830078125,-0.0430907779947916,-0.7051181433286593,-0.6,3,7,0,0.0527157743596509,0.5798735179561609,,0.10546875,1.0,,results/minigrid_extended_diagnostic/planned_contrasts.csv,12
minigrid_extended_diagnostic.planned,exploratory,False,MiniGrid-Empty-8x8,count_vs_validated_dqn,count_gated_tau_20,validated_dqn,return_auc,10,0.5960234375,0.576796875,0.4422109374999999,0.7498359375000001,2.2964713122102958,1.0,10,0,0,4.75411485577071e-05,0.0007606583769233,,0.001953125,0.03515625,,results/minigrid_extended_diagnostic/planned_contrasts.csv,6
minigrid_extended_diagnostic.planned,exploratory,False,MiniGrid-Empty-8x8,support_abstain_vs_count,support_abstain_tau_20,count_gated_tau_20,return_auc,10,-0.01017578125,0.04806640625,-0.2309648437499999,0.1820898437499999,-0.0291361637932736,0.0,5,4,1,0.9286077539297876,1.0,,1.0,1.0,,results/minigrid_extended_diagnostic/planned_contrasts.csv,18
minigrid_extended_diagnostic.planned,exploratory,False,MiniGrid-FourRooms,count_vs_tabular,count_gated_tau_20,tabular,return_auc,10,-0.0148519047619047,-0.0166238095238095,-0.019555238095238,-0.0090990119047619,-1.6339298588339823,-0.9272727272727272,1,9,0,0.0005895777603789,0.0088436664056837,,0.005859375,0.08203125,,results/minigrid_extended_diagnostic/planned_contrasts.csv,13
minigrid_extended_diagnostic.planned,exploratory,False,MiniGrid-FourRooms,count_vs_validated_dqn,count_gated_tau_20,validated_dqn,return_auc,10,0.0,0.0,0.0,0.0,0.0,0.0,0,0,10,1.0,1.0,,1.0,1.0,,results/minigrid_extended_diagnostic/planned_contrasts.csv,7
minigrid_extended_diagnostic.planned,exploratory,False,MiniGrid-FourRooms,support_abstain_vs_count,support_abstain_tau_20,count_gated_tau_20,return_auc,10,0.0122390476190476,0.0132642857142857,0.0093537797619047,0.014831744047619,2.601308545613431,1.0,10,0,0,1.7704928761409667e-05,0.0003009837889439,,0.001953125,0.03515625,,results/minigrid_extended_diagnostic/planned_contrasts.csv,19
stronger_baseline_validation.planned,exploratory,False,ApplicationNavigation-deployment-goal-shift,a2c_vs_validated_dqn,a2c_actor_critic,validated_dqn,return_auc,2,-2.6562500000000013,-2.6562500000000013,-7.267500000000001,1.9549999999999983,-0.4073195744162142,-0.3333333333333333,1,1,0,0.6672941269709775,1.0,,1.0,1.0,,results/stronger_baseline_validation/planned_contrasts.csv,4
stronger_baseline_validation.planned,exploratory,False,ApplicationNavigation-deployment-goal-shift,dueling_double_dqn_vs_validated_dqn,dueling_double_dqn,validated_dqn,return_auc,2,-4.43875,-4.43875,-8.8775,0.0,-0.7071067811865475,-1.0,0,1,1,0.5000000000000001,1.0,,1.0,1.0,,results/stronger_baseline_validation/planned_contrasts.csv,2
stronger_baseline_validation.planned,exploratory,False,FourRooms-7-unseen-goals,a2c_vs_validated_dqn,a2c_actor_critic,validated_dqn,return_auc,2,0.0012499999999999,0.0012499999999999,0.0,0.0024999999999999,0.7071067811865476,1.0,1,0,1,0.5000000000000001,1.0,,1.0,1.0,,results/stronger_baseline_validation/planned_contrasts.csv,5
stronger_baseline_validation.planned,exploratory,False,FourRooms-7-unseen-goals,dueling_double_dqn_vs_validated_dqn,dueling_double_dqn,validated_dqn,return_auc,2,-0.2687500000000001,-0.2687500000000001,-0.4425,-0.0950000000000002,-1.0937263162237976,-1.0,0,2,0,0.3653682007875264,1.0,,0.5,1.0,,results/stronger_baseline_validation/planned_contrasts.csv,3
reviewer1_comment6_shift_primary,replication,False,final-localized-multistep-reward-or-policy-shift,relative_reliability_fuzzy_vs_count_gated_tau_20,relative_reliability_fuzzy,count_gated_tau_20,normalized_return_auc,30,-0.992913888888889,-0.9948114583333336,-1.2700337118055556,-0.7107715555555555,-1.2427946834254509,-0.9225806451612903,3,27,0,1.788012703018365e-07,1.072807621811019e-06,,4.7124922275543213e-07,2.3562461137771606e-06,,results/reviewer1_remaining/final_shifts/planned_contrasts.csv,6
reviewer1_comment6_shift_primary,replication,False,final-localized-multistep-reward-or-policy-shift,same_input_crisp_vs_relative_reliability_fuzzy,same_input_crisp,relative_reliability_fuzzy,normalized_return_auc,30,1.023607638888889,0.7287947916666672,0.729035935763889,1.3340984670138891,1.1886218280570666,0.956989247311828,29,1,0,3.967893290311752e-07,1.983946645155876e-06,,8.009374141693115e-08,4.805624485015869e-07,,results/reviewer1_remaining/final_shifts/planned_contrasts.csv,7
reviewer1_comment6_shift_primary,replication,False,final-observation-shift,relative_reliability_fuzzy_vs_count_gated_tau_20,relative_reliability_fuzzy,count_gated_tau_20,normalized_return_auc,30,0.0004461111111111,0.0018281249999999,-0.0415859531249999,0.0436164010416667,0.0036897073990695,-0.0279569892473118,15,15,0,0.9840147711471844,1.0,,0.9032264724373816,1.0,,results/reviewer1_remaining/final_shifts/planned_contrasts.csv,4
reviewer1_comment6_shift_primary,replication,False,final-observation-shift,same_input_crisp_vs_relative_reliability_fuzzy,same_input_crisp,relative_reliability_fuzzy,normalized_return_auc,30,-0.0168041666666665,-0.010321875,-0.0572362239583333,0.0249226562500001,-0.1428742874822123,-0.1397849462365591,13,17,0,0.440232302994454,1.0,,0.5158484429121017,1.0,,results/reviewer1_remaining/final_shifts/planned_contrasts.csv,5
reviewer1_comment6_shift_primary,replication,False,final-transition-dynamics-shift,relative_reliability_fuzzy_vs_count_gated_tau_20,relative_reliability_fuzzy,count_gated_tau_20,normalized_return_auc,30,-0.0152294444444444,-0.0390906249999999,-0.0724275746527777,0.0443751770833332,-0.0918889385490581,-0.1139784946236559,14,16,0,0.6185574448714355,1.0,,0.5978077705949545,1.0,,results/reviewer1_remaining/final_shifts/planned_contrasts.csv,2
reviewer1_comment6_shift_primary,replication,False,final-transition-dynamics-shift,same_input_crisp_vs_relative_reliability_fuzzy,same_input_crisp,relative_reliability_fuzzy,normalized_return_auc,30,-0.0690786805555555,-0.056671875,-0.1170259618055554,-0.0230905763888889,-0.5225579626963625,-0.513978494623656,8,22,0,0.0077324824239414,0.0309299296957659,,0.0128337331116199,0.0513349324464798,,results/reviewer1_remaining/final_shifts/planned_contrasts.csv,3
reviewer1_comment8_support_final.support-final-application-goal-shift,replication,False,support-final-application-goal-shift,frozen_embedding_s1_vs_exact_count_gate,frozen_embedding_s1,exact_count_gate,normalized_return_auc,30,1.4981816666666667,1.6411000000000002,1.181606722222222,1.791260819444444,1.737938726856372,0.9526881720430108,29,1,0,1.9947988063089663e-10,1.595839045047173e-09,,1.0244548320770265e-07,7.171183824539185e-07,,results/reviewer1_remaining/support_final/planned_contrasts.csv,2
reviewer1_comment8_support_final.support-final-application-goal-shift,replication,False,support-final-application-goal-shift,frozen_embedding_s1_vs_raw_normalized_s1,frozen_embedding_s1,raw_normalized_s1,normalized_return_auc,30,-0.7062299999999998,-0.4816583333333329,-1.0928010277777778,-0.3431235833333333,-0.6736966752542368,-0.6989247311827957,6,24,0,0.0009217632274982,0.0009217632274982,,0.0004601068794727,0.0009202137589454,,results/reviewer1_remaining/support_final/planned_contrasts.csv,3
reviewer1_comment8_support_final.support-final-application-goal-shift,replication,False,support-final-application-goal-shift,gaussian_affinity_executed_vs_exact_count_gate,gaussian_affinity_executed,exact_count_gate,normalized_return_auc,30,1.6282927777777778,1.3689,1.3641782361111114,1.9082002361111103,2.1143491922986315,1.0,30,0,0,2.1387789191613934e-12,2.1387789191613933e-11,,1.862645149230957e-09,2.2351741790771484e-08,,results/reviewer1_remaining/support_final/planned_contrasts.csv,4
reviewer1_comment8_support_final.support-final-application-goal-shift,replication,False,support-final-application-goal-shift,gaussian_density_s3_vs_exact_count_gate,gaussian_density_s3,exact_count_gate,normalized_return_auc,30,-2.413475555555555,-1.6567999999999994,-3.3656322777777765,-1.5103826666666669,-0.903747698512782,-0.8623655913978494,4,26,0,2.914596579416694e-05,0.0001165838631766,,5.144625902175903e-06,3.086775541305542e-05,,results/reviewer1_remaining/support_final/planned_contrasts.csv,5
reviewer1_comment8_support_final.support-final-application-goal-shift,replication,False,support-final-application-goal-shift,gaussian_density_s3_vs_raw_normalized_s1,gaussian_density_s3,raw_normalized_s1,normalized_return_auc,30,-4.617887222222222,-3.473458333333333,-5.622613527777778,-3.671375347222223,-1.6399740762348671,-1.0,0,30,0,7.101967719943002e-10,4.971377403960101e-09,,1.862645149230957e-09,2.2351741790771484e-08,,results/reviewer1_remaining/support_final/planned_contrasts.csv,6
reviewer1_comment8_support_final.support-final-application-goal-shift,replication,False,support-final-application-goal-shift,mahalanobis_s1_vs_exact_count_gate,mahalanobis_s1,exact_count_gate,normalized_return_auc,30,1.236783888888889,1.1823749999999995,0.7255017916666666,1.766053430555555,0.8438862311315294,0.7634408602150538,24,6,0,7.241433143832347e-05,0.0002172429943149,,9.90256667137146e-05,0.0002970770001411,,results/reviewer1_remaining/support_final/planned_contrasts.csv,7
reviewer1_comment8_support_final.support-final-application-goal-shift,replication,False,support-final-application-goal-shift,mahalanobis_s1_vs_raw_normalized_s1,mahalanobis_s1,raw_normalized_s1,normalized_return_auc,30,-0.967627777777778,-0.7716749999999996,-1.4005606944444442,-0.5275948055555556,-0.7795652431011866,-0.6860215053763441,8,22,0,0.0001914267029528,0.0003828534059057,,0.0006084088236093,0.0009202137589454,,results/reviewer1_remaining/support_final/planned_contrasts.csv,8
reviewer1_comment8_support_final.support-final-application-goal-shift,replication,False,support-final-application-goal-shift,raw_normalized_s1_vs_dqn,raw_normalized_s1,dqn,normalized_return_auc,30,2.2044116666666667,2.005675,1.908730861111111,2.529459,2.5170603731857053,1.0,30,0,0,2.8980217320133095e-14,3.477626078415971e-13,,1.862645149230957e-09,2.2351741790771484e-08,,results/reviewer1_remaining/support_final/planned_contrasts.csv,9
reviewer1_comment8_support_final.support-final-application-goal-shift,replication,False,support-final-application-goal-shift,raw_normalized_s1_vs_exact_count_gate,raw_normalized_s1,exact_count_gate,normalized_return_auc,30,2.2044116666666667,2.005675,1.908730861111111,2.529459,2.5170603731857053,1.0,30,0,0,2.8980217320133095e-14,3.477626078415971e-13,,1.862645149230957e-09,2.2351741790771484e-08,,results/reviewer1_remaining/support_final/planned_contrasts.csv,10
reviewer1_comment8_support_final.support-final-application-goal-shift,replication,False,support-final-application-goal-shift,raw_normalized_s1_vs_gaussian_affinity_executed,raw_normalized_s1,gaussian_affinity_executed,normalized_return_auc,30,0.5761188888888886,0.5873166666666663,0.3618904166666664,0.7955275833333332,0.9407415854668458,0.8494623655913979,25,5,0,1.659463637495003e-05,8.297318187475016e-05,,7.994472980499268e-06,3.997236490249634e-05,,results/reviewer1_remaining/support_final/planned_contrasts.csv,11
reviewer1_comment8_support_final.support-final-application-goal-shift,replication,False,support-final-application-goal-shift,raw_normalized_s1_vs_tabular,raw_normalized_s1,tabular,normalized_return_auc,30,-1.3298372222222277,-1.341883333333339,-1.565879125000006,-1.0818231944444503,-1.91279223484658,-0.9913978494623656,1,29,0,2.270221716225944e-11,2.0431995446033491e-10,,5.587935447692871e-09,4.4703483581542975e-08,,results/reviewer1_remaining/support_final/planned_contrasts.csv,12
reviewer1_comment8_support_final.support-final-application-goal-shift,replication,False,support-final-application-goal-shift,tolerance_knn_executed_vs_exact_count_gate,tolerance_knn_executed,exact_count_gate,normalized_return_auc,30,1.080901666666667,1.196808333333334,0.6850301805555561,1.465200680555555,0.9697203915234632,0.8150537634408602,26,4,0,1.0677006199538834e-05,6.4062037197233e-05,,2.366676926612854e-05,9.466707706451416e-05,,results/reviewer1_remaining/support_final/planned_contrasts.csv,13
reviewer1_comment8_support_final.support-final-observation-shift,replication,False,support-final-observation-shift,frozen_embedding_s1_vs_exact_count_gate,frozen_embedding_s1,exact_count_gate,normalized_return_auc,30,0.4709354166666669,0.5042187499999999,0.3852066145833335,0.5548064583333335,1.941317524889833,1.0,30,0,0,1.610345450028044e-11,1.1272418150196308e-10,,1.862645149230957e-09,2.2351741790771484e-08,,results/reviewer1_remaining/support_final/planned_contrasts.csv,14
reviewer1_comment8_support_final.support-final-observation-shift,replication,False,support-final-observation-shift,frozen_embedding_s1_vs_raw_normalized_s1,frozen_embedding_s1,raw_normalized_s1,normalized_return_auc,30,-0.0149916666666666,0.0235625000000003,-0.0933713541666664,0.06022734375,-0.0690364267281783,-0.0365591397849462,16,14,0,0.7080892590635474,0.7080892590635474,,0.871207794174552,0.871207794174552,,results/reviewer1_remaining/support_final/planned_contrasts.csv,15
reviewer1_comment8_support_final.support-final-observation-shift,replication,False,support-final-observation-shift,gaussian_affinity_executed_vs_exact_count_gate,gaussian_affinity_executed,exact_count_gate,normalized_return_auc,30,0.388975,0.3623437499999998,0.2969871875000001,0.48400109375,1.4794757196143258,0.9655913978494624,28,2,0,6.1719853341283794e-09,3.085992667064189e-08,,4.6566128730773926e-08,2.3283064365386966e-07,,results/reviewer1_remaining/support_final/planned_contrasts.csv,16
reviewer1_comment8_support_final.support-final-observation-shift,replication,False,support-final-observation-shift,gaussian_density_s3_vs_exact_count_gate,gaussian_density_s3,exact_count_gate,normalized_return_auc,30,0.094616666666667,0.1214687500000002,0.0151245312500002,0.1696776562500004,0.4274186139613468,0.4924731182795699,20,10,0,0.0263122024186379,0.0789366072559139,,0.0174536686390638,0.0698146745562553,,results/reviewer1_remaining/support_final/planned_contrasts.csv,17
reviewer1_comment8_support_final.support-final-observation-shift,replication,False,support-final-observation-shift,gaussian_density_s3_vs_raw_normalized_s1,gaussian_density_s3,raw_normalized_s1,normalized_return_auc,30,-0.3913104166666665,-0.3780624999999995,-0.4755783333333331,-0.3094392708333334,-1.6560433897820208,-0.9870967741935484,2,28,0,5.751610358025497e-10,3.450966214815299e-09,,9.313225746154784e-09,5.587935447692872e-08,,results/reviewer1_remaining/support_final/planned_contrasts.csv,18
reviewer1_comment8_support_final.support-final-observation-shift,replication,False,support-final-observation-shift,mahalanobis_s1_vs_exact_count_gate,mahalanobis_s1,exact_count_gate,normalized_return_auc,30,0.4243541666666666,0.4035937500000005,0.3539419270833334,0.4981509895833333,2.052849962681112,1.0,30,0,0,4.328802525798879e-12,3.4630420206391034e-11,,1.862645149230957e-09,2.2351741790771484e-08,,results/reviewer1_remaining/support_final/planned_contrasts.csv,19
reviewer1_comment8_support_final.support-final-observation-shift,replication,False,support-final-observation-shift,mahalanobis_s1_vs_raw_normalized_s1,mahalanobis_s1,raw_normalized_s1,normalized_return_auc,30,-0.0615729166666666,-0.0564374999999995,-0.1365299999999999,0.0103588020833332,-0.2961375860657812,-0.2688172043010752,13,17,0,0.1156239792378386,0.2312479584756772,,0.2054096926003694,0.4108193852007389,,results/reviewer1_remaining/support_final/planned_contrasts.csv,20
reviewer1_comment8_support_final.support-final-observation-shift,replication,False,support-final-observation-shift,raw_normalized_s1_vs_dqn,raw_normalized_s1,dqn,normalized_return_auc,30,0.4859270833333334,0.4909999999999996,0.4113160937500001,0.5618460416666667,2.2556745191564684,0.9956989247311828,29,1,0,4.4491627859481997e-13,4.894079064543021e-12,,3.725290298461914e-09,3.3527612686157227e-08,,results/reviewer1_remaining/support_final/planned_contrasts.csv,21
reviewer1_comment8_support_final.support-final-observation-shift,replication,False,support-final-observation-shift,raw_normalized_s1_vs_exact_count_gate,raw_normalized_s1,exact_count_gate,normalized_return_auc,30,0.4859270833333334,0.4909999999999996,0.4113160937500001,0.5618460416666667,2.2556745191564684,0.9956989247311828,29,1,0,4.4491627859481997e-13,4.894079064543021e-12,,3.725290298461914e-09,3.3527612686157227e-08,,results/reviewer1_remaining/support_final/planned_contrasts.csv,22
reviewer1_comment8_support_final.support-final-observation-shift,replication,False,support-final-observation-shift,raw_normalized_s1_vs_gaussian_affinity_executed,raw_normalized_s1,gaussian_affinity_executed,normalized_return_auc,30,0.0969520833333334,0.0792812500000001,0.0278214062500001,0.1669310937500001,0.4875816857489097,0.4666666666666667,18,12,0,0.0122819677800833,0.0491278711203332,,0.0247860513627529,0.0743581540882587,,results/reviewer1_remaining/support_final/planned_contrasts.csv,23
reviewer1_comment8_support_final.support-final-observation-shift,replication,False,support-final-observation-shift,raw_normalized_s1_vs_tabular,raw_normalized_s1,tabular,normalized_return_auc,30,-0.6039687499999997,-0.5889062499999997,-0.6718374999999996,-0.5389190624999997,-3.2107179244022834,-1.0,0,30,0,5.1971984831246817e-17,6.236638179749619e-16,,1.862645149230957e-09,2.2351741790771484e-08,,results/reviewer1_remaining/support_final/planned_contrasts.csv,24
reviewer1_comment8_support_final.support-final-observation-shift,replication,False,support-final-observation-shift,tolerance_knn_executed_vs_exact_count_gate,tolerance_knn_executed,exact_count_gate,normalized_return_auc,30,0.44650625,0.4154062500000005,0.3699150000000002,0.5241088020833334,2.071379493715868,0.9913978494623656,29,1,0,3.495353638744902e-12,3.145818274870412e-11,,5.587935447692871e-09,3.91155481338501e-08,,results/reviewer1_remaining/support_final/planned_contrasts.csv,25
reviewer1_comment8_support_final.support-final-transition-dynamics-shift,replication,False,support-final-transition-dynamics-shift,frozen_embedding_s1_vs_exact_count_gate,frozen_embedding_s1,exact_count_gate,normalized_return_auc,30,0.3830749999999998,0.3524687499999998,0.2912708854166665,0.4758044270833331,1.4528945900374988,0.9870967741935484,28,2,0,8.915751842766519e-09,8.024176658489868e-08,,9.313225746154784e-09,1.0244548320770265e-07,,results/reviewer1_remaining/support_final/planned_contrasts.csv,26
reviewer1_comment8_support_final.support-final-transition-dynamics-shift,replication,False,support-final-transition-dynamics-shift,frozen_embedding_s1_vs_raw_normalized_s1,frozen_embedding_s1,raw_normalized_s1,normalized_return_auc,30,-0.0308229166666666,-0.0094999999999997,-0.136791875,0.0728610416666667,-0.1031892753539399,-0.1182795698924731,14,16,0,0.5762906839412869,1.0,,0.583757072687149,1.0,,results/reviewer1_remaining/support_final/planned_contrasts.csv,27
reviewer1_comment8_support_final.support-final-transition-dynamics-shift,replication,False,support-final-transition-dynamics-shift,gaussian_affinity_executed_vs_exact_count_gate,gaussian_affinity_executed,exact_count_gate,normalized_return_auc,30,0.4245729166666664,0.3965937499999999,0.3340253124999999,0.512246145833333,1.6897880350756125,0.9870967741935484,28,2,0,3.705961103914653e-10,4.076557214306118e-09,,9.313225746154784e-09,1.0244548320770265e-07,,results/reviewer1_remaining/support_final/planned_contrasts.csv,28
reviewer1_comment8_support_final.support-final-transition-dynamics-shift,replication,False,support-final-transition-dynamics-shift,gaussian_density_s3_vs_exact_count_gate,gaussian_density_s3,exact_count_gate,normalized_return_auc,30,-0.0374645833333333,-0.0512812499999999,-0.1197266145833333,0.0356546874999999,-0.1718000751215299,-0.1526881720430107,14,16,0,0.3544839980173335,1.0,,0.4771064817905426,1.0,,results/reviewer1_remaining/support_final/planned_contrasts.csv,29
reviewer1_comment8_support_final.support-final-transition-dynamics-shift,replication,False,support-final-transition-dynamics-shift,gaussian_density_s3_vs_raw_normalized_s1,gaussian_density_s3,raw_normalized_s1,normalized_return_auc,30,-0.4513624999999998,-0.4178749999999999,-0.5642922395833333,-0.3426129687499997,-1.4263053166551023,-0.9827956989247312,1,29,0,1.2915525524411364e-08,1.033242041952909e-07,,1.30385160446167e-08,1.1734664440155029e-07,,results/reviewer1_remaining/support_final/planned_contrasts.csv,30
reviewer1_comment8_support_final.support-final-transition-dynamics-shift,replication,False,support-final-transition-dynamics-shift,mahalanobis_s1_vs_exact_count_gate,mahalanobis_s1,exact_count_gate,normalized_return_auc,30,0.3420479166666666,0.3666875,0.2580084374999999,0.4233071874999998,1.460880743310775,0.9483870967741936,27,3,0,7.980743061582168e-09,7.980743061582169e-08,,1.30385160446167e-07,7.82310962677002e-07,,results/reviewer1_remaining/support_final/planned_contrasts.csv,31
reviewer1_comment8_support_final.support-final-transition-dynamics-shift,replication,False,support-final-transition-dynamics-shift,mahalanobis_s1_vs_raw_normalized_s1,mahalanobis_s1,raw_normalized_s1,normalized_return_auc,30,-0.0718499999999999,-0.109375,-0.1820064062499999,0.0415154166666667,-0.2242704825364282,-0.2989247311827957,10,20,0,0.2291804868454319,0.9167219473817276,,0.1579476743936538,0.6317906975746155,,results/reviewer1_remaining/support_final/planned_contrasts.csv,32
reviewer1_comment8_support_final.support-final-transition-dynamics-shift,replication,False,support-final-transition-dynamics-shift,raw_normalized_s1_vs_dqn,raw_normalized_s1,dqn,normalized_return_auc,30,0.4138979166666665,0.3940312499999998,0.3090998437499997,0.5226917187499996,1.3658324313529668,0.9612903225806452,27,3,0,3.03010096881168e-08,2.121070678168176e-07,,6.146728992462158e-08,4.917383193969727e-07,,results/reviewer1_remaining/support_final/planned_contrasts.csv,33
reviewer1_comment8_support_final.support-final-transition-dynamics-shift,replication,False,support-final-transition-dynamics-shift,raw_normalized_s1_vs_exact_count_gate,raw_normalized_s1,exact_count_gate,normalized_return_auc,30,0.4138979166666665,0.3940312499999998,0.3090998437499997,0.5226917187499996,1.3658324313529668,0.9612903225806452,27,3,0,3.03010096881168e-08,2.121070678168176e-07,,6.146728992462158e-08,4.917383193969727e-07,,results/reviewer1_remaining/support_final/planned_contrasts.csv,34
reviewer1_comment8_support_final.support-final-transition-dynamics-shift,replication,False,support-final-transition-dynamics-shift,raw_normalized_s1_vs_gaussian_affinity_executed,raw_normalized_s1,gaussian_affinity_executed,normalized_return_auc,30,-0.010675,0.0410937499999999,-0.1250019270833333,0.1015462499999998,-0.033344460109959,-0.0064516129032258,16,14,0,0.8563551087689292,1.0,,0.9838335812091829,1.0,,results/reviewer1_remaining/support_final/planned_contrasts.csv,35
reviewer1_comment8_support_final.support-final-transition-dynamics-shift,replication,False,support-final-transition-dynamics-shift,raw_normalized_s1_vs_tabular,raw_normalized_s1,tabular,normalized_return_auc,30,0.1448250000000005,0.1390000000000004,0.0394373437500004,0.2463834895833339,0.4930404499856382,0.5440860215053763,23,7,0,0.011436534249126,0.0571826712456303,,0.0081429798156023,0.0407148990780115,,results/reviewer1_remaining/support_final/planned_contrasts.csv,36
reviewer1_comment8_support_final.support-final-transition-dynamics-shift,replication,False,support-final-transition-dynamics-shift,tolerance_knn_executed_vs_exact_count_gate,tolerance_knn_executed,exact_count_gate,normalized_return_auc,30,0.4538062499999998,0.4375624999999998,0.3765414583333331,0.532771770833333,2.062261904810867,1.0,30,0,0,3.882617507828298e-12,4.6591410093939584e-11,,1.862645149230957e-09,2.2351741790771484e-08,,results/reviewer1_remaining/support_final/planned_contrasts.csv,37
reviewer1_comment9_sensorized_final_eight_rows,replication,False,combined_executed_condition,fuzzy_relative_reliability_vs_feed_forward_dqn,fuzzy_relative_reliability,feed_forward_dqn,normalized_return_auc,30,0.0,0.0,0.0,0.0,0.0,0.0,0,0,30,1.0,1.0,,1.0,1.0,,results/reviewer1_remaining/sensorized_final/planned_contrasts.csv,3
reviewer1_comment9_sensorized_final_eight_rows,replication,False,combined_executed_condition,selected_approximate_support_vs_feed_forward_dqn,selected_approximate_support,feed_forward_dqn,normalized_return_auc,30,0.0162994961850284,-0.0052059952348644,-0.0096766202922406,0.0444847062211743,0.2093517352354352,0.0881720430107526,13,17,0,0.2608926467839703,1.0,,0.685047073289752,1.0,,results/reviewer1_remaining/sensorized_final/planned_contrasts.csv,4
reviewer1_comment9_sensorized_final_eight_rows,replication,False,combined_executed_condition,selected_temporal_drqn_vs_feed_forward_dqn,selected_temporal_drqn,feed_forward_dqn,normalized_return_auc,30,0.0398292114445515,0.0258726255629151,-0.0084703608813615,0.0885398033467989,0.2942839774485141,0.3032258064516129,20,10,0,0.1178241548375166,0.7069449290251001,,0.1518869195133447,0.9113215170800686,,results/reviewer1_remaining/sensorized_final/planned_contrasts.csv,2
reviewer1_comment9_sensorized_final_eight_rows,replication,False,combined_executed_condition,sensorized_controller_vs_feed_forward_dqn,sensorized_controller,feed_forward_dqn,normalized_return_auc,30,0.3851962440680546,0.3644348401161913,0.3431980342877098,0.428944859349311,3.187768710417921,1.0,30,0,0,6.288803645349651e-17,4.4021625517447564e-16,,1.862645149230957e-09,1.4901161193847656e-08,,results/reviewer1_remaining/sensorized_final/planned_contrasts.csv,5
reviewer1_comment9_sensorized_final_eight_rows,replication,False,latency_only,fuzzy_relative_reliability_vs_feed_forward_dqn,fuzzy_relative_reliability,feed_forward_dqn,normalized_return_auc,30,0.0082599731702357,0.0013799375755479,-0.0190856463523367,0.0354695843391633,0.1054822483476437,0.238095238095238,17,10,3,0.5678921482227098,1.0,,0.2796415340373015,1.0,,results/reviewer1_remaining/sensorized_final/planned_contrasts.csv,7
reviewer1_comment9_sensorized_final_eight_rows,replication,False,latency_only,selected_approximate_support_vs_feed_forward_dqn,selected_approximate_support,feed_forward_dqn,normalized_return_auc,30,-0.0019990325604194,0.0008832918424738,-0.0301472661618578,0.0277753136483603,-0.0241625055996829,-0.0494623655913978,16,14,0,0.895626602650397,1.0,,0.8235769439488649,1.0,,results/reviewer1_remaining/sensorized_final/planned_contrasts.csv,8
reviewer1_comment9_sensorized_final_eight_rows,replication,False,latency_only,selected_temporal_drqn_vs_feed_forward_dqn,selected_temporal_drqn,feed_forward_dqn,normalized_return_auc,30,0.0214951687400335,0.0368613745047696,-0.0237136361255487,0.0648445894790355,0.1745941944111456,0.2086021505376344,17,13,0,0.3468293992148969,1.0,,0.3284698575735092,1.0,,results/reviewer1_remaining/sensorized_final/planned_contrasts.csv,6
reviewer1_comment9_sensorized_final_eight_rows,replication,False,latency_only,sensorized_controller_vs_feed_forward_dqn,sensorized_controller,feed_forward_dqn,normalized_return_auc,30,0.3469967284522051,0.3448845232374153,0.311291071719719,0.3834683903748154,3.3609617991944907,1.0,30,0,0,1.5333278865649498e-17,1.2266623092519598e-16,,1.862645149230957e-09,1.4901161193847656e-08,,results/reviewer1_remaining/sensorized_final/planned_contrasts.csv,9
support_abstention_replication.planned,replication,False,FourRooms-11-slip-unseen-goals,count_vs_dqn,count_gated_tau_20,validated_dqn,return_auc,30,0.0066753968253966,0.047035714285714,-0.0514310317460321,0.0641363492063491,0.0402926837657104,0.0580645161290322,17,13,0,0.8268785804126191,1.0,,0.7921590935438871,1.0,,results/support_abstention_replication/planned_contrasts.csv,10
support_abstention_replication.planned,replication,False,FourRooms-11-slip-unseen-goals,count_vs_tabular,count_gated_tau_20,tabular,return_auc,30,-1.6211095238095254,-1.633857142857145,-1.6680437698412711,-1.5743918055555572,-12.061590746547008,-1.0,0,30,0,3.5679463345583876e-33,7.135892669116777e-32,,1.862645149230957e-09,3.725290298461914e-08,,results/support_abstention_replication/planned_contrasts.csv,14
support_abstention_replication.planned,replication,False,FourRooms-11-slip-unseen-goals,support_abstain_vs_count,support_abstain_tau_20,count_gated_tau_20,return_auc,30,1.6254992063492075,1.640785714285716,1.5595311309523825,1.6888107539682555,8.843560721545817,1.0,30,0,0,2.6696824485924346e-29,4.538460162607139e-28,,1.862645149230957e-09,3.725290298461914e-08,,results/support_abstention_replication/planned_contrasts.csv,2
support_abstention_replication.planned,replication,False,FourRooms-11-slip-unseen-goals,support_abstain_vs_dqn,support_abstain_tau_20,validated_dqn,return_auc,30,1.6321746031746047,1.6153214285714297,1.5646734523809536,1.700154662698414,8.398372447294568,1.0,30,0,0,1.1719158203674172e-28,1.640682148514384e-27,,1.862645149230957e-09,3.725290298461914e-08,,results/support_abstention_replication/planned_contrasts.csv,6
support_abstention_replication.planned,replication,False,FourRooms-11-slip-unseen-goals,support_abstain_vs_tabular,support_abstain_tau_20,tabular,return_auc,30,0.0043896825396825,-0.011797619047619,-0.0337921626984125,0.0413137896825395,0.0408833603093539,0.0838709677419354,15,15,0,0.8243839014187931,1.0,,0.7000329215079546,1.0,,results/support_abstention_replication/planned_contrasts.csv,18
support_abstention_replication.planned,replication,False,FourRooms-7-unseen-goals,count_vs_dqn,count_gated_tau_20,validated_dqn,return_auc,30,0.0045814814814814,0.0282777777777777,-0.0265985185185185,0.0350577314814814,0.0521521975345078,0.0408602150537634,17,13,0,0.7771771418942055,1.0,,0.8552717231214046,1.0,,results/support_abstention_replication/planned_contrasts.csv,11
support_abstention_replication.planned,replication,False,FourRooms-7-unseen-goals,count_vs_tabular,count_gated_tau_20,tabular,return_auc,30,-1.1338240740740746,-1.1152777777777785,-1.175507731481482,-1.0919220370370375,-9.444702530318256,-1.0,0,30,0,4.049153537599995e-30,7.69339172143999e-29,,1.862645149230957e-09,3.725290298461914e-08,,results/support_abstention_replication/planned_contrasts.csv,15
support_abstention_replication.planned,replication,False,FourRooms-7-unseen-goals,support_abstain_vs_count,support_abstain_tau_20,count_gated_tau_20,return_auc,30,1.163668518518519,1.1759722222222226,1.117466296296297,1.2112743055555564,8.736242542218994,1.0,30,0,0,3.78784767299897e-29,6.060556276798352e-28,,1.862645149230957e-09,3.725290298461914e-08,,results/support_abstention_replication/planned_contrasts.csv,3
support_abstention_replication.planned,replication,False,FourRooms-7-unseen-goals,support_abstain_vs_dqn,support_abstain_tau_20,validated_dqn,return_auc,30,1.1682500000000002,1.1814166666666672,1.123321666666667,1.2156366203703708,9.061454841371798,1.0,30,0,0,1.328751330041424e-29,2.391752394074563e-28,,1.862645149230957e-09,3.725290298461914e-08,,results/support_abstention_replication/planned_contrasts.csv,7
support_abstention_replication.planned,replication,False,FourRooms-7-unseen-goals,support_abstain_vs_tabular,support_abstain_tau_20,tabular,return_auc,30,0.0298444444444444,0.0049444444444444,0.0032571759259259,0.0578134259259259,0.3834036859061027,0.4064516129032258,20,10,0,0.0445430487292916,0.4008874385636244,,0.0522633474320173,0.4703701268881559,,results/support_abstention_replication/planned_contrasts.csv,19
support_abstention_replication.planned,replication,False,FourRooms-9-slip-unseen-goals,count_vs_dqn,count_gated_tau_20,validated_dqn,return_auc,30,-0.0171466666666666,-0.0138666666666662,-0.0882655833333332,0.0523207777777778,-0.0867006999267036,-0.0709677419354838,14,16,0,0.6384299454919946,1.0,,0.7456546742469072,1.0,,results/support_abstention_replication/planned_contrasts.csv,12
support_abstention_replication.planned,replication,False,FourRooms-9-slip-unseen-goals,count_vs_tabular,count_gated_tau_20,tabular,return_auc,30,-1.2014366666666665,-1.2244833333333327,-1.258662805555555,-1.144172416666666,-7.32875367589084,-1.0,0,30,0,5.740242086313319e-27,6.888290503575983e-26,,1.862645149230957e-09,3.725290298461914e-08,,results/support_abstention_replication/planned_contrasts.csv,16
support_abstention_replication.planned,replication,False,FourRooms-9-slip-unseen-goals,support_abstain_vs_count,support_abstain_tau_20,count_gated_tau_20,return_auc,30,1.1903711111111108,1.2078166666666663,1.1417998611111106,1.2380454444444442,8.633215757753664,1.0,30,0,0,5.320754612183215e-29,7.981131918274824e-28,,1.862645149230957e-09,3.725290298461914e-08,,results/support_abstention_replication/planned_contrasts.csv,4
support_abstention_replication.planned,replication,False,FourRooms-9-slip-unseen-goals,support_abstain_vs_dqn,support_abstain_tau_20,validated_dqn,return_auc,30,1.173224444444444,1.18325,1.1172904166666664,1.2281033055555557,7.3910349630221,1.0,30,0,0,4.5098267005597325e-27,5.862774710727652e-26,,1.862645149230957e-09,3.725290298461914e-08,,results/support_abstention_replication/planned_contrasts.csv,8
support_abstention_replication.planned,replication,False,FourRooms-9-slip-unseen-goals,support_abstain_vs_tabular,support_abstain_tau_20,tabular,return_auc,30,-0.0110655555555555,-0.0084833333333333,-0.04567175,0.0246565833333333,-0.1100385397941958,-0.1483870967741935,14,16,0,0.5513887928152642,1.0,,0.4898460879921913,1.0,,results/support_abstention_replication/planned_contrasts.csv,20
support_abstention_replication.planned,replication,False,MiniGrid-Empty-5x5-replication,count_vs_dqn,count_gated_tau_20,validated_dqn,return_auc,30,0.2499796296296296,0.2109722222222222,0.1974240740740741,0.307642824074074,1.6012554120457645,1.0,29,0,1,1.1854502535855018e-09,1.1854502535855018e-08,,2.484701472863992e-06,2.7331716201503915e-05,,results/support_abstention_replication/planned_contrasts.csv,13
support_abstention_replication.planned,replication,False,MiniGrid-Empty-5x5-replication,count_vs_tabular,count_gated_tau_20,tabular,return_auc,30,-0.0120396296296296,-0.0250277777777778,-0.1049877777777777,0.0776483148148148,-0.0460507173816088,-0.0365591397849462,14,16,0,0.8026422901628221,1.0,,0.8611943539301093,1.0,,results/support_abstention_replication/planned_contrasts.csv,17
support_abstention_replication.planned,replication,False,MiniGrid-Empty-5x5-replication,support_abstain_vs_count,support_abstain_tau_20,count_gated_tau_20,return_auc,30,0.0190703703703703,0.0,-0.0337918981481481,0.0700907407407407,0.12873302439591,0.2424242424242424,7,4,19,0.4863732379824301,1.0,,0.4766886932616416,1.0,,results/support_abstention_replication/planned_contrasts.csv,5
support_abstention_replication.planned,replication,False,MiniGrid-Empty-5x5-replication,support_abstain_vs_dqn,support_abstain_tau_20,validated_dqn,return_auc,30,0.2690499999999999,0.2119722222222222,0.2182625462962963,0.3236744907407408,1.7799472444487123,1.0,29,0,1,1.1706945114449446e-10,1.287763962589439e-09,,2.515132181592318e-06,2.7331716201503915e-05,,results/support_abstention_replication/planned_contrasts.csv,9
support_abstention_replication.planned,replication,False,MiniGrid-Empty-5x5-replication,support_abstain_vs_tabular,support_abstain_tau_20,tabular,return_auc,30,0.0070307407407407,0.0242777777777777,-0.0835628333333333,0.0952910833333333,0.0273446913539885,0.0896551724137931,17,12,1,0.8819804774469953,1.0,,0.6732697408056854,1.0,,results/support_abstention_replication/planned_contrasts.csv,21
